[2026-02-19 09:13:16] [INFO] ========================================
[2026-02-19 09:13:16] [INFO] SYNC SESSION STARTED
[2026-02-19 09:13:16] [INFO] ========================================
[2026-02-19 09:13:16] [INFO] Initializing batch sync
[2026-02-19 09:13:16] [INFO] Fetching JSON from URL | Context: {"url":"https:\/\/mts.ee\/storage\/export\/laptop_products_cleaned.json"}
[2026-02-19 09:13:19] [SUCCESS] JSON fetched successfully | Context: {"products_count":3431}
[2026-02-19 09:13:20] [INFO] Batch sync initialized | Context: {"total_products":3431}
[2026-02-19 09:13:20] [INFO] Created category | Context: {"name":"Laptop 17\" i większe"}
[2026-02-19 09:13:21] [INFO] Downloaded product image | Context: {"product_id":77263,"attachment_id":80494,"filename":"product-image-77263-6996d431345a4.jpg"}
[2026-02-19 09:13:21] [INFO] Downloaded product image | Context: {"product_id":77263,"attachment_id":80495,"filename":"product-image-77263-6996d431a8d20.jpg"}
[2026-02-19 09:13:22] [INFO] Downloaded product image | Context: {"product_id":77263,"attachment_id":80496,"filename":"product-image-77263-6996d432357e0.jpg"}
[2026-02-19 09:13:22] [INFO] Downloaded product image | Context: {"product_id":77263,"attachment_id":80497,"filename":"product-image-77263-6996d432a3a68.jpg"}
[2026-02-19 09:13:22] [INFO] Updated product | Context: {"external_id":1354639,"product_id":77263}
[2026-02-19 09:13:23] [INFO] Downloaded product image | Context: {"product_id":77440,"attachment_id":80498,"filename":"product-image-77440-6996d4332e5b2.jpg"}
[2026-02-19 09:13:23] [INFO] Downloaded product image | Context: {"product_id":77440,"attachment_id":80499,"filename":"product-image-77440-6996d4339f4c8.jpg"}
[2026-02-19 09:13:24] [INFO] Downloaded product image | Context: {"product_id":77440,"attachment_id":80500,"filename":"product-image-77440-6996d4340b5db.jpg"}
[2026-02-19 09:13:24] [INFO] Downloaded product image | Context: {"product_id":77440,"attachment_id":80501,"filename":"product-image-77440-6996d4346cb02.jpg"}
[2026-02-19 09:13:24] [INFO] Updated product | Context: {"external_id":1349467,"product_id":77440}
[2026-02-19 09:13:25] [INFO] Downloaded product image | Context: {"product_id":77261,"attachment_id":80502,"filename":"product-image-77261-6996d43502066.jpg"}
[2026-02-19 09:13:25] [INFO] Downloaded product image | Context: {"product_id":77261,"attachment_id":80503,"filename":"product-image-77261-6996d43578d88.jpg"}
[2026-02-19 09:13:26] [INFO] Downloaded product image | Context: {"product_id":77261,"attachment_id":80504,"filename":"product-image-77261-6996d43603906.jpg"}
[2026-02-19 09:13:26] [INFO] Downloaded product image | Context: {"product_id":77261,"attachment_id":80505,"filename":"product-image-77261-6996d4367f5b0.jpg"}
[2026-02-19 09:13:26] [INFO] Updated product | Context: {"external_id":1368639,"product_id":77261}
[2026-02-19 09:13:27] [INFO] Downloaded product image | Context: {"product_id":77260,"attachment_id":80506,"filename":"product-image-77260-6996d4370c5af.jpg"}
[2026-02-19 09:13:27] [INFO] Downloaded product image | Context: {"product_id":77260,"attachment_id":80507,"filename":"product-image-77260-6996d4378c3ff.jpg"}
[2026-02-19 09:13:28] [INFO] Downloaded product image | Context: {"product_id":77260,"attachment_id":80508,"filename":"product-image-77260-6996d43812621.jpg"}
[2026-02-19 09:13:28] [INFO] Downloaded product image | Context: {"product_id":77260,"attachment_id":80509,"filename":"product-image-77260-6996d4387c108.jpg"}
[2026-02-19 09:13:28] [INFO] Updated product | Context: {"external_id":1366525,"product_id":77260}
[2026-02-19 09:13:29] [INFO] Downloaded product image | Context: {"product_id":77256,"attachment_id":80510,"filename":"product-image-77256-6996d4391b28c.jpg"}
[2026-02-19 09:13:29] [INFO] Downloaded product image | Context: {"product_id":77256,"attachment_id":80511,"filename":"product-image-77256-6996d43980e45.jpg"}
[2026-02-19 09:13:30] [INFO] Downloaded product image | Context: {"product_id":77256,"attachment_id":80512,"filename":"product-image-77256-6996d43a024f2.jpg"}
[2026-02-19 09:13:30] [INFO] Downloaded product image | Context: {"product_id":77256,"attachment_id":80513,"filename":"product-image-77256-6996d43a7915a.jpg"}
[2026-02-19 09:13:30] [INFO] Updated product | Context: {"external_id":1306411,"product_id":77256}
[2026-02-19 09:13:30] [INFO] Updated product | Context: {"external_id":1472989,"product_id":77259}
[2026-02-19 09:13:31] [INFO] Downloaded product image | Context: {"product_id":77271,"attachment_id":80514,"filename":"product-image-77271-6996d43b20b7f.jpg"}
[2026-02-19 09:13:31] [INFO] Downloaded product image | Context: {"product_id":77271,"attachment_id":80515,"filename":"product-image-77271-6996d43b9547b.jpg"}
[2026-02-19 09:13:32] [INFO] Downloaded product image | Context: {"product_id":77271,"attachment_id":80516,"filename":"product-image-77271-6996d43c16477.jpg"}
[2026-02-19 09:13:32] [INFO] Downloaded product image | Context: {"product_id":77271,"attachment_id":80517,"filename":"product-image-77271-6996d43c8b118.jpg"}
[2026-02-19 09:13:32] [INFO] Updated product | Context: {"external_id":1471481,"product_id":77271}
[2026-02-19 09:13:32] [INFO] Updated product | Context: {"external_id":1354643,"product_id":77274}
[2026-02-19 09:13:33] [INFO] Downloaded product image | Context: {"product_id":77305,"attachment_id":80518,"filename":"product-image-77305-6996d43d33bc0.jpg"}
[2026-02-19 09:13:33] [INFO] Downloaded product image | Context: {"product_id":77305,"attachment_id":80519,"filename":"product-image-77305-6996d43dbfe0c.jpg"}
[2026-02-19 09:13:34] [INFO] Downloaded product image | Context: {"product_id":77305,"attachment_id":80520,"filename":"product-image-77305-6996d43e42311.jpg"}
[2026-02-19 09:13:34] [INFO] Downloaded product image | Context: {"product_id":77305,"attachment_id":80521,"filename":"product-image-77305-6996d43ea392a.jpg"}
[2026-02-19 09:13:34] [INFO] Updated product | Context: {"external_id":1349491,"product_id":77305}
[2026-02-19 09:13:35] [INFO] Downloaded product image | Context: {"product_id":77296,"attachment_id":80522,"filename":"product-image-77296-6996d43f46541.jpg"}
[2026-02-19 09:13:35] [INFO] Downloaded product image | Context: {"product_id":77296,"attachment_id":80523,"filename":"product-image-77296-6996d43fb72c3.jpg"}
[2026-02-19 09:13:36] [INFO] Downloaded product image | Context: {"product_id":77296,"attachment_id":80524,"filename":"product-image-77296-6996d4403cf35.jpg"}
[2026-02-19 09:13:36] [INFO] Updated product | Context: {"external_id":1470585,"product_id":77296}
[2026-02-19 09:13:36] [INFO] Updated product | Context: {"external_id":1368643,"product_id":77268}
[2026-02-19 09:13:36] [INFO] Updated product | Context: {"external_id":1306413,"product_id":77262}
[2026-02-19 09:13:36] [INFO] Created product | Context: {"external_id":1472997,"product_id":80525}
[2026-02-19 09:13:37] [INFO] Downloaded product image | Context: {"product_id":77287,"attachment_id":80526,"filename":"product-image-77287-6996d4412547e.jpg"}
[2026-02-19 09:13:37] [INFO] Downloaded product image | Context: {"product_id":77287,"attachment_id":80527,"filename":"product-image-77287-6996d44184d4c.jpg"}
[2026-02-19 09:13:38] [INFO] Downloaded product image | Context: {"product_id":77287,"attachment_id":80528,"filename":"product-image-77287-6996d441f420e.jpg"}
[2026-02-19 09:13:38] [INFO] Downloaded product image | Context: {"product_id":77287,"attachment_id":80529,"filename":"product-image-77287-6996d4426f468.jpg"}
[2026-02-19 09:13:38] [INFO] Updated product | Context: {"external_id":1292670,"product_id":77287}
[2026-02-19 09:13:38] [INFO] Updated product | Context: {"external_id":1292496,"product_id":77278}
[2026-02-19 09:13:39] [INFO] Downloaded product image | Context: {"product_id":77293,"attachment_id":80530,"filename":"product-image-77293-6996d4432b14e.jpg"}
[2026-02-19 09:13:39] [INFO] Downloaded product image | Context: {"product_id":77293,"attachment_id":80531,"filename":"product-image-77293-6996d443a4ca3.jpg"}
[2026-02-19 09:13:40] [INFO] Downloaded product image | Context: {"product_id":77293,"attachment_id":80532,"filename":"product-image-77293-6996d444200b3.jpg"}
[2026-02-19 09:13:40] [INFO] Updated product | Context: {"external_id":1472805,"product_id":77293}
[2026-02-19 09:13:40] [INFO] Updated product | Context: {"external_id":1471484,"product_id":77265}
[2026-02-19 09:13:41] [INFO] Downloaded product image | Context: {"product_id":77266,"attachment_id":80533,"filename":"product-image-77266-6996d444d514d.jpg"}
[2026-02-19 09:13:41] [INFO] Downloaded product image | Context: {"product_id":77266,"attachment_id":80534,"filename":"product-image-77266-6996d44550f6e.jpg"}
[2026-02-19 09:13:41] [INFO] Downloaded product image | Context: {"product_id":77266,"attachment_id":80535,"filename":"product-image-77266-6996d445c78ed.jpg"}
[2026-02-19 09:13:42] [INFO] Downloaded product image | Context: {"product_id":77266,"attachment_id":80536,"filename":"product-image-77266-6996d4463cb5d.jpg"}
[2026-02-19 09:13:42] [INFO] Updated product | Context: {"external_id":1454642,"product_id":77266}
[2026-02-19 09:13:42] [INFO] Updated product | Context: {"external_id":1417465,"product_id":77267}
[2026-02-19 09:13:42] [INFO] Updated product | Context: {"external_id":1368641,"product_id":77332}
[2026-02-19 09:13:43] [INFO] Downloaded product image | Context: {"product_id":77258,"attachment_id":80537,"filename":"product-image-77258-6996d44703875.jpg"}
[2026-02-19 09:13:43] [INFO] Downloaded product image | Context: {"product_id":77258,"attachment_id":80538,"filename":"product-image-77258-6996d447680ba.jpg"}
[2026-02-19 09:13:44] [INFO] Downloaded product image | Context: {"product_id":77258,"attachment_id":80539,"filename":"product-image-77258-6996d447de63d.jpg"}
[2026-02-19 09:13:44] [INFO] Updated product | Context: {"external_id":1366557,"product_id":77258}
[2026-02-19 09:13:44] [INFO] Updated product | Context: {"external_id":1354640,"product_id":77344}
[2026-02-19 09:13:44] [INFO] Downloaded product image | Context: {"product_id":77276,"attachment_id":80540,"filename":"product-image-77276-6996d4487d954.jpg"}
[2026-02-19 09:13:45] [INFO] Downloaded product image | Context: {"product_id":77276,"attachment_id":80541,"filename":"product-image-77276-6996d448edac4.jpg"}
[2026-02-19 09:13:45] [INFO] Downloaded product image | Context: {"product_id":77276,"attachment_id":80542,"filename":"product-image-77276-6996d44974206.jpg"}
[2026-02-19 09:13:46] [INFO] Downloaded product image | Context: {"product_id":77276,"attachment_id":80543,"filename":"product-image-77276-6996d449df2c7.jpg"}
[2026-02-19 09:13:46] [INFO] Updated product | Context: {"external_id":1329521,"product_id":77276}
[2026-02-19 09:13:46] [INFO] Updated product | Context: {"external_id":1292497,"product_id":77288}
[2026-02-19 09:13:46] [INFO] Updated product | Context: {"external_id":1269464,"product_id":77289}
[2026-02-19 09:13:46] [INFO] Downloaded product image | Context: {"product_id":77317,"attachment_id":80544,"filename":"product-image-77317-6996d44aa9dc0.jpg"}
[2026-02-19 09:13:47] [INFO] Downloaded product image | Context: {"product_id":77317,"attachment_id":80545,"filename":"product-image-77317-6996d44b1c920.jpg"}
[2026-02-19 09:13:47] [INFO] Downloaded product image | Context: {"product_id":77317,"attachment_id":80546,"filename":"product-image-77317-6996d44b8738c.jpg"}
[2026-02-19 09:13:47] [INFO] Updated product | Context: {"external_id":1472198,"product_id":77317}
[2026-02-19 09:13:47] [INFO] Updated product | Context: {"external_id":1472134,"product_id":77318}
[2026-02-19 09:13:47] [INFO] Updated product | Context: {"external_id":1472105,"product_id":77379}
[2026-02-19 09:13:48] [INFO] Downloaded product image | Context: {"product_id":77324,"attachment_id":80547,"filename":"product-image-77324-6996d44c604b3.jpg"}
[2026-02-19 09:13:48] [INFO] Updated product | Context: {"external_id":1455497,"product_id":77324}
[2026-02-19 09:13:48] [INFO] Updated product | Context: {"external_id":1454646,"product_id":77575}
[2026-02-19 09:13:48] [INFO] Updated product | Context: {"external_id":1368635,"product_id":77604}
[2026-02-19 09:13:48] [INFO] Updated product | Context: {"external_id":1366533,"product_id":77299}
[2026-02-19 09:13:48] [INFO] Updated product | Context: {"external_id":1366530,"product_id":77282}
[2026-02-19 09:13:49] [INFO] Downloaded product image | Context: {"product_id":77404,"attachment_id":80548,"filename":"product-image-77404-6996d44d6d35f.jpg"}
[2026-02-19 09:13:50] [INFO] Downloaded product image | Context: {"product_id":77404,"attachment_id":80549,"filename":"product-image-77404-6996d44dea852.jpg"}
[2026-02-19 09:13:50] [INFO] Downloaded product image | Context: {"product_id":77404,"attachment_id":80550,"filename":"product-image-77404-6996d44e6b367.jpg"}
[2026-02-19 09:13:51] [INFO] Downloaded product image | Context: {"product_id":77404,"attachment_id":80551,"filename":"product-image-77404-6996d44eda21c.jpg"}
[2026-02-19 09:13:51] [INFO] Updated product | Context: {"external_id":1365704,"product_id":77404}
[2026-02-19 09:13:51] [INFO] Updated product | Context: {"external_id":1349492,"product_id":77270}
[2026-02-19 09:13:51] [INFO] Downloaded product image | Context: {"product_id":77308,"attachment_id":80552,"filename":"product-image-77308-6996d44f8754a.jpg"}
[2026-02-19 09:13:52] [INFO] Downloaded product image | Context: {"product_id":77308,"attachment_id":80553,"filename":"product-image-77308-6996d44fe7ee0.jpg"}
[2026-02-19 09:13:52] [INFO] Updated product | Context: {"external_id":1343045,"product_id":77308}
[2026-02-19 09:13:52] [INFO] Downloaded product image | Context: {"product_id":77455,"attachment_id":80554,"filename":"product-image-77455-6996d4506a548.jpg"}
[2026-02-19 09:13:53] [INFO] Downloaded product image | Context: {"product_id":77455,"attachment_id":80555,"filename":"product-image-77455-6996d450e9b8c.jpg"}
[2026-02-19 09:13:53] [INFO] Downloaded product image | Context: {"product_id":77455,"attachment_id":80556,"filename":"product-image-77455-6996d451697b9.jpg"}
[2026-02-19 09:13:53] [INFO] Updated product | Context: {"external_id":1338729,"product_id":77455}
[2026-02-19 09:13:54] [INFO] Downloaded product image | Context: {"product_id":77272,"attachment_id":80557,"filename":"product-image-77272-6996d451de741.jpg"}
[2026-02-19 09:13:54] [INFO] Updated product | Context: {"external_id":1335850,"product_id":77272}
[2026-02-19 09:13:54] [INFO] Updated product | Context: {"external_id":1329518,"product_id":77277}
[2026-02-19 09:13:54] [INFO] Updated product | Context: {"external_id":1306412,"product_id":77264}
[2026-02-19 09:13:54] [INFO] Updated product | Context: {"external_id":1479500,"product_id":77290}
[2026-02-19 09:13:54] [INFO] Updated product | Context: {"external_id":1473054,"product_id":77279}
[2026-02-19 09:13:54] [INFO] Created product | Context: {"external_id":1473003,"product_id":80558}
[2026-02-19 09:13:54] [INFO] Updated product | Context: {"external_id":1471633,"product_id":77295}
[2026-02-19 09:13:54] [INFO] Updated product | Context: {"external_id":1471483,"product_id":77321}
[2026-02-19 09:13:54] [INFO] Updated product | Context: {"external_id":1470581,"product_id":77323}
[2026-02-19 09:13:55] [INFO] Updated product | Context: {"external_id":1454645,"product_id":77325}
[2026-02-19 09:13:55] [INFO] Updated product | Context: {"external_id":1418095,"product_id":77273}
[2026-02-19 09:13:55] [INFO] Updated product | Context: {"external_id":1368657,"product_id":77394}
[2026-02-19 09:13:55] [INFO] Updated product | Context: {"external_id":1366528,"product_id":77335}
[2026-02-19 09:13:55] [INFO] Batch processed | Context: {"offset":50,"total":3431}
[2026-02-19 09:13:57] [INFO] Updated product | Context: {"external_id":1365708,"product_id":77269}
[2026-02-19 09:13:57] [INFO] Updated product | Context: {"external_id":1358720,"product_id":77337}
[2026-02-19 09:13:57] [INFO] Updated product | Context: {"external_id":1354644,"product_id":77343}
[2026-02-19 09:13:57] [INFO] Updated product | Context: {"external_id":1354170,"product_id":77304}
[2026-02-19 09:13:57] [INFO] Updated product | Context: {"external_id":1354166,"product_id":77426}
[2026-02-19 09:13:57] [INFO] Updated product | Context: {"external_id":1354160,"product_id":77345}
[2026-02-19 09:13:57] [INFO] Updated product | Context: {"external_id":1354128,"product_id":77347}
[2026-02-19 09:13:57] [INFO] Updated product | Context: {"external_id":1347857,"product_id":77285}
[2026-02-19 09:13:57] [INFO] Updated product | Context: {"external_id":1338726,"product_id":77275}
[2026-02-19 09:13:58] [INFO] Updated product | Context: {"external_id":1338721,"product_id":77286}
[2026-02-19 09:13:58] [INFO] Updated product | Context: {"external_id":1329519,"product_id":77456}
[2026-02-19 09:13:58] [INFO] Updated product | Context: {"external_id":1479658,"product_id":77471}
[2026-02-19 09:13:58] [INFO] Updated product | Context: {"external_id":1476343,"product_id":77357}
[2026-02-19 09:13:58] [INFO] Updated product | Context: {"external_id":1476208,"product_id":77311}
[2026-02-19 09:13:58] [INFO] Created product | Context: {"external_id":1472996,"product_id":80559}
[2026-02-19 09:13:58] [INFO] Updated product | Context: {"external_id":1472799,"product_id":77314}
[2026-02-19 09:13:58] [INFO] Updated product | Context: {"external_id":1472793,"product_id":77294}
[2026-02-19 09:13:58] [INFO] Updated product | Context: {"external_id":1472199,"product_id":77372}
[2026-02-19 09:13:58] [INFO] Updated product | Context: {"external_id":1471634,"product_id":77320}
[2026-02-19 09:13:59] [INFO] Updated product | Context: {"external_id":1470587,"product_id":77380}
[2026-02-19 09:13:59] [INFO] Updated product | Context: {"external_id":1454643,"product_id":77383}
[2026-02-19 09:13:59] [INFO] Updated product | Context: {"external_id":1418088,"product_id":77386}
[2026-02-19 09:13:59] [INFO] Updated product | Context: {"external_id":1368656,"product_id":77328}
[2026-02-19 09:13:59] [INFO] Updated product | Context: {"external_id":1368642,"product_id":77298}
[2026-02-19 09:14:00] [INFO] Downloaded product image | Context: {"product_id":77399,"attachment_id":80560,"filename":"product-image-77399-6996d457d6344.jpg"}
[2026-02-19 09:14:00] [INFO] Downloaded product image | Context: {"product_id":77399,"attachment_id":80561,"filename":"product-image-77399-6996d458548d3.jpg"}
[2026-02-19 09:14:00] [INFO] Downloaded product image | Context: {"product_id":77399,"attachment_id":80562,"filename":"product-image-77399-6996d458c458a.jpg"}
[2026-02-19 09:14:00] [INFO] Updated product | Context: {"external_id":1366651,"product_id":77399}
[2026-02-19 09:14:01] [INFO] Updated product | Context: {"external_id":1366531,"product_id":77334}
[2026-02-19 09:14:01] [INFO] Updated product | Context: {"external_id":1366526,"product_id":77401}
[2026-02-19 09:14:01] [INFO] Updated product | Context: {"external_id":1365709,"product_id":77283}
[2026-02-19 09:14:01] [INFO] Downloaded product image | Context: {"product_id":80563,"attachment_id":80564,"filename":"product-image-80563-6996d459b7d6d.jpg"}
[2026-02-19 09:14:02] [INFO] Downloaded product image | Context: {"product_id":80563,"attachment_id":80565,"filename":"product-image-80563-6996d45a341fa.jpg"}
[2026-02-19 09:14:02] [INFO] Downloaded product image | Context: {"product_id":80563,"attachment_id":80566,"filename":"product-image-80563-6996d45ab0d56.jpg"}
[2026-02-19 09:14:02] [INFO] Created product | Context: {"external_id":1364995,"product_id":80563}
[2026-02-19 09:14:02] [INFO] Updated product | Context: {"external_id":1358736,"product_id":77646}
[2026-02-19 09:14:03] [INFO] Updated product | Context: {"external_id":1358729,"product_id":77336}
[2026-02-19 09:14:03] [INFO] Updated product | Context: {"external_id":1358725,"product_id":77654}
[2026-02-19 09:14:03] [INFO] Updated product | Context: {"external_id":1358724,"product_id":77300}
[2026-02-19 09:14:03] [INFO] Created product | Context: {"external_id":1356196,"product_id":80567}
[2026-02-19 09:14:03] [INFO] Updated product | Context: {"external_id":1356012,"product_id":77340}
[2026-02-19 09:14:04] [INFO] Downloaded product image | Context: {"product_id":77302,"attachment_id":80568,"filename":"product-image-77302-6996d45c04c6c.jpg"}
[2026-02-19 09:14:04] [INFO] Updated product | Context: {"external_id":1356000,"product_id":77302}
[2026-02-19 09:14:04] [INFO] Updated product | Context: {"external_id":1354646,"product_id":77342}
[2026-02-19 09:14:04] [INFO] Updated product | Context: {"external_id":1354645,"product_id":77421}
[2026-02-19 09:14:04] [INFO] Updated product | Context: {"external_id":1354642,"product_id":77422}
[2026-02-19 09:14:04] [INFO] Updated product | Context: {"external_id":1354161,"product_id":77683}
[2026-02-19 09:14:04] [INFO] Updated product | Context: {"external_id":1354152,"product_id":77691}
[2026-02-19 09:14:05] [INFO] Downloaded product image | Context: {"product_id":77435,"attachment_id":80569,"filename":"product-image-77435-6996d45d391e2.jpg"}
[2026-02-19 09:14:05] [INFO] Downloaded product image | Context: {"product_id":77435,"attachment_id":80570,"filename":"product-image-77435-6996d45dbb30e.jpg"}
[2026-02-19 09:14:06] [INFO] Downloaded product image | Context: {"product_id":77435,"attachment_id":80571,"filename":"product-image-77435-6996d45e339a9.jpg"}
[2026-02-19 09:14:06] [INFO] Downloaded product image | Context: {"product_id":77435,"attachment_id":80572,"filename":"product-image-77435-6996d45e9ea69.jpg"}
[2026-02-19 09:14:06] [INFO] Updated product | Context: {"external_id":1353874,"product_id":77435}
[2026-02-19 09:14:07] [INFO] Downloaded product image | Context: {"product_id":77438,"attachment_id":80573,"filename":"product-image-77438-6996d45f3aa20.jpg"}
[2026-02-19 09:14:07] [INFO] Downloaded product image | Context: {"product_id":77438,"attachment_id":80574,"filename":"product-image-77438-6996d45fada4e.jpg"}
[2026-02-19 09:14:08] [INFO] Downloaded product image | Context: {"product_id":77438,"attachment_id":80575,"filename":"product-image-77438-6996d46028fa4.jpg"}
[2026-02-19 09:14:08] [INFO] Downloaded product image | Context: {"product_id":77438,"attachment_id":80576,"filename":"product-image-77438-6996d4608a7b9.jpg"}
[2026-02-19 09:14:08] [INFO] Updated product | Context: {"external_id":1349484,"product_id":77438}
[2026-02-19 09:14:08] [INFO] Updated product | Context: {"external_id":1347854,"product_id":77350}
[2026-02-19 09:14:08] [INFO] Updated product | Context: {"external_id":1343047,"product_id":77445}
[2026-02-19 09:14:09] [INFO] Updated product | Context: {"external_id":1340447,"product_id":77309}
[2026-02-19 09:14:09] [INFO] Updated product | Context: {"external_id":1340443,"product_id":77452}
[2026-02-19 09:14:09] [INFO] Updated product | Context: {"external_id":1479654,"product_id":77354}
[2026-02-19 09:14:09] [INFO] Updated product | Context: {"external_id":1479652,"product_id":77476}
[2026-02-19 09:14:09] [INFO] Updated product | Context: {"external_id":1479515,"product_id":77480}
[2026-02-19 09:14:09] [INFO] Batch processed | Context: {"offset":100,"total":3431}
[2026-02-19 09:14:10] [INFO] Updated product | Context: {"external_id":1476368,"product_id":77356}
[2026-02-19 09:14:10] [INFO] Updated product | Context: {"external_id":1476342,"product_id":77492}
[2026-02-19 09:14:10] [INFO] Updated product | Context: {"external_id":1476213,"product_id":77358}
[2026-02-19 09:14:10] [INFO] Updated product | Context: {"external_id":1476212,"product_id":77502}
[2026-02-19 09:14:10] [INFO] Updated product | Context: {"external_id":1476207,"product_id":77359}
[2026-02-19 09:14:10] [INFO] Updated product | Context: {"external_id":1476205,"product_id":77360}
[2026-02-19 09:14:10] [INFO] Updated product | Context: {"external_id":1476202,"product_id":77362}
[2026-02-19 09:14:11] [INFO] Updated product | Context: {"external_id":1476085,"product_id":77514}
[2026-02-19 09:14:11] [INFO] Updated product | Context: {"external_id":1476077,"product_id":77517}
[2026-02-19 09:14:11] [INFO] Updated product | Context: {"external_id":1476076,"product_id":77364}
[2026-02-19 09:14:11] [INFO] Downloaded product image | Context: {"product_id":77523,"attachment_id":80577,"filename":"product-image-77523-6996d463b9ec8.jpg"}
[2026-02-19 09:14:12] [INFO] Downloaded product image | Context: {"product_id":77523,"attachment_id":80578,"filename":"product-image-77523-6996d4643e325.jpg"}
[2026-02-19 09:14:12] [INFO] Downloaded product image | Context: {"product_id":77523,"attachment_id":80579,"filename":"product-image-77523-6996d464c3aa6.jpg"}
[2026-02-19 09:14:13] [INFO] Downloaded product image | Context: {"product_id":77523,"attachment_id":80580,"filename":"product-image-77523-6996d4654ce35.jpg"}
[2026-02-19 09:14:13] [INFO] Updated product | Context: {"external_id":1473693,"product_id":77523}
[2026-02-19 09:14:13] [INFO] Updated product | Context: {"external_id":1473690,"product_id":77366}
[2026-02-19 09:14:13] [INFO] Updated product | Context: {"external_id":1473687,"product_id":77367}
[2026-02-19 09:14:13] [INFO] Updated product | Context: {"external_id":1473056,"product_id":77368}
[2026-02-19 09:14:13] [INFO] Updated product | Context: {"external_id":1473053,"product_id":77369}
[2026-02-19 09:14:14] [INFO] Updated product | Context: {"external_id":1473049,"product_id":77312}
[2026-02-19 09:14:14] [INFO] Created product | Context: {"external_id":1472999,"product_id":80581}
[2026-02-19 09:14:14] [INFO] Created product | Context: {"external_id":1472998,"product_id":80582}
[2026-02-19 09:14:14] [INFO] Updated product | Context: {"external_id":1472995,"product_id":77291}
[2026-02-19 09:14:14] [INFO] Updated product | Context: {"external_id":1472988,"product_id":77292}
[2026-02-19 09:14:14] [INFO] Updated product | Context: {"external_id":1472784,"product_id":77315}
[2026-02-19 09:14:14] [INFO] Updated product | Context: {"external_id":1472131,"product_id":77554}
[2026-02-19 09:14:15] [INFO] Updated product | Context: {"external_id":1472120,"product_id":77319}
[2026-02-19 09:14:15] [INFO] Updated product | Context: {"external_id":1472117,"product_id":77375}
[2026-02-19 09:14:15] [INFO] Updated product | Context: {"external_id":1472109,"product_id":77376}
[2026-02-19 09:14:15] [INFO] Updated product | Context: {"external_id":1472107,"product_id":77378}
[2026-02-19 09:14:15] [INFO] Updated product | Context: {"external_id":1471482,"product_id":77322}
[2026-02-19 09:14:15] [INFO] Updated product | Context: {"external_id":1470584,"product_id":77381}
[2026-02-19 09:14:15] [INFO] Updated product | Context: {"external_id":1470579,"product_id":77382}
[2026-02-19 09:14:15] [INFO] Updated product | Context: {"external_id":1454644,"product_id":77576}
[2026-02-19 09:14:15] [INFO] Updated product | Context: {"external_id":1418093,"product_id":77384}
[2026-02-19 09:14:15] [INFO] Updated product | Context: {"external_id":1418092,"product_id":77385}
[2026-02-19 09:14:16] [INFO] Updated product | Context: {"external_id":1418090,"product_id":77326}
[2026-02-19 09:14:16] [INFO] Updated product | Context: {"external_id":1418086,"product_id":77388}
[2026-02-19 09:14:16] [INFO] Updated product | Context: {"external_id":1417466,"product_id":77327}
[2026-02-19 09:14:16] [INFO] Downloaded product image | Context: {"product_id":80583,"attachment_id":80584,"filename":"product-image-80583-6996d468b8da5.jpg"}
[2026-02-19 09:14:17] [INFO] Downloaded product image | Context: {"product_id":80583,"attachment_id":80585,"filename":"product-image-80583-6996d46939511.jpg"}
[2026-02-19 09:14:17] [INFO] Downloaded product image | Context: {"product_id":80583,"attachment_id":80586,"filename":"product-image-80583-6996d469ad15d.jpg"}
[2026-02-19 09:14:18] [INFO] Downloaded product image | Context: {"product_id":80583,"attachment_id":80587,"filename":"product-image-80583-6996d46a39cda.jpg"}
[2026-02-19 09:14:18] [INFO] Downloaded product image | Context: {"product_id":80583,"attachment_id":80588,"filename":"product-image-80583-6996d46aae4e8.jpg"}
[2026-02-19 09:14:18] [INFO] Created product | Context: {"external_id":1416691,"product_id":80583}
[2026-02-19 09:14:18] [INFO] Updated product | Context: {"external_id":1368677,"product_id":77390}
[2026-02-19 09:14:19] [INFO] Updated product | Context: {"external_id":1368674,"product_id":77391}
[2026-02-19 09:14:19] [INFO] Updated product | Context: {"external_id":1368671,"product_id":77392}
[2026-02-19 09:14:19] [INFO] Updated product | Context: {"external_id":1368670,"product_id":77393}
[2026-02-19 09:14:19] [INFO] Updated product | Context: {"external_id":1368669,"product_id":77280}
[2026-02-19 09:14:19] [INFO] Updated product | Context: {"external_id":1368654,"product_id":77329}
[2026-02-19 09:14:19] [INFO] Updated product | Context: {"external_id":1368650,"product_id":77297}
[2026-02-19 09:14:19] [INFO] Updated product | Context: {"external_id":1368647,"product_id":77395}
[2026-02-19 09:14:19] [INFO] Updated product | Context: {"external_id":1368644,"product_id":77331}
[2026-02-19 09:14:19] [INFO] Updated product | Context: {"external_id":1368640,"product_id":77333}
[2026-02-19 09:14:19] [INFO] Updated product | Context: {"external_id":1366656,"product_id":77397}
[2026-02-19 09:14:20] [INFO] Updated product | Context: {"external_id":1366654,"product_id":77398}
[2026-02-19 09:14:20] [INFO] Updated product | Context: {"external_id":1366532,"product_id":77400}
[2026-02-19 09:14:20] [INFO] Updated product | Context: {"external_id":1366529,"product_id":77615}
[2026-02-19 09:14:20] [INFO] Batch processed | Context: {"offset":150,"total":3431}
[2026-02-19 09:14:21] [INFO] Updated product | Context: {"external_id":1365711,"product_id":77403}
[2026-02-19 09:14:21] [INFO] Created product | Context: {"external_id":1364989,"product_id":80589}
[2026-02-19 09:14:22] [INFO] Downloaded product image | Context: {"product_id":77621,"attachment_id":80590,"filename":"product-image-77621-6996d46dd1a90.jpg"}
[2026-02-19 09:14:22] [INFO] Downloaded product image | Context: {"product_id":77621,"attachment_id":80591,"filename":"product-image-77621-6996d46e5ce8a.jpg"}
[2026-02-19 09:14:23] [INFO] Downloaded product image | Context: {"product_id":77621,"attachment_id":80592,"filename":"product-image-77621-6996d46eded29.jpg"}
[2026-02-19 09:14:23] [INFO] Downloaded product image | Context: {"product_id":77621,"attachment_id":80593,"filename":"product-image-77621-6996d46f55792.jpg"}
[2026-02-19 09:14:23] [INFO] Updated product | Context: {"external_id":1364964,"product_id":77621}
[2026-02-19 09:14:23] [INFO] Updated product | Context: {"external_id":1364963,"product_id":77405}
[2026-02-19 09:14:23] [INFO] Updated product | Context: {"external_id":1364958,"product_id":77408}
[2026-02-19 09:14:24] [INFO] Downloaded product image | Context: {"product_id":77410,"attachment_id":80594,"filename":"product-image-77410-6996d4702a401.jpg"}
[2026-02-19 09:14:24] [INFO] Downloaded product image | Context: {"product_id":77410,"attachment_id":80595,"filename":"product-image-77410-6996d47090923.jpg"}
[2026-02-19 09:14:25] [INFO] Downloaded product image | Context: {"product_id":77410,"attachment_id":80596,"filename":"product-image-77410-6996d4710ba71.jpg"}
[2026-02-19 09:14:25] [INFO] Downloaded product image | Context: {"product_id":77410,"attachment_id":80597,"filename":"product-image-77410-6996d47168e2a.jpg"}
[2026-02-19 09:14:25] [INFO] Updated product | Context: {"external_id":1364945,"product_id":77410}
[2026-02-19 09:14:25] [INFO] Created product | Context: {"external_id":1358749,"product_id":80598}
[2026-02-19 09:14:25] [INFO] Updated product | Context: {"external_id":1358741,"product_id":77642}
[2026-02-19 09:14:26] [INFO] Updated product | Context: {"external_id":1358738,"product_id":77645}
[2026-02-19 09:14:26] [INFO] Updated product | Context: {"external_id":1358737,"product_id":77412}
[2026-02-19 09:14:26] [INFO] Updated product | Context: {"external_id":1358731,"product_id":77414}
[2026-02-19 09:14:26] [INFO] Updated product | Context: {"external_id":1358722,"product_id":77415}
[2026-02-19 09:14:26] [INFO] Updated product | Context: {"external_id":1358721,"product_id":77416}
[2026-02-19 09:14:27] [INFO] Downloaded product image | Context: {"product_id":77417,"attachment_id":80599,"filename":"product-image-77417-6996d472dbc91.jpg"}
[2026-02-19 09:14:27] [INFO] Downloaded product image | Context: {"product_id":77417,"attachment_id":80600,"filename":"product-image-77417-6996d47361039.jpg"}
[2026-02-19 09:14:28] [INFO] Downloaded product image | Context: {"product_id":77417,"attachment_id":80601,"filename":"product-image-77417-6996d473d3c6e.jpg"}
[2026-02-19 09:14:28] [INFO] Downloaded product image | Context: {"product_id":77417,"attachment_id":80602,"filename":"product-image-77417-6996d4745b113.jpg"}
[2026-02-19 09:14:28] [INFO] Updated product | Context: {"external_id":1357591,"product_id":77417}
[2026-02-19 09:14:28] [INFO] Updated product | Context: {"external_id":1356016,"product_id":77338}
[2026-02-19 09:14:28] [INFO] Updated product | Context: {"external_id":1356001,"product_id":77420}
[2026-02-19 09:14:28] [INFO] Created product | Context: {"external_id":1355993,"product_id":80603}
[2026-02-19 09:14:29] [INFO] Updated product | Context: {"external_id":1354641,"product_id":77423}
[2026-02-19 09:14:29] [INFO] Updated product | Context: {"external_id":1354173,"product_id":77424}
[2026-02-19 09:14:29] [INFO] Updated product | Context: {"external_id":1354171,"product_id":77678}
[2026-02-19 09:14:29] [INFO] Updated product | Context: {"external_id":1354169,"product_id":77679}
[2026-02-19 09:14:29] [INFO] Updated product | Context: {"external_id":1354168,"product_id":77680}
[2026-02-19 09:14:29] [INFO] Updated product | Context: {"external_id":1354167,"product_id":77425}
[2026-02-19 09:14:29] [INFO] Updated product | Context: {"external_id":1354162,"product_id":77428}
[2026-02-19 09:14:29] [INFO] Updated product | Context: {"external_id":1354154,"product_id":77689}
[2026-02-19 09:14:29] [INFO] Updated product | Context: {"external_id":1354150,"product_id":77693}
[2026-02-19 09:14:30] [INFO] Updated product | Context: {"external_id":1354149,"product_id":77694}
[2026-02-19 09:14:30] [INFO] Updated product | Context: {"external_id":1354131,"product_id":77430}
[2026-02-19 09:14:30] [INFO] Updated product | Context: {"external_id":1354129,"product_id":77431}
[2026-02-19 09:14:30] [INFO] Updated product | Context: {"external_id":1353880,"product_id":77433}
[2026-02-19 09:14:30] [INFO] Updated product | Context: {"external_id":1353879,"product_id":77710}
[2026-02-19 09:14:30] [INFO] Updated product | Context: {"external_id":1353875,"product_id":77434}
[2026-02-19 09:14:30] [INFO] Updated product | Context: {"external_id":1353872,"product_id":77715}
[2026-02-19 09:14:30] [INFO] Updated product | Context: {"external_id":1353870,"product_id":77348}
[2026-02-19 09:14:30] [INFO] Updated product | Context: {"external_id":1353850,"product_id":77720}
[2026-02-19 09:14:31] [INFO] Updated product | Context: {"external_id":1349489,"product_id":77723}
[2026-02-19 09:14:31] [INFO] Updated product | Context: {"external_id":1349488,"product_id":77437}
[2026-02-19 09:14:31] [INFO] Updated product | Context: {"external_id":1349487,"product_id":77724}
[2026-02-19 09:14:31] [INFO] Updated product | Context: {"external_id":1349483,"product_id":77727}
[2026-02-19 09:14:31] [INFO] Updated product | Context: {"external_id":1349482,"product_id":77439}
[2026-02-19 09:14:31] [INFO] Updated product | Context: {"external_id":1349468,"product_id":77741}
[2026-02-19 09:14:31] [INFO] Updated product | Context: {"external_id":1347856,"product_id":77349}
[2026-02-19 09:14:31] [INFO] Updated product | Context: {"external_id":1343054,"product_id":77441}
[2026-02-19 09:14:31] [INFO] Updated product | Context: {"external_id":1343053,"product_id":77442}
[2026-02-19 09:14:32] [INFO] Updated product | Context: {"external_id":1343051,"product_id":77443}
[2026-02-19 09:14:32] [INFO] Updated product | Context: {"external_id":1343050,"product_id":77307}
[2026-02-19 09:14:32] [INFO] Updated product | Context: {"external_id":1342960,"product_id":77447}
[2026-02-19 09:14:32] [INFO] Updated product | Context: {"external_id":1342956,"product_id":77750}
[2026-02-19 09:14:32] [INFO] Updated product | Context: {"external_id":1342955,"product_id":77448}
[2026-02-19 09:14:32] [INFO] Updated product | Context: {"external_id":1341694,"product_id":77449}
[2026-02-19 09:14:32] [INFO] Batch processed | Context: {"offset":200,"total":3431}
[2026-02-19 09:14:34] [INFO] Updated product | Context: {"external_id":1340444,"product_id":77451}
[2026-02-19 09:14:35] [INFO] Downloaded product image | Context: {"product_id":77453,"attachment_id":80604,"filename":"product-image-77453-6996d47af1b2e.jpg"}
[2026-02-19 09:14:35] [INFO] Downloaded product image | Context: {"product_id":77453,"attachment_id":80605,"filename":"product-image-77453-6996d47b87001.jpg"}
[2026-02-19 09:14:36] [INFO] Downloaded product image | Context: {"product_id":77453,"attachment_id":80606,"filename":"product-image-77453-6996d47c0862c.jpg"}
[2026-02-19 09:14:36] [INFO] Downloaded product image | Context: {"product_id":77453,"attachment_id":80607,"filename":"product-image-77453-6996d47c7e2b8.jpg"}
[2026-02-19 09:14:36] [INFO] Updated product | Context: {"external_id":1339306,"product_id":77453}
[2026-02-19 09:14:36] [INFO] Updated product | Context: {"external_id":1339304,"product_id":77756}
[2026-02-19 09:14:36] [INFO] Updated product | Context: {"external_id":1339303,"product_id":77757}
[2026-02-19 09:14:37] [INFO] Downloaded product image | Context: {"product_id":77767,"attachment_id":80608,"filename":"product-image-77767-6996d47d52094.jpg"}
[2026-02-19 09:14:37] [INFO] Downloaded product image | Context: {"product_id":77767,"attachment_id":80609,"filename":"product-image-77767-6996d47dc0c3d.jpg"}
[2026-02-19 09:14:38] [INFO] Downloaded product image | Context: {"product_id":77767,"attachment_id":80610,"filename":"product-image-77767-6996d47e3d5d4.jpg"}
[2026-02-19 09:14:38] [INFO] Downloaded product image | Context: {"product_id":77767,"attachment_id":80611,"filename":"product-image-77767-6996d47e9e7c3.jpg"}
[2026-02-19 09:14:38] [INFO] Updated product | Context: {"external_id":1317350,"product_id":77767}
[2026-02-19 09:14:38] [INFO] Updated product | Context: {"external_id":1269463,"product_id":77353}
[2026-02-19 09:14:39] [INFO] Updated product | Context: {"external_id":1485163,"product_id":77457}
[2026-02-19 09:14:39] [INFO] Updated product | Context: {"external_id":1482771,"product_id":77458}
[2026-02-19 09:14:39] [INFO] Updated product | Context: {"external_id":1482769,"product_id":77459}
[2026-02-19 09:14:39] [INFO] Updated product | Context: {"external_id":1482767,"product_id":77460}
[2026-02-19 09:14:39] [INFO] Updated product | Context: {"external_id":1482766,"product_id":77461}
[2026-02-19 09:14:39] [INFO] Updated product | Context: {"external_id":1482731,"product_id":77462}
[2026-02-19 09:14:39] [INFO] Updated product | Context: {"external_id":1482729,"product_id":77463}
[2026-02-19 09:14:39] [INFO] Updated product | Context: {"external_id":1482727,"product_id":77464}
[2026-02-19 09:14:39] [INFO] Updated product | Context: {"external_id":1482725,"product_id":77465}
[2026-02-19 09:14:39] [INFO] Updated product | Context: {"external_id":1481121,"product_id":77466}
[2026-02-19 09:14:40] [INFO] Updated product | Context: {"external_id":1481119,"product_id":77467}
[2026-02-19 09:14:40] [INFO] Updated product | Context: {"external_id":1481118,"product_id":77468}
[2026-02-19 09:14:40] [INFO] Updated product | Context: {"external_id":1481116,"product_id":77469}
[2026-02-19 09:14:40] [INFO] Updated product | Context: {"external_id":1481115,"product_id":77470}
[2026-02-19 09:14:40] [INFO] Updated product | Context: {"external_id":1479657,"product_id":77472}
[2026-02-19 09:14:40] [INFO] Updated product | Context: {"external_id":1479656,"product_id":77473}
[2026-02-19 09:14:40] [INFO] Updated product | Context: {"external_id":1479655,"product_id":77474}
[2026-02-19 09:14:40] [INFO] Updated product | Context: {"external_id":1479653,"product_id":77475}
[2026-02-19 09:14:40] [INFO] Updated product | Context: {"external_id":1479651,"product_id":77477}
[2026-02-19 09:14:41] [INFO] Updated product | Context: {"external_id":1479650,"product_id":77478}
[2026-02-19 09:14:41] [INFO] Updated product | Context: {"external_id":1479649,"product_id":77479}
[2026-02-19 09:14:41] [INFO] Updated product | Context: {"external_id":1479512,"product_id":77481}
[2026-02-19 09:14:41] [INFO] Updated product | Context: {"external_id":1479510,"product_id":77482}
[2026-02-19 09:14:41] [INFO] Updated product | Context: {"external_id":1479509,"product_id":77483}
[2026-02-19 09:14:41] [INFO] Updated product | Context: {"external_id":1479501,"product_id":77484}
[2026-02-19 09:14:41] [INFO] Updated product | Context: {"external_id":1476376,"product_id":77485}
[2026-02-19 09:14:41] [INFO] Updated product | Context: {"external_id":1476375,"product_id":77486}
[2026-02-19 09:14:41] [INFO] Updated product | Context: {"external_id":1476372,"product_id":77355}
[2026-02-19 09:14:42] [INFO] Updated product | Context: {"external_id":1476371,"product_id":77487}
[2026-02-19 09:14:42] [INFO] Updated product | Context: {"external_id":1476369,"product_id":77488}
[2026-02-19 09:14:42] [INFO] Updated product | Context: {"external_id":1476346,"product_id":77489}
[2026-02-19 09:14:42] [INFO] Updated product | Context: {"external_id":1476345,"product_id":77490}
[2026-02-19 09:14:42] [INFO] Updated product | Context: {"external_id":1476344,"product_id":77491}
[2026-02-19 09:14:42] [INFO] Created product | Context: {"external_id":1476293,"product_id":80612}
[2026-02-19 09:14:42] [INFO] Created product | Context: {"external_id":1476292,"product_id":80613}
[2026-02-19 09:14:43] [INFO] Created product | Context: {"external_id":1476291,"product_id":80614}
[2026-02-19 09:14:43] [INFO] Created product | Context: {"external_id":1476290,"product_id":80615}
[2026-02-19 09:14:43] [INFO] Created product | Context: {"external_id":1476289,"product_id":80616}
[2026-02-19 09:14:43] [INFO] Created product | Context: {"external_id":1476288,"product_id":80617}
[2026-02-19 09:14:43] [INFO] Updated product | Context: {"external_id":1476235,"product_id":77493}
[2026-02-19 09:14:43] [INFO] Updated product | Context: {"external_id":1476234,"product_id":77494}
[2026-02-19 09:14:44] [INFO] Updated product | Context: {"external_id":1476233,"product_id":77495}
[2026-02-19 09:14:44] [INFO] Updated product | Context: {"external_id":1476232,"product_id":77496}
[2026-02-19 09:14:44] [INFO] Updated product | Context: {"external_id":1476231,"product_id":77497}
[2026-02-19 09:14:44] [INFO] Batch processed | Context: {"offset":250,"total":3431}
[2026-02-19 09:14:45] [INFO] Updated product | Context: {"external_id":1476230,"product_id":77498}
[2026-02-19 09:14:45] [INFO] Updated product | Context: {"external_id":1476229,"product_id":77499}
[2026-02-19 09:14:45] [INFO] Updated product | Context: {"external_id":1476228,"product_id":77500}
[2026-02-19 09:14:45] [INFO] Updated product | Context: {"external_id":1476227,"product_id":77501}
[2026-02-19 09:14:45] [INFO] Updated product | Context: {"external_id":1476211,"product_id":77503}
[2026-02-19 09:14:45] [INFO] Updated product | Context: {"external_id":1476210,"product_id":77504}
[2026-02-19 09:14:45] [INFO] Updated product | Context: {"external_id":1476209,"product_id":77505}
[2026-02-19 09:14:46] [INFO] Updated product | Context: {"external_id":1476206,"product_id":77506}
[2026-02-19 09:14:46] [INFO] Updated product | Context: {"external_id":1476204,"product_id":77361}
[2026-02-19 09:14:46] [INFO] Updated product | Context: {"external_id":1476203,"product_id":77507}
[2026-02-19 09:14:46] [INFO] Updated product | Context: {"external_id":1476201,"product_id":77508}
[2026-02-19 09:14:46] [INFO] Updated product | Context: {"external_id":1476188,"product_id":77509}
[2026-02-19 09:14:46] [INFO] Updated product | Context: {"external_id":1476187,"product_id":77510}
[2026-02-19 09:14:46] [INFO] Updated product | Context: {"external_id":1476092,"product_id":77363}
[2026-02-19 09:14:46] [INFO] Updated product | Context: {"external_id":1476091,"product_id":77511}
[2026-02-19 09:14:46] [INFO] Updated product | Context: {"external_id":1476090,"product_id":77512}
[2026-02-19 09:14:47] [INFO] Updated product | Context: {"external_id":1476089,"product_id":77513}
[2026-02-19 09:14:47] [INFO] Updated product | Context: {"external_id":1476084,"product_id":77515}
[2026-02-19 09:14:47] [INFO] Updated product | Context: {"external_id":1476083,"product_id":77516}
[2026-02-19 09:14:47] [INFO] Updated product | Context: {"external_id":1476075,"product_id":77518}
[2026-02-19 09:14:47] [INFO] Updated product | Context: {"external_id":1473705,"product_id":77519}
[2026-02-19 09:14:47] [INFO] Updated product | Context: {"external_id":1473703,"product_id":77365}
[2026-02-19 09:14:47] [INFO] Updated product | Context: {"external_id":1473699,"product_id":77520}
[2026-02-19 09:14:47] [INFO] Updated product | Context: {"external_id":1473697,"product_id":77521}
[2026-02-19 09:14:47] [INFO] Updated product | Context: {"external_id":1473696,"product_id":77522}
[2026-02-19 09:14:48] [INFO] Updated product | Context: {"external_id":1473691,"product_id":77524}
[2026-02-19 09:14:48] [INFO] Updated product | Context: {"external_id":1473688,"product_id":77525}
[2026-02-19 09:14:48] [INFO] Updated product | Context: {"external_id":1473684,"product_id":77526}
[2026-02-19 09:14:48] [INFO] Updated product | Context: {"external_id":1473058,"product_id":77527}
[2026-02-19 09:14:48] [INFO] Updated product | Context: {"external_id":1473057,"product_id":77528}
[2026-02-19 09:14:48] [INFO] Updated product | Context: {"external_id":1473055,"product_id":77529}
[2026-02-19 09:14:48] [INFO] Updated product | Context: {"external_id":1473052,"product_id":77530}
[2026-02-19 09:14:48] [INFO] Updated product | Context: {"external_id":1473051,"product_id":77531}
[2026-02-19 09:14:48] [INFO] Updated product | Context: {"external_id":1473050,"product_id":77532}
[2026-02-19 09:14:49] [INFO] Created product | Context: {"external_id":1473002,"product_id":80618}
[2026-02-19 09:14:49] [INFO] Created product | Context: {"external_id":1473001,"product_id":80619}
[2026-02-19 09:14:49] [INFO] Created product | Context: {"external_id":1473000,"product_id":80620}
[2026-02-19 09:14:49] [INFO] Updated product | Context: {"external_id":1472994,"product_id":77370}
[2026-02-19 09:14:49] [INFO] Updated product | Context: {"external_id":1472993,"product_id":77371}
[2026-02-19 09:14:49] [INFO] Updated product | Context: {"external_id":1472992,"product_id":77533}
[2026-02-19 09:14:49] [INFO] Updated product | Context: {"external_id":1472991,"product_id":77313}
[2026-02-19 09:14:50] [INFO] Updated product | Context: {"external_id":1472990,"product_id":77534}
[2026-02-19 09:14:50] [INFO] Updated product | Context: {"external_id":1472812,"product_id":77535}
[2026-02-19 09:14:50] [INFO] Updated product | Context: {"external_id":1472808,"product_id":77536}
[2026-02-19 09:14:50] [INFO] Updated product | Context: {"external_id":1472804,"product_id":77537}
[2026-02-19 09:14:50] [INFO] Updated product | Context: {"external_id":1472797,"product_id":77538}
[2026-02-19 09:14:50] [INFO] Updated product | Context: {"external_id":1472791,"product_id":77539}
[2026-02-19 09:14:50] [INFO] Updated product | Context: {"external_id":1472787,"product_id":77540}
[2026-02-19 09:14:50] [INFO] Updated product | Context: {"external_id":1472780,"product_id":77541}
[2026-02-19 09:14:50] [INFO] Updated product | Context: {"external_id":1472323,"product_id":77316}
[2026-02-19 09:14:50] [INFO] Batch processed | Context: {"offset":300,"total":3431}
[2026-02-19 09:14:51] [INFO] Updated product | Context: {"external_id":1472321,"product_id":77542}
[2026-02-19 09:14:51] [INFO] Updated product | Context: {"external_id":1472280,"product_id":77543}
[2026-02-19 09:14:52] [INFO] Updated product | Context: {"external_id":1472277,"product_id":77544}
[2026-02-19 09:14:52] [INFO] Updated product | Context: {"external_id":1472276,"product_id":77545}
[2026-02-19 09:14:52] [INFO] Updated product | Context: {"external_id":1472275,"product_id":77546}
[2026-02-19 09:14:52] [INFO] Updated product | Context: {"external_id":1472274,"product_id":77547}
[2026-02-19 09:14:52] [INFO] Updated product | Context: {"external_id":1472273,"product_id":77548}
[2026-02-19 09:14:52] [INFO] Updated product | Context: {"external_id":1472272,"product_id":77549}
[2026-02-19 09:14:52] [INFO] Updated product | Context: {"external_id":1472271,"product_id":77550}
[2026-02-19 09:14:52] [INFO] Updated product | Context: {"external_id":1472270,"product_id":77551}
[2026-02-19 09:14:53] [INFO] Updated product | Context: {"external_id":1472268,"product_id":77552}
[2026-02-19 09:14:53] [INFO] Updated product | Context: {"external_id":1472197,"product_id":77553}
[2026-02-19 09:14:53] [INFO] Updated product | Context: {"external_id":1472136,"product_id":77373}
[2026-02-19 09:14:53] [INFO] Updated product | Context: {"external_id":1472133,"product_id":77374}
[2026-02-19 09:14:53] [INFO] Updated product | Context: {"external_id":1472129,"product_id":77555}
[2026-02-19 09:14:53] [INFO] Updated product | Context: {"external_id":1472128,"product_id":77556}
[2026-02-19 09:14:53] [INFO] Updated product | Context: {"external_id":1472121,"product_id":77557}
[2026-02-19 09:14:53] [INFO] Updated product | Context: {"external_id":1472119,"product_id":77558}
[2026-02-19 09:14:53] [INFO] Updated product | Context: {"external_id":1472118,"product_id":77559}
[2026-02-19 09:14:54] [INFO] Updated product | Context: {"external_id":1472110,"product_id":77561}
[2026-02-19 09:14:54] [INFO] Updated product | Context: {"external_id":1472108,"product_id":77377}
[2026-02-19 09:14:54] [INFO] Updated product | Context: {"external_id":1472104,"product_id":77562}
[2026-02-19 09:14:54] [INFO] Updated product | Context: {"external_id":1471480,"product_id":77563}
[2026-02-19 09:14:54] [INFO] Updated product | Context: {"external_id":1470588,"product_id":77564}
[2026-02-19 09:14:54] [INFO] Updated product | Context: {"external_id":1470586,"product_id":77565}
[2026-02-19 09:14:54] [INFO] Updated product | Context: {"external_id":1470583,"product_id":77566}
[2026-02-19 09:14:54] [INFO] Updated product | Context: {"external_id":1470582,"product_id":77567}
[2026-02-19 09:14:54] [INFO] Updated product | Context: {"external_id":1470580,"product_id":77568}
[2026-02-19 09:14:55] [INFO] Updated product | Context: {"external_id":1455529,"product_id":77569}
[2026-02-19 09:14:55] [INFO] Updated product | Context: {"external_id":1455498,"product_id":77570}
[2026-02-19 09:14:55] [INFO] Updated product | Context: {"external_id":1455492,"product_id":77571}
[2026-02-19 09:14:55] [INFO] Updated product | Context: {"external_id":1455491,"product_id":77572}
[2026-02-19 09:14:56] [INFO] Downloaded product image | Context: {"product_id":77573,"attachment_id":80621,"filename":"product-image-77573-6996d48fcfa55.jpg"}
[2026-02-19 09:14:56] [INFO] Downloaded product image | Context: {"product_id":77573,"attachment_id":80622,"filename":"product-image-77573-6996d49059ff3.jpg"}
[2026-02-19 09:14:57] [INFO] Downloaded product image | Context: {"product_id":77573,"attachment_id":80623,"filename":"product-image-77573-6996d490db66e.jpg"}
[2026-02-19 09:14:57] [INFO] Downloaded product image | Context: {"product_id":77573,"attachment_id":80624,"filename":"product-image-77573-6996d491614b4.jpg"}
[2026-02-19 09:14:57] [INFO] Updated product | Context: {"external_id":1455451,"product_id":77573}
[2026-02-19 09:14:58] [INFO] Downloaded product image | Context: {"product_id":77574,"attachment_id":80625,"filename":"product-image-77574-6996d49208c24.jpg"}
[2026-02-19 09:14:58] [INFO] Downloaded product image | Context: {"product_id":77574,"attachment_id":80626,"filename":"product-image-77574-6996d49284b70.jpg"}
[2026-02-19 09:14:59] [INFO] Downloaded product image | Context: {"product_id":77574,"attachment_id":80627,"filename":"product-image-77574-6996d492f2d78.jpg"}
[2026-02-19 09:14:59] [INFO] Downloaded product image | Context: {"product_id":77574,"attachment_id":80628,"filename":"product-image-77574-6996d49362ab4.jpg"}
[2026-02-19 09:14:59] [INFO] Updated product | Context: {"external_id":1454690,"product_id":77574}
[2026-02-19 09:14:59] [INFO] Updated product | Context: {"external_id":1418094,"product_id":77577}
[2026-02-19 09:14:59] [INFO] Updated product | Context: {"external_id":1418091,"product_id":77578}
[2026-02-19 09:14:59] [INFO] Updated product | Context: {"external_id":1418089,"product_id":77579}
[2026-02-19 09:14:59] [INFO] Updated product | Context: {"external_id":1418087,"product_id":77387}
[2026-02-19 09:15:00] [INFO] Updated product | Context: {"external_id":1418085,"product_id":77580}
[2026-02-19 09:15:00] [INFO] Updated product | Context: {"external_id":1418084,"product_id":77581}
[2026-02-19 09:15:00] [INFO] Updated product | Context: {"external_id":1418083,"product_id":77582}
[2026-02-19 09:15:00] [INFO] Updated product | Context: {"external_id":1418082,"product_id":77583}
[2026-02-19 09:15:00] [INFO] Updated product | Context: {"external_id":1418081,"product_id":77584}
[2026-02-19 09:15:01] [INFO] Downloaded product image | Context: {"product_id":80629,"attachment_id":80630,"filename":"product-image-80629-6996d495406d6.jpg"}
[2026-02-19 09:15:01] [INFO] Downloaded product image | Context: {"product_id":80629,"attachment_id":80631,"filename":"product-image-80629-6996d495c1e8c.jpg"}
[2026-02-19 09:15:02] [INFO] Downloaded product image | Context: {"product_id":80629,"attachment_id":80632,"filename":"product-image-80629-6996d49634d18.jpg"}
[2026-02-19 09:15:02] [INFO] Downloaded product image | Context: {"product_id":80629,"attachment_id":80633,"filename":"product-image-80629-6996d496a05c0.jpg"}
[2026-02-19 09:15:03] [INFO] Downloaded product image | Context: {"product_id":80629,"attachment_id":80634,"filename":"product-image-80629-6996d4972b3c0.jpg"}
[2026-02-19 09:15:03] [INFO] Created product | Context: {"external_id":1416702,"product_id":80629}
[2026-02-19 09:15:03] [INFO] Updated product | Context: {"external_id":1371688,"product_id":77389}
[2026-02-19 09:15:03] [INFO] Updated product | Context: {"external_id":1371687,"product_id":77585}
[2026-02-19 09:15:03] [INFO] Updated product | Context: {"external_id":1371686,"product_id":77586}
[2026-02-19 09:15:03] [INFO] Updated product | Context: {"external_id":1371685,"product_id":77587}
[2026-02-19 09:15:03] [INFO] Updated product | Context: {"external_id":1368680,"product_id":77588}
[2026-02-19 09:15:04] [INFO] Updated product | Context: {"external_id":1368679,"product_id":77589}
[2026-02-19 09:15:04] [INFO] Batch processed | Context: {"offset":350,"total":3431}
[2026-02-19 09:15:05] [INFO] Updated product | Context: {"external_id":1368678,"product_id":77590}
[2026-02-19 09:15:05] [INFO] Updated product | Context: {"external_id":1368676,"product_id":77591}
[2026-02-19 09:15:05] [INFO] Updated product | Context: {"external_id":1368675,"product_id":77592}
[2026-02-19 09:15:05] [INFO] Updated product | Context: {"external_id":1368673,"product_id":77593}
[2026-02-19 09:15:05] [INFO] Updated product | Context: {"external_id":1368672,"product_id":77594}
[2026-02-19 09:15:05] [INFO] Created product | Context: {"external_id":1368668,"product_id":80635}
[2026-02-19 09:15:06] [INFO] Created product | Context: {"external_id":1368667,"product_id":80636}
[2026-02-19 09:15:06] [INFO] Updated product | Context: {"external_id":1368666,"product_id":77595}
[2026-02-19 09:15:06] [INFO] Created product | Context: {"external_id":1368665,"product_id":80637}
[2026-02-19 09:15:06] [INFO] Created product | Context: {"external_id":1368664,"product_id":80638}
[2026-02-19 09:15:06] [INFO] Created product | Context: {"external_id":1368663,"product_id":80639}
[2026-02-19 09:15:06] [INFO] Created product | Context: {"external_id":1368662,"product_id":80640}
[2026-02-19 09:15:07] [INFO] Created product | Context: {"external_id":1368661,"product_id":80641}
[2026-02-19 09:15:07] [INFO] Created product | Context: {"external_id":1368660,"product_id":80642}
[2026-02-19 09:15:07] [INFO] Created product | Context: {"external_id":1368659,"product_id":80643}
[2026-02-19 09:15:07] [INFO] Created product | Context: {"external_id":1368658,"product_id":80644}
[2026-02-19 09:15:07] [INFO] Updated product | Context: {"external_id":1368655,"product_id":77596}
[2026-02-19 09:15:08] [INFO] Updated product | Context: {"external_id":1368653,"product_id":77597}
[2026-02-19 09:15:08] [INFO] Updated product | Context: {"external_id":1368652,"product_id":77598}
[2026-02-19 09:15:08] [INFO] Updated product | Context: {"external_id":1368651,"product_id":77599}
[2026-02-19 09:15:08] [INFO] Updated product | Context: {"external_id":1368649,"product_id":77600}
[2026-02-19 09:15:08] [INFO] Updated product | Context: {"external_id":1368648,"product_id":77601}
[2026-02-19 09:15:08] [INFO] Updated product | Context: {"external_id":1368646,"product_id":77330}
[2026-02-19 09:15:08] [INFO] Updated product | Context: {"external_id":1368645,"product_id":77281}
[2026-02-19 09:15:08] [INFO] Updated product | Context: {"external_id":1368638,"product_id":77396}
[2026-02-19 09:15:08] [INFO] Updated product | Context: {"external_id":1368637,"product_id":77602}
[2026-02-19 09:15:09] [INFO] Updated product | Context: {"external_id":1368636,"product_id":77603}
[2026-02-19 09:15:09] [INFO] Updated product | Context: {"external_id":1366657,"product_id":77605}
[2026-02-19 09:15:09] [INFO] Updated product | Context: {"external_id":1366655,"product_id":77606}
[2026-02-19 09:15:09] [INFO] Updated product | Context: {"external_id":1366653,"product_id":77607}
[2026-02-19 09:15:09] [INFO] Updated product | Context: {"external_id":1366652,"product_id":77608}
[2026-02-19 09:15:10] [INFO] Downloaded product image | Context: {"product_id":77609,"attachment_id":80645,"filename":"product-image-77609-6996d49dd8aea.jpg"}
[2026-02-19 09:15:10] [INFO] Updated product | Context: {"external_id":1366650,"product_id":77609}
[2026-02-19 09:15:10] [INFO] Updated product | Context: {"external_id":1366649,"product_id":77610}
[2026-02-19 09:15:10] [INFO] Updated product | Context: {"external_id":1366648,"product_id":77611}
[2026-02-19 09:15:10] [INFO] Updated product | Context: {"external_id":1366647,"product_id":77612}
[2026-02-19 09:15:10] [INFO] Updated product | Context: {"external_id":1366646,"product_id":77613}
[2026-02-19 09:15:10] [INFO] Updated product | Context: {"external_id":1366645,"product_id":77614}
[2026-02-19 09:15:10] [INFO] Updated product | Context: {"external_id":1366527,"product_id":77616}
[2026-02-19 09:15:10] [INFO] Updated product | Context: {"external_id":1365712,"product_id":77402}
[2026-02-19 09:15:10] [INFO] Updated product | Context: {"external_id":1365710,"product_id":77617}
[2026-02-19 09:15:11] [INFO] Updated product | Context: {"external_id":1365707,"product_id":77618}
[2026-02-19 09:15:11] [INFO] Updated product | Context: {"external_id":1365706,"product_id":77619}
[2026-02-19 09:15:11] [INFO] Updated product | Context: {"external_id":1365705,"product_id":77284}
[2026-02-19 09:15:11] [INFO] Created product | Context: {"external_id":1364994,"product_id":80646}
[2026-02-19 09:15:11] [INFO] Created product | Context: {"external_id":1364993,"product_id":80647}
[2026-02-19 09:15:11] [INFO] Created product | Context: {"external_id":1364992,"product_id":80648}
[2026-02-19 09:15:11] [INFO] Created product | Context: {"external_id":1364991,"product_id":80649}
[2026-02-19 09:15:12] [INFO] Created product | Context: {"external_id":1364990,"product_id":80650}
[2026-02-19 09:15:12] [INFO] Updated product | Context: {"external_id":1364965,"product_id":77620}
[2026-02-19 09:15:12] [INFO] Updated product | Context: {"external_id":1364962,"product_id":77406}
[2026-02-19 09:15:12] [INFO] Batch processed | Context: {"offset":400,"total":3431}
[2026-02-19 09:15:13] [INFO] Updated product | Context: {"external_id":1364961,"product_id":77622}
[2026-02-19 09:15:13] [INFO] Updated product | Context: {"external_id":1364960,"product_id":77623}
[2026-02-19 09:15:13] [INFO] Updated product | Context: {"external_id":1364959,"product_id":77407}
[2026-02-19 09:15:13] [INFO] Updated product | Context: {"external_id":1364957,"product_id":77624}
[2026-02-19 09:15:13] [INFO] Updated product | Context: {"external_id":1364956,"product_id":77625}
[2026-02-19 09:15:13] [INFO] Updated product | Context: {"external_id":1364955,"product_id":77626}
[2026-02-19 09:15:14] [INFO] Updated product | Context: {"external_id":1364954,"product_id":77627}
[2026-02-19 09:15:14] [INFO] Updated product | Context: {"external_id":1364953,"product_id":77628}
[2026-02-19 09:15:14] [INFO] Updated product | Context: {"external_id":1364952,"product_id":77629}
[2026-02-19 09:15:14] [INFO] Updated product | Context: {"external_id":1364951,"product_id":77409}
[2026-02-19 09:15:14] [INFO] Updated product | Context: {"external_id":1364950,"product_id":77630}
[2026-02-19 09:15:14] [INFO] Updated product | Context: {"external_id":1364949,"product_id":77631}
[2026-02-19 09:15:14] [INFO] Updated product | Context: {"external_id":1364948,"product_id":77632}
[2026-02-19 09:15:14] [INFO] Updated product | Context: {"external_id":1364947,"product_id":77633}
[2026-02-19 09:15:14] [INFO] Updated product | Context: {"external_id":1364946,"product_id":77634}
[2026-02-19 09:15:15] [INFO] Updated product | Context: {"external_id":1358742,"product_id":77641}
[2026-02-19 09:15:15] [INFO] Updated product | Context: {"external_id":1358740,"product_id":77643}
[2026-02-19 09:15:15] [INFO] Updated product | Context: {"external_id":1358739,"product_id":77644}
[2026-02-19 09:15:15] [INFO] Updated product | Context: {"external_id":1358735,"product_id":77647}
[2026-02-19 09:15:15] [INFO] Updated product | Context: {"external_id":1358734,"product_id":77648}
[2026-02-19 09:15:15] [INFO] Updated product | Context: {"external_id":1358733,"product_id":77649}
[2026-02-19 09:15:15] [INFO] Updated product | Context: {"external_id":1358732,"product_id":77413}
[2026-02-19 09:15:15] [INFO] Updated product | Context: {"external_id":1358730,"product_id":77650}
[2026-02-19 09:15:15] [INFO] Updated product | Context: {"external_id":1358728,"product_id":77651}
[2026-02-19 09:15:16] [INFO] Updated product | Context: {"external_id":1358727,"product_id":77652}
[2026-02-19 09:15:16] [INFO] Updated product | Context: {"external_id":1358726,"product_id":77653}
[2026-02-19 09:15:16] [INFO] Updated product | Context: {"external_id":1358723,"product_id":77655}
[2026-02-19 09:15:16] [INFO] Updated product | Context: {"external_id":1358719,"product_id":77656}
[2026-02-19 09:15:16] [INFO] Updated product | Context: {"external_id":1357590,"product_id":77657}
[2026-02-19 09:15:16] [INFO] Updated product | Context: {"external_id":1357589,"product_id":77658}
[2026-02-19 09:15:16] [INFO] Updated product | Context: {"external_id":1357588,"product_id":77659}
[2026-02-19 09:15:16] [INFO] Updated product | Context: {"external_id":1357587,"product_id":77660}
[2026-02-19 09:15:17] [INFO] Updated product | Context: {"external_id":1356017,"product_id":77418}
[2026-02-19 09:15:17] [INFO] Updated product | Context: {"external_id":1356015,"product_id":77661}
[2026-02-19 09:15:17] [INFO] Updated product | Context: {"external_id":1356014,"product_id":77662}
[2026-02-19 09:15:17] [INFO] Updated product | Context: {"external_id":1356013,"product_id":77339}
[2026-02-19 09:15:17] [INFO] Updated product | Context: {"external_id":1356011,"product_id":77341}
[2026-02-19 09:15:17] [INFO] Updated product | Context: {"external_id":1356010,"product_id":77663}
[2026-02-19 09:15:17] [INFO] Updated product | Context: {"external_id":1356009,"product_id":77664}
[2026-02-19 09:15:17] [INFO] Updated product | Context: {"external_id":1356008,"product_id":77419}
[2026-02-19 09:15:18] [INFO] Updated product | Context: {"external_id":1356007,"product_id":77665}
[2026-02-19 09:15:18] [INFO] Updated product | Context: {"external_id":1356006,"product_id":77666}
[2026-02-19 09:15:18] [INFO] Updated product | Context: {"external_id":1356005,"product_id":77667}
[2026-02-19 09:15:18] [INFO] Updated product | Context: {"external_id":1356004,"product_id":77668}
[2026-02-19 09:15:18] [INFO] Updated product | Context: {"external_id":1356003,"product_id":77669}
[2026-02-19 09:15:18] [INFO] Updated product | Context: {"external_id":1356002,"product_id":77670}
[2026-02-19 09:15:18] [INFO] Updated product | Context: {"external_id":1355999,"product_id":77303}
[2026-02-19 09:15:18] [INFO] Created product | Context: {"external_id":1355998,"product_id":80651}
[2026-02-19 09:15:19] [INFO] Created product | Context: {"external_id":1355997,"product_id":80652}
[2026-02-19 09:15:19] [INFO] Created product | Context: {"external_id":1355996,"product_id":80653}
[2026-02-19 09:15:19] [INFO] Batch processed | Context: {"offset":450,"total":3431}
[2026-02-19 09:15:20] [INFO] Created product | Context: {"external_id":1355995,"product_id":80654}
[2026-02-19 09:15:20] [INFO] Created product | Context: {"external_id":1355994,"product_id":80655}
[2026-02-19 09:15:20] [INFO] Created product | Context: {"external_id":1355992,"product_id":80656}
[2026-02-19 09:15:21] [INFO] Created product | Context: {"external_id":1355991,"product_id":80657}
[2026-02-19 09:15:21] [INFO] Created product | Context: {"external_id":1355990,"product_id":80658}
[2026-02-19 09:15:21] [INFO] Created product | Context: {"external_id":1355989,"product_id":80659}
[2026-02-19 09:15:21] [INFO] Updated product | Context: {"external_id":1355987,"product_id":77671}
[2026-02-19 09:15:22] [INFO] Created product | Context: {"external_id":1355986,"product_id":80660}
[2026-02-19 09:15:22] [INFO] Created product | Context: {"external_id":1355985,"product_id":80661}
[2026-02-19 09:15:22] [INFO] Created product | Context: {"external_id":1355984,"product_id":80662}
[2026-02-19 09:15:22] [INFO] Created product | Context: {"external_id":1355983,"product_id":80663}
[2026-02-19 09:15:22] [INFO] Created product | Context: {"external_id":1355981,"product_id":80664}
[2026-02-19 09:15:23] [INFO] Created product | Context: {"external_id":1355980,"product_id":80665}
[2026-02-19 09:15:23] [INFO] Updated product | Context: {"external_id":1354178,"product_id":77672}
[2026-02-19 09:15:23] [INFO] Updated product | Context: {"external_id":1354177,"product_id":77673}
[2026-02-19 09:15:23] [INFO] Updated product | Context: {"external_id":1354176,"product_id":77674}
[2026-02-19 09:15:23] [INFO] Updated product | Context: {"external_id":1354175,"product_id":77675}
[2026-02-19 09:15:23] [INFO] Updated product | Context: {"external_id":1354174,"product_id":77676}
[2026-02-19 09:15:23] [INFO] Updated product | Context: {"external_id":1354172,"product_id":77677}
[2026-02-19 09:15:23] [INFO] Updated product | Context: {"external_id":1354165,"product_id":77681}
[2026-02-19 09:15:24] [INFO] Updated product | Context: {"external_id":1354164,"product_id":77427}
[2026-02-19 09:15:24] [INFO] Updated product | Context: {"external_id":1354163,"product_id":77682}
[2026-02-19 09:15:24] [INFO] Updated product | Context: {"external_id":1354159,"product_id":77684}
[2026-02-19 09:15:24] [INFO] Updated product | Context: {"external_id":1354158,"product_id":77685}
[2026-02-19 09:15:24] [INFO] Updated product | Context: {"external_id":1354157,"product_id":77686}
[2026-02-19 09:15:24] [INFO] Updated product | Context: {"external_id":1354156,"product_id":77687}
[2026-02-19 09:15:24] [INFO] Updated product | Context: {"external_id":1354155,"product_id":77688}
[2026-02-19 09:15:24] [INFO] Updated product | Context: {"external_id":1354153,"product_id":77690}
[2026-02-19 09:15:24] [INFO] Updated product | Context: {"external_id":1354151,"product_id":77692}
[2026-02-19 09:15:25] [INFO] Updated product | Context: {"external_id":1354148,"product_id":77695}
[2026-02-19 09:15:25] [INFO] Updated product | Context: {"external_id":1354147,"product_id":77696}
[2026-02-19 09:15:25] [INFO] Updated product | Context: {"external_id":1354146,"product_id":77697}
[2026-02-19 09:15:25] [INFO] Updated product | Context: {"external_id":1354145,"product_id":77698}
[2026-02-19 09:15:25] [INFO] Updated product | Context: {"external_id":1354144,"product_id":77699}
[2026-02-19 09:15:25] [INFO] Updated product | Context: {"external_id":1354143,"product_id":77700}
[2026-02-19 09:15:25] [INFO] Updated product | Context: {"external_id":1354142,"product_id":77701}
[2026-02-19 09:15:25] [INFO] Updated product | Context: {"external_id":1354141,"product_id":77702}
[2026-02-19 09:15:25] [INFO] Updated product | Context: {"external_id":1354140,"product_id":77703}
[2026-02-19 09:15:25] [INFO] Updated product | Context: {"external_id":1354139,"product_id":77704}
[2026-02-19 09:15:26] [INFO] Updated product | Context: {"external_id":1354137,"product_id":77705}
[2026-02-19 09:15:26] [INFO] Updated product | Context: {"external_id":1354136,"product_id":77429}
[2026-02-19 09:15:26] [INFO] Updated product | Context: {"external_id":1354135,"product_id":77706}
[2026-02-19 09:15:26] [INFO] Updated product | Context: {"external_id":1354134,"product_id":77707}
[2026-02-19 09:15:26] [INFO] Updated product | Context: {"external_id":1354133,"product_id":77708}
[2026-02-19 09:15:26] [INFO] Updated product | Context: {"external_id":1354132,"product_id":77709}
[2026-02-19 09:15:26] [INFO] Updated product | Context: {"external_id":1354130,"product_id":77346}
[2026-02-19 09:15:26] [INFO] Updated product | Context: {"external_id":1353881,"product_id":77432}
[2026-02-19 09:15:26] [INFO] Updated product | Context: {"external_id":1353878,"product_id":77711}
[2026-02-19 09:15:27] [INFO] Updated product | Context: {"external_id":1353877,"product_id":77712}
[2026-02-19 09:15:27] [INFO] Updated product | Context: {"external_id":1353876,"product_id":77713}
[2026-02-19 09:15:27] [INFO] Batch processed | Context: {"offset":500,"total":3431}
[2026-02-19 09:15:28] [INFO] Updated product | Context: {"external_id":1353873,"product_id":77714}
[2026-02-19 09:15:28] [INFO] Updated product | Context: {"external_id":1353871,"product_id":77436}
[2026-02-19 09:15:28] [INFO] Updated product | Context: {"external_id":1353855,"product_id":77716}
[2026-02-19 09:15:28] [INFO] Updated product | Context: {"external_id":1353854,"product_id":77717}
[2026-02-19 09:15:28] [INFO] Updated product | Context: {"external_id":1353852,"product_id":77718}
[2026-02-19 09:15:28] [INFO] Updated product | Context: {"external_id":1353851,"product_id":77719}
[2026-02-19 09:15:29] [INFO] Downloaded product image | Context: {"product_id":80666,"attachment_id":80667,"filename":"product-image-80666-6996d4b1a6ad5.jpg"}
[2026-02-19 09:15:30] [INFO] Downloaded product image | Context: {"product_id":80666,"attachment_id":80668,"filename":"product-image-80666-6996d4b22e2e8.jpg"}
[2026-02-19 09:15:30] [INFO] Downloaded product image | Context: {"product_id":80666,"attachment_id":80669,"filename":"product-image-80666-6996d4b2ac983.jpg"}
[2026-02-19 09:15:31] [INFO] Downloaded product image | Context: {"product_id":80666,"attachment_id":80670,"filename":"product-image-80666-6996d4b3343d0.jpg"}
[2026-02-19 09:15:31] [INFO] Created product | Context: {"external_id":1352872,"product_id":80666}
[2026-02-19 09:15:31] [INFO] Updated product | Context: {"external_id":1350978,"product_id":77721}
[2026-02-19 09:15:31] [INFO] Updated product | Context: {"external_id":1349490,"product_id":77722}
[2026-02-19 09:15:31] [INFO] Updated product | Context: {"external_id":1349486,"product_id":77725}
[2026-02-19 09:15:31] [INFO] Updated product | Context: {"external_id":1349485,"product_id":77726}
[2026-02-19 09:15:31] [INFO] Updated product | Context: {"external_id":1349481,"product_id":77728}
[2026-02-19 09:15:31] [INFO] Updated product | Context: {"external_id":1349480,"product_id":77729}
[2026-02-19 09:15:32] [INFO] Updated product | Context: {"external_id":1349479,"product_id":77730}
[2026-02-19 09:15:32] [INFO] Updated product | Context: {"external_id":1349478,"product_id":77731}
[2026-02-19 09:15:32] [INFO] Updated product | Context: {"external_id":1349477,"product_id":77732}
[2026-02-19 09:15:32] [INFO] Updated product | Context: {"external_id":1349476,"product_id":77733}
[2026-02-19 09:15:32] [INFO] Updated product | Context: {"external_id":1349475,"product_id":77734}
[2026-02-19 09:15:32] [INFO] Updated product | Context: {"external_id":1349474,"product_id":77735}
[2026-02-19 09:15:32] [INFO] Updated product | Context: {"external_id":1349473,"product_id":77736}
[2026-02-19 09:15:32] [INFO] Updated product | Context: {"external_id":1349472,"product_id":77737}
[2026-02-19 09:15:32] [INFO] Updated product | Context: {"external_id":1349471,"product_id":77738}
[2026-02-19 09:15:33] [INFO] Updated product | Context: {"external_id":1349470,"product_id":77739}
[2026-02-19 09:15:33] [INFO] Updated product | Context: {"external_id":1349469,"product_id":77740}
[2026-02-19 09:15:33] [INFO] Updated product | Context: {"external_id":1347855,"product_id":77742}
[2026-02-19 09:15:33] [INFO] Updated product | Context: {"external_id":1347853,"product_id":77351}
[2026-02-19 09:15:33] [INFO] Updated product | Context: {"external_id":1343049,"product_id":77444}
[2026-02-19 09:15:33] [INFO] Updated product | Context: {"external_id":1343048,"product_id":77743}
[2026-02-19 09:15:33] [INFO] Updated product | Context: {"external_id":1343046,"product_id":77744}
[2026-02-19 09:15:33] [INFO] Updated product | Context: {"external_id":1343043,"product_id":77446}
[2026-02-19 09:15:33] [INFO] Updated product | Context: {"external_id":1342965,"product_id":77745}
[2026-02-19 09:15:34] [INFO] Updated product | Context: {"external_id":1342964,"product_id":77746}
[2026-02-19 09:15:34] [INFO] Updated product | Context: {"external_id":1342963,"product_id":77747}
[2026-02-19 09:15:34] [INFO] Updated product | Context: {"external_id":1342959,"product_id":77748}
[2026-02-19 09:15:34] [INFO] Updated product | Context: {"external_id":1342957,"product_id":77749}
[2026-02-19 09:15:34] [INFO] Updated product | Context: {"external_id":1340450,"product_id":77450}
[2026-02-19 09:15:34] [INFO] Updated product | Context: {"external_id":1340449,"product_id":77751}
[2026-02-19 09:15:34] [INFO] Updated product | Context: {"external_id":1340448,"product_id":77752}
[2026-02-19 09:15:34] [INFO] Updated product | Context: {"external_id":1340446,"product_id":77753}
[2026-02-19 09:15:34] [INFO] Updated product | Context: {"external_id":1340445,"product_id":77754}
[2026-02-19 09:15:34] [INFO] Updated product | Context: {"external_id":1339305,"product_id":77755}
[2026-02-19 09:15:35] [INFO] Updated product | Context: {"external_id":1339302,"product_id":77758}
[2026-02-19 09:15:35] [INFO] Updated product | Context: {"external_id":1338728,"product_id":77760}
[2026-02-19 09:15:35] [INFO] Updated product | Context: {"external_id":1338727,"product_id":77761}
[2026-02-19 09:15:35] [INFO] Updated product | Context: {"external_id":1338725,"product_id":77762}
[2026-02-19 09:15:35] [INFO] Updated product | Context: {"external_id":1335847,"product_id":77763}
[2026-02-19 09:15:36] [INFO] Downloaded product image | Context: {"product_id":77765,"attachment_id":80671,"filename":"product-image-77765-6996d4b7e11e3.jpg"}
[2026-02-19 09:15:36] [INFO] Updated product | Context: {"external_id":1331419,"product_id":77765}
[2026-02-19 09:15:36] [INFO] Downloaded product image | Context: {"product_id":80672,"attachment_id":80673,"filename":"product-image-80672-6996d4b89def6.jpg"}
[2026-02-19 09:15:37] [INFO] Downloaded product image | Context: {"product_id":80672,"attachment_id":80674,"filename":"product-image-80672-6996d4b91e74d.jpg"}
[2026-02-19 09:15:37] [INFO] Downloaded product image | Context: {"product_id":80672,"attachment_id":80675,"filename":"product-image-80672-6996d4b99927b.jpg"}
[2026-02-19 09:15:38] [INFO] Downloaded product image | Context: {"product_id":80672,"attachment_id":80676,"filename":"product-image-80672-6996d4ba19975.jpg"}
[2026-02-19 09:15:38] [INFO] Downloaded product image | Context: {"product_id":80672,"attachment_id":80677,"filename":"product-image-80672-6996d4ba8e43e.jpg"}
[2026-02-19 09:15:38] [INFO] Created product | Context: {"external_id":1320292,"product_id":80672}
[2026-02-19 09:15:39] [INFO] Downloaded product image | Context: {"product_id":77766,"attachment_id":80678,"filename":"product-image-77766-6996d4bb2c690.jpg"}
[2026-02-19 09:15:39] [INFO] Downloaded product image | Context: {"product_id":77766,"attachment_id":80679,"filename":"product-image-77766-6996d4bba24c2.jpg"}
[2026-02-19 09:15:40] [INFO] Downloaded product image | Context: {"product_id":77766,"attachment_id":80680,"filename":"product-image-77766-6996d4bc30c1d.jpg"}
[2026-02-19 09:15:40] [INFO] Downloaded product image | Context: {"product_id":77766,"attachment_id":80681,"filename":"product-image-77766-6996d4bc9241e.jpg"}
[2026-02-19 09:15:40] [INFO] Updated product | Context: {"external_id":1320285,"product_id":77766}
[2026-02-19 09:15:40] [INFO] Updated product | Context: {"external_id":1317349,"product_id":77768}
[2026-02-19 09:15:40] [INFO] Batch processed | Context: {"offset":550,"total":3431}
[2026-02-19 09:15:42] [INFO] Downloaded product image | Context: {"product_id":77769,"attachment_id":80682,"filename":"product-image-77769-6996d4be9c5ce.jpg"}
[2026-02-19 09:15:43] [INFO] Downloaded product image | Context: {"product_id":77769,"attachment_id":80683,"filename":"product-image-77769-6996d4bf1abf4.jpg"}
[2026-02-19 09:15:43] [INFO] Downloaded product image | Context: {"product_id":77769,"attachment_id":80684,"filename":"product-image-77769-6996d4bfa6a54.jpg"}
[2026-02-19 09:15:44] [INFO] Downloaded product image | Context: {"product_id":77769,"attachment_id":80685,"filename":"product-image-77769-6996d4c019397.jpg"}
[2026-02-19 09:15:44] [INFO] Updated product | Context: {"external_id":1368788,"product_id":77769}
[2026-02-19 09:15:44] [INFO] Downloaded product image | Context: {"product_id":77778,"attachment_id":80686,"filename":"product-image-77778-6996d4c0b8bc8.jpg"}
[2026-02-19 09:15:45] [INFO] Downloaded product image | Context: {"product_id":77778,"attachment_id":80687,"filename":"product-image-77778-6996d4c123ed7.jpg"}
[2026-02-19 09:15:45] [INFO] Downloaded product image | Context: {"product_id":77778,"attachment_id":80688,"filename":"product-image-77778-6996d4c199afc.jpg"}
[2026-02-19 09:15:46] [INFO] Downloaded product image | Context: {"product_id":77778,"attachment_id":80689,"filename":"product-image-77778-6996d4c201458.jpg"}
[2026-02-19 09:15:46] [INFO] Updated product | Context: {"external_id":1475413,"product_id":77778}
[2026-02-19 09:15:46] [INFO] Downloaded product image | Context: {"product_id":77771,"attachment_id":80690,"filename":"product-image-77771-6996d4c280d4e.jpg"}
[2026-02-19 09:15:47] [INFO] Downloaded product image | Context: {"product_id":77771,"attachment_id":80691,"filename":"product-image-77771-6996d4c30667b.jpg"}
[2026-02-19 09:15:47] [INFO] Downloaded product image | Context: {"product_id":77771,"attachment_id":80692,"filename":"product-image-77771-6996d4c37c457.jpg"}
[2026-02-19 09:15:48] [INFO] Downloaded product image | Context: {"product_id":77771,"attachment_id":80693,"filename":"product-image-77771-6996d4c3e2461.jpg"}
[2026-02-19 09:15:48] [INFO] Updated product | Context: {"external_id":1269258,"product_id":77771}
[2026-02-19 09:15:48] [INFO] Downloaded product image | Context: {"product_id":77827,"attachment_id":80694,"filename":"product-image-77827-6996d4c4731fa.jpg"}
[2026-02-19 09:15:49] [INFO] Downloaded product image | Context: {"product_id":77827,"attachment_id":80695,"filename":"product-image-77827-6996d4c4ec13f.jpg"}
[2026-02-19 09:15:49] [INFO] Downloaded product image | Context: {"product_id":77827,"attachment_id":80696,"filename":"product-image-77827-6996d4c563027.jpg"}
[2026-02-19 09:15:49] [INFO] Downloaded product image | Context: {"product_id":77827,"attachment_id":80697,"filename":"product-image-77827-6996d4c5be9bc.jpg"}
[2026-02-19 09:15:49] [INFO] Updated product | Context: {"external_id":1349358,"product_id":77827}
[2026-02-19 09:15:50] [INFO] Downloaded product image | Context: {"product_id":77776,"attachment_id":80698,"filename":"product-image-77776-6996d4c65154d.jpg"}
[2026-02-19 09:15:51] [INFO] Downloaded product image | Context: {"product_id":77776,"attachment_id":80699,"filename":"product-image-77776-6996d4c6e0503.jpg"}
[2026-02-19 09:15:51] [INFO] Downloaded product image | Context: {"product_id":77776,"attachment_id":80700,"filename":"product-image-77776-6996d4c75034b.jpg"}
[2026-02-19 09:15:51] [INFO] Downloaded product image | Context: {"product_id":77776,"attachment_id":80701,"filename":"product-image-77776-6996d4c7b1666.jpg"}
[2026-02-19 09:15:51] [INFO] Updated product | Context: {"external_id":1340995,"product_id":77776}
[2026-02-19 09:15:52] [INFO] Downloaded product image | Context: {"product_id":77813,"attachment_id":80702,"filename":"product-image-77813-6996d4c83ad0b.jpg"}
[2026-02-19 09:15:52] [INFO] Downloaded product image | Context: {"product_id":77813,"attachment_id":80703,"filename":"product-image-77813-6996d4c8b47a4.jpg"}
[2026-02-19 09:15:53] [INFO] Downloaded product image | Context: {"product_id":77813,"attachment_id":80704,"filename":"product-image-77813-6996d4c935d39.jpg"}
[2026-02-19 09:15:53] [INFO] Downloaded product image | Context: {"product_id":77813,"attachment_id":80705,"filename":"product-image-77813-6996d4c99587b.jpg"}
[2026-02-19 09:15:53] [INFO] Updated product | Context: {"external_id":1333773,"product_id":77813}
[2026-02-19 09:15:54] [INFO] Downloaded product image | Context: {"product_id":77772,"attachment_id":80706,"filename":"product-image-77772-6996d4ca2dfda.jpg"}
[2026-02-19 09:15:54] [INFO] Downloaded product image | Context: {"product_id":77772,"attachment_id":80707,"filename":"product-image-77772-6996d4caafaed.jpg"}
[2026-02-19 09:15:55] [INFO] Downloaded product image | Context: {"product_id":77772,"attachment_id":80708,"filename":"product-image-77772-6996d4cb3541c.jpg"}
[2026-02-19 09:15:55] [INFO] Updated product | Context: {"external_id":1473327,"product_id":77772}
[2026-02-19 09:15:55] [INFO] Downloaded product image | Context: {"product_id":77781,"attachment_id":80709,"filename":"product-image-77781-6996d4cbb8db4.jpg"}
[2026-02-19 09:15:56] [INFO] Downloaded product image | Context: {"product_id":77781,"attachment_id":80710,"filename":"product-image-77781-6996d4cc3f203.jpg"}
[2026-02-19 09:15:56] [INFO] Downloaded product image | Context: {"product_id":77781,"attachment_id":80711,"filename":"product-image-77781-6996d4cccd51b.jpg"}
[2026-02-19 09:15:57] [INFO] Downloaded product image | Context: {"product_id":77781,"attachment_id":80712,"filename":"product-image-77781-6996d4cd4ee5d.jpg"}
[2026-02-19 09:15:57] [INFO] Updated product | Context: {"external_id":1472961,"product_id":77781}
[2026-02-19 09:15:58] [INFO] Downloaded product image | Context: {"product_id":77816,"attachment_id":80713,"filename":"product-image-77816-6996d4cdd6e00.jpg"}
[2026-02-19 09:15:58] [INFO] Downloaded product image | Context: {"product_id":77816,"attachment_id":80714,"filename":"product-image-77816-6996d4ce4e532.jpg"}
[2026-02-19 09:15:58] [INFO] Downloaded product image | Context: {"product_id":77816,"attachment_id":80715,"filename":"product-image-77816-6996d4cec9f55.jpg"}
[2026-02-19 09:15:59] [INFO] Downloaded product image | Context: {"product_id":77816,"attachment_id":80716,"filename":"product-image-77816-6996d4cf48d91.jpg"}
[2026-02-19 09:15:59] [INFO] Updated product | Context: {"external_id":1337570,"product_id":77816}
[2026-02-19 09:15:59] [INFO] Updated product | Context: {"external_id":1363187,"product_id":77785}
[2026-02-19 09:15:59] [INFO] Updated product | Context: {"external_id":1475423,"product_id":77901}
[2026-02-19 09:15:59] [INFO] Updated product | Context: {"external_id":1358516,"product_id":77777}
[2026-02-19 09:16:00] [INFO] Downloaded product image | Context: {"product_id":77783,"attachment_id":80717,"filename":"product-image-77783-6996d4cfd5c57.jpg"}
[2026-02-19 09:16:00] [INFO] Downloaded product image | Context: {"product_id":77783,"attachment_id":80718,"filename":"product-image-77783-6996d4d0576eb.jpg"}
[2026-02-19 09:16:01] [INFO] Downloaded product image | Context: {"product_id":77783,"attachment_id":80719,"filename":"product-image-77783-6996d4d0ccd52.jpg"}
[2026-02-19 09:16:01] [INFO] Downloaded product image | Context: {"product_id":77783,"attachment_id":80720,"filename":"product-image-77783-6996d4d135323.jpg"}
[2026-02-19 09:16:01] [INFO] Updated product | Context: {"external_id":1312203,"product_id":77783}
[2026-02-19 09:16:01] [INFO] Downloaded product image | Context: {"product_id":77942,"attachment_id":80721,"filename":"product-image-77942-6996d4d1b5d78.jpg"}
[2026-02-19 09:16:02] [INFO] Downloaded product image | Context: {"product_id":77942,"attachment_id":80722,"filename":"product-image-77942-6996d4d23aa93.jpg"}
[2026-02-19 09:16:02] [INFO] Downloaded product image | Context: {"product_id":77942,"attachment_id":80723,"filename":"product-image-77942-6996d4d2b4265.jpg"}
[2026-02-19 09:16:03] [INFO] Downloaded product image | Context: {"product_id":77942,"attachment_id":80724,"filename":"product-image-77942-6996d4d3401b8.jpg"}
[2026-02-19 09:16:03] [INFO] Updated product | Context: {"external_id":1476779,"product_id":77942}
[2026-02-19 09:16:03] [INFO] Updated product | Context: {"external_id":1363188,"product_id":77780}
[2026-02-19 09:16:03] [INFO] Downloaded product image | Context: {"product_id":77774,"attachment_id":80725,"filename":"product-image-77774-6996d4d3c518e.jpg"}
[2026-02-19 09:16:04] [INFO] Downloaded product image | Context: {"product_id":77774,"attachment_id":80726,"filename":"product-image-77774-6996d4d440d50.jpg"}
[2026-02-19 09:16:04] [INFO] Downloaded product image | Context: {"product_id":77774,"attachment_id":80727,"filename":"product-image-77774-6996d4d4a1013.jpg"}
[2026-02-19 09:16:05] [INFO] Downloaded product image | Context: {"product_id":77774,"attachment_id":80728,"filename":"product-image-77774-6996d4d510a97.jpg"}
[2026-02-19 09:16:05] [INFO] Updated product | Context: {"external_id":1417433,"product_id":77774}
[2026-02-19 09:16:05] [INFO] Downloaded product image | Context: {"product_id":77793,"attachment_id":80729,"filename":"product-image-77793-6996d4d58ecd1.jpg"}
[2026-02-19 09:16:06] [INFO] Downloaded product image | Context: {"product_id":77793,"attachment_id":80730,"filename":"product-image-77793-6996d4d618f9e.jpg"}
[2026-02-19 09:16:06] [INFO] Downloaded product image | Context: {"product_id":77793,"attachment_id":80731,"filename":"product-image-77793-6996d4d6960ff.jpg"}
[2026-02-19 09:16:07] [INFO] Downloaded product image | Context: {"product_id":77793,"attachment_id":80732,"filename":"product-image-77793-6996d4d71d913.jpg"}
[2026-02-19 09:16:07] [INFO] Updated product | Context: {"external_id":1368954,"product_id":77793}
[2026-02-19 09:16:07] [INFO] Downloaded product image | Context: {"product_id":77814,"attachment_id":80733,"filename":"product-image-77814-6996d4d7a7ec0.jpg"}
[2026-02-19 09:16:08] [INFO] Downloaded product image | Context: {"product_id":77814,"attachment_id":80734,"filename":"product-image-77814-6996d4d82dd79.jpg"}
[2026-02-19 09:16:08] [INFO] Downloaded product image | Context: {"product_id":77814,"attachment_id":80735,"filename":"product-image-77814-6996d4d89756a.jpg"}
[2026-02-19 09:16:08] [INFO] Updated product | Context: {"external_id":1335184,"product_id":77814}
[2026-02-19 09:16:08] [INFO] Updated product | Context: {"external_id":1476775,"product_id":77819}
[2026-02-19 09:16:09] [INFO] Downloaded product image | Context: {"product_id":77791,"attachment_id":80736,"filename":"product-image-77791-6996d4d92c648.jpg"}
[2026-02-19 09:16:09] [INFO] Downloaded product image | Context: {"product_id":77791,"attachment_id":80737,"filename":"product-image-77791-6996d4d99abc6.jpg"}
[2026-02-19 09:16:10] [INFO] Downloaded product image | Context: {"product_id":77791,"attachment_id":80738,"filename":"product-image-77791-6996d4da191d7.jpg"}
[2026-02-19 09:16:10] [INFO] Downloaded product image | Context: {"product_id":77791,"attachment_id":80739,"filename":"product-image-77791-6996d4da85f4b.jpg"}
[2026-02-19 09:16:10] [INFO] Updated product | Context: {"external_id":1354806,"product_id":77791}
[2026-02-19 09:16:11] [INFO] Downloaded product image | Context: {"product_id":77831,"attachment_id":80740,"filename":"product-image-77831-6996d4db154f2.jpg"}
[2026-02-19 09:16:11] [INFO] Downloaded product image | Context: {"product_id":77831,"attachment_id":80741,"filename":"product-image-77831-6996d4db8ce16.jpg"}
[2026-02-19 09:16:12] [INFO] Downloaded product image | Context: {"product_id":77831,"attachment_id":80742,"filename":"product-image-77831-6996d4dbef3a6.jpg"}
[2026-02-19 09:16:12] [INFO] Updated product | Context: {"external_id":1344946,"product_id":77831}
[2026-02-19 09:16:12] [INFO] Downloaded product image | Context: {"product_id":77808,"attachment_id":80743,"filename":"product-image-77808-6996d4dc795e2.jpg"}
[2026-02-19 09:16:13] [INFO] Downloaded product image | Context: {"product_id":77808,"attachment_id":80744,"filename":"product-image-77808-6996d4dd06607.jpg"}
[2026-02-19 09:16:13] [INFO] Downloaded product image | Context: {"product_id":77808,"attachment_id":80745,"filename":"product-image-77808-6996d4dd7c8e1.jpg"}
[2026-02-19 09:16:14] [INFO] Downloaded product image | Context: {"product_id":77808,"attachment_id":80746,"filename":"product-image-77808-6996d4dded1bf.jpg"}
[2026-02-19 09:16:14] [INFO] Updated product | Context: {"external_id":1298239,"product_id":77808}
[2026-02-19 09:16:14] [INFO] Downloaded product image | Context: {"product_id":77782,"attachment_id":80747,"filename":"product-image-77782-6996d4de73875.jpg"}
[2026-02-19 09:16:15] [INFO] Downloaded product image | Context: {"product_id":77782,"attachment_id":80748,"filename":"product-image-77782-6996d4dee58b8.jpg"}
[2026-02-19 09:16:15] [INFO] Downloaded product image | Context: {"product_id":77782,"attachment_id":80749,"filename":"product-image-77782-6996d4df63b90.jpg"}
[2026-02-19 09:16:16] [INFO] Downloaded product image | Context: {"product_id":77782,"attachment_id":80750,"filename":"product-image-77782-6996d4dfdf126.jpg"}
[2026-02-19 09:16:16] [INFO] Updated product | Context: {"external_id":1474048,"product_id":77782}
[2026-02-19 09:16:16] [INFO] Downloaded product image | Context: {"product_id":77779,"attachment_id":80751,"filename":"product-image-77779-6996d4e06c072.jpg"}
[2026-02-19 09:16:17] [INFO] Downloaded product image | Context: {"product_id":77779,"attachment_id":80752,"filename":"product-image-77779-6996d4e0d6b8e.jpg"}
[2026-02-19 09:16:17] [INFO] Downloaded product image | Context: {"product_id":77779,"attachment_id":80753,"filename":"product-image-77779-6996d4e164296.jpg"}
[2026-02-19 09:16:18] [INFO] Downloaded product image | Context: {"product_id":77779,"attachment_id":80754,"filename":"product-image-77779-6996d4e1dda16.jpg"}
[2026-02-19 09:16:18] [INFO] Updated product | Context: {"external_id":1373061,"product_id":77779}
[2026-02-19 09:16:18] [INFO] Downloaded product image | Context: {"product_id":77787,"attachment_id":80755,"filename":"product-image-77787-6996d4e2608f5.jpg"}
[2026-02-19 09:16:19] [INFO] Downloaded product image | Context: {"product_id":77787,"attachment_id":80756,"filename":"product-image-77787-6996d4e2dd238.jpg"}
[2026-02-19 09:16:19] [INFO] Downloaded product image | Context: {"product_id":77787,"attachment_id":80757,"filename":"product-image-77787-6996d4e37334d.jpg"}
[2026-02-19 09:16:20] [INFO] Downloaded product image | Context: {"product_id":77787,"attachment_id":80758,"filename":"product-image-77787-6996d4e3d2475.jpg"}
[2026-02-19 09:16:20] [INFO] Updated product | Context: {"external_id":1269563,"product_id":77787}
[2026-02-19 09:16:20] [INFO] Downloaded product image | Context: {"product_id":77840,"attachment_id":80759,"filename":"product-image-77840-6996d4e4607ad.jpg"}
[2026-02-19 09:16:20] [INFO] Downloaded product image | Context: {"product_id":77840,"attachment_id":80760,"filename":"product-image-77840-6996d4e4c4f25.jpg"}
[2026-02-19 09:16:21] [INFO] Downloaded product image | Context: {"product_id":77840,"attachment_id":80761,"filename":"product-image-77840-6996d4e53d707.jpg"}
[2026-02-19 09:16:21] [INFO] Downloaded product image | Context: {"product_id":77840,"attachment_id":80762,"filename":"product-image-77840-6996d4e5b7d40.jpg"}
[2026-02-19 09:16:21] [INFO] Updated product | Context: {"external_id":1354631,"product_id":77840}
[2026-02-19 09:16:22] [INFO] Downloaded product image | Context: {"product_id":77908,"attachment_id":80763,"filename":"product-image-77908-6996d4e640b52.jpg"}
[2026-02-19 09:16:22] [INFO] Downloaded product image | Context: {"product_id":77908,"attachment_id":80764,"filename":"product-image-77908-6996d4e6b20ca.jpg"}
[2026-02-19 09:16:23] [INFO] Downloaded product image | Context: {"product_id":77908,"attachment_id":80765,"filename":"product-image-77908-6996d4e723e17.jpg"}
[2026-02-19 09:16:23] [INFO] Downloaded product image | Context: {"product_id":77908,"attachment_id":80766,"filename":"product-image-77908-6996d4e79f0eb.jpg"}
[2026-02-19 09:16:23] [INFO] Updated product | Context: {"external_id":1354538,"product_id":77908}
[2026-02-19 09:16:23] [INFO] Updated product | Context: {"external_id":1349268,"product_id":77972}
[2026-02-19 09:16:23] [INFO] Updated product | Context: {"external_id":1472591,"product_id":77788}
[2026-02-19 09:16:24] [INFO] Downloaded product image | Context: {"product_id":77880,"attachment_id":80767,"filename":"product-image-77880-6996d4e841e9a.jpg"}
[2026-02-19 09:16:24] [INFO] Downloaded product image | Context: {"product_id":77880,"attachment_id":80768,"filename":"product-image-77880-6996d4e8b2ce0.jpg"}
[2026-02-19 09:16:25] [INFO] Downloaded product image | Context: {"product_id":77880,"attachment_id":80769,"filename":"product-image-77880-6996d4e930a72.jpg"}
[2026-02-19 09:16:25] [INFO] Downloaded product image | Context: {"product_id":77880,"attachment_id":80770,"filename":"product-image-77880-6996d4e9a6c9e.jpg"}
[2026-02-19 09:16:25] [INFO] Updated product | Context: {"external_id":1346822,"product_id":77880}
[2026-02-19 09:16:26] [INFO] Downloaded product image | Context: {"product_id":77802,"attachment_id":80771,"filename":"product-image-77802-6996d4ea1e003.jpg"}
[2026-02-19 09:16:26] [INFO] Downloaded product image | Context: {"product_id":77802,"attachment_id":80772,"filename":"product-image-77802-6996d4ea92783.jpg"}
[2026-02-19 09:16:27] [INFO] Downloaded product image | Context: {"product_id":77802,"attachment_id":80773,"filename":"product-image-77802-6996d4eb1a686.jpg"}
[2026-02-19 09:16:27] [INFO] Downloaded product image | Context: {"product_id":77802,"attachment_id":80774,"filename":"product-image-77802-6996d4eb82495.jpg"}
[2026-02-19 09:16:27] [INFO] Updated product | Context: {"external_id":1470558,"product_id":77802}
[2026-02-19 09:16:28] [INFO] Downloaded product image | Context: {"product_id":77806,"attachment_id":80775,"filename":"product-image-77806-6996d4ec17f1e.jpg"}
[2026-02-19 09:16:28] [INFO] Downloaded product image | Context: {"product_id":77806,"attachment_id":80776,"filename":"product-image-77806-6996d4ec87b96.jpg"}
[2026-02-19 09:16:29] [INFO] Downloaded product image | Context: {"product_id":77806,"attachment_id":80777,"filename":"product-image-77806-6996d4ed05657.jpg"}
[2026-02-19 09:16:29] [INFO] Downloaded product image | Context: {"product_id":77806,"attachment_id":80778,"filename":"product-image-77806-6996d4ed664a3.jpg"}
[2026-02-19 09:16:29] [INFO] Updated product | Context: {"external_id":1335149,"product_id":77806}
[2026-02-19 09:16:29] [INFO] Updated product | Context: {"external_id":1292491,"product_id":77794}
[2026-02-19 09:16:30] [INFO] Downloaded product image | Context: {"product_id":77811,"attachment_id":80779,"filename":"product-image-77811-6996d4edef3ce.jpg"}
[2026-02-19 09:16:30] [INFO] Updated product | Context: {"external_id":1479641,"product_id":77811}
[2026-02-19 09:16:30] [INFO] Updated product | Context: {"external_id":1475412,"product_id":77859}
[2026-02-19 09:16:30] [INFO] Updated product | Context: {"external_id":1469762,"product_id":77804}
[2026-02-19 09:16:30] [INFO] Updated product | Context: {"external_id":1349316,"product_id":77797}
[2026-02-19 09:16:30] [INFO] Updated product | Context: {"external_id":1335160,"product_id":77792}
[2026-02-19 09:16:30] [INFO] Downloaded product image | Context: {"product_id":77784,"attachment_id":80780,"filename":"product-image-77784-6996d4ee9c630.jpg"}
[2026-02-19 09:16:31] [INFO] Downloaded product image | Context: {"product_id":77784,"attachment_id":80781,"filename":"product-image-77784-6996d4ef1e9d0.jpg"}
[2026-02-19 09:16:31] [INFO] Downloaded product image | Context: {"product_id":77784,"attachment_id":80782,"filename":"product-image-77784-6996d4ef9826b.jpg"}
[2026-02-19 09:16:32] [INFO] Downloaded product image | Context: {"product_id":77784,"attachment_id":80783,"filename":"product-image-77784-6996d4f014665.jpg"}
[2026-02-19 09:16:32] [INFO] Updated product | Context: {"external_id":1276559,"product_id":77784}
[2026-02-19 09:16:32] [INFO] Downloaded product image | Context: {"product_id":78149,"attachment_id":80784,"filename":"product-image-78149-6996d4f09cc68.jpg"}
[2026-02-19 09:16:32] [INFO] Updated product | Context: {"external_id":1347254,"product_id":78149}
[2026-02-19 09:16:33] [INFO] Downloaded product image | Context: {"product_id":78044,"attachment_id":80785,"filename":"product-image-78044-6996d4f12b913.jpg"}
[2026-02-19 09:16:33] [INFO] Downloaded product image | Context: {"product_id":78044,"attachment_id":80786,"filename":"product-image-78044-6996d4f19c983.jpg"}
[2026-02-19 09:16:34] [INFO] Downloaded product image | Context: {"product_id":78044,"attachment_id":80787,"filename":"product-image-78044-6996d4f21d847.jpg"}
[2026-02-19 09:16:34] [INFO] Downloaded product image | Context: {"product_id":78044,"attachment_id":80788,"filename":"product-image-78044-6996d4f28d864.jpg"}
[2026-02-19 09:16:34] [INFO] Updated product | Context: {"external_id":1322905,"product_id":78044}
[2026-02-19 09:16:34] [INFO] Updated product | Context: {"external_id":1472162,"product_id":77790}
[2026-02-19 09:16:34] [INFO] Updated product | Context: {"external_id":1471992,"product_id":77810}
[2026-02-19 09:16:34] [INFO] Updated product | Context: {"external_id":1470721,"product_id":77839}
[2026-02-19 09:16:35] [INFO] Downloaded product image | Context: {"product_id":77836,"attachment_id":80789,"filename":"product-image-77836-6996d4f33ad37.jpg"}
[2026-02-19 09:16:35] [INFO] Downloaded product image | Context: {"product_id":77836,"attachment_id":80790,"filename":"product-image-77836-6996d4f3b070e.jpg"}
[2026-02-19 09:16:36] [INFO] Downloaded product image | Context: {"product_id":77836,"attachment_id":80791,"filename":"product-image-77836-6996d4f434980.jpg"}
[2026-02-19 09:16:36] [INFO] Downloaded product image | Context: {"product_id":77836,"attachment_id":80792,"filename":"product-image-77836-6996d4f4ace11.jpg"}
[2026-02-19 09:16:36] [INFO] Updated product | Context: {"external_id":1321087,"product_id":77836}
[2026-02-19 09:16:37] [INFO] Downloaded product image | Context: {"product_id":77795,"attachment_id":80793,"filename":"product-image-77795-6996d4f5382a3.jpg"}
[2026-02-19 09:16:37] [INFO] Downloaded product image | Context: {"product_id":77795,"attachment_id":80794,"filename":"product-image-77795-6996d4f5c5756.jpg"}
[2026-02-19 09:16:38] [INFO] Downloaded product image | Context: {"product_id":77795,"attachment_id":80795,"filename":"product-image-77795-6996d4f652bb4.jpg"}
[2026-02-19 09:16:38] [INFO] Downloaded product image | Context: {"product_id":77795,"attachment_id":80796,"filename":"product-image-77795-6996d4f6b0883.jpg"}
[2026-02-19 09:16:38] [INFO] Updated product | Context: {"external_id":1232015,"product_id":77795}
[2026-02-19 09:16:38] [INFO] Updated product | Context: {"external_id":1335187,"product_id":77841}
[2026-02-19 09:16:39] [INFO] Downloaded product image | Context: {"product_id":77912,"attachment_id":80797,"filename":"product-image-77912-6996d4f7566b6.jpg"}
[2026-02-19 09:16:39] [INFO] Downloaded product image | Context: {"product_id":77912,"attachment_id":80798,"filename":"product-image-77912-6996d4f7bf1b3.jpg"}
[2026-02-19 09:16:40] [INFO] Downloaded product image | Context: {"product_id":77912,"attachment_id":80799,"filename":"product-image-77912-6996d4f849593.jpg"}
[2026-02-19 09:16:40] [INFO] Updated product | Context: {"external_id":1472097,"product_id":77912}
[2026-02-19 09:16:40] [INFO] Downloaded product image | Context: {"product_id":77796,"attachment_id":80800,"filename":"product-image-77796-6996d4f8bff8f.jpg"}
[2026-02-19 09:16:41] [INFO] Downloaded product image | Context: {"product_id":77796,"attachment_id":80801,"filename":"product-image-77796-6996d4f9421f5.jpg"}
[2026-02-19 09:16:41] [INFO] Downloaded product image | Context: {"product_id":77796,"attachment_id":80802,"filename":"product-image-77796-6996d4f9aba9a.jpg"}
[2026-02-19 09:16:42] [INFO] Downloaded product image | Context: {"product_id":77796,"attachment_id":80803,"filename":"product-image-77796-6996d4fa32374.jpg"}
[2026-02-19 09:16:42] [INFO] Downloaded product image | Context: {"product_id":77796,"attachment_id":80804,"filename":"product-image-77796-6996d4faa4638.jpg"}
[2026-02-19 09:16:42] [INFO] Updated product | Context: {"external_id":1357705,"product_id":77796}
[2026-02-19 09:16:43] [INFO] Batch processed | Context: {"offset":600,"total":3431}
[2026-02-19 09:16:43] [INFO] Downloaded product image | Context: {"product_id":77821,"attachment_id":80805,"filename":"product-image-77821-6996d4fb32e13.jpg"}
[2026-02-19 09:16:43] [INFO] Downloaded product image | Context: {"product_id":77821,"attachment_id":80806,"filename":"product-image-77821-6996d4fba8016.jpg"}
[2026-02-19 09:16:44] [INFO] Updated product | Context: {"external_id":1349250,"product_id":77955}
[2026-02-19 09:16:44] [INFO] Updated product | Context: {"external_id":1476055,"product_id":77848}
[2026-02-19 09:16:44] [INFO] Updated product | Context: {"external_id":1349243,"product_id":78821}
[2026-02-19 09:16:44] [INFO] Downloaded product image | Context: {"product_id":77821,"attachment_id":80807,"filename":"product-image-77821-6996d4fc23747.jpg"}
[2026-02-19 09:16:44] [INFO] Downloaded product image | Context: {"product_id":77900,"attachment_id":80808,"filename":"product-image-77900-6996d4fc9b003.jpg"}
[2026-02-19 09:16:44] [INFO] Downloaded product image | Context: {"product_id":77821,"attachment_id":80809,"filename":"product-image-77821-6996d4fcac6b9.jpg"}
[2026-02-19 09:16:44] [INFO] Updated product | Context: {"external_id":1355930,"product_id":77821}
[2026-02-19 09:16:44] [INFO] Batch processed | Context: {"offset":600,"total":3431}
[2026-02-19 09:16:45] [INFO] Downloaded product image | Context: {"product_id":77900,"attachment_id":80810,"filename":"product-image-77900-6996d4fd20b6f.jpg"}
[2026-02-19 09:16:45] [INFO] Downloaded product image | Context: {"product_id":77900,"attachment_id":80811,"filename":"product-image-77900-6996d4fd8b293.jpg"}
[2026-02-19 09:16:46] [INFO] Downloaded product image | Context: {"product_id":77900,"attachment_id":80812,"filename":"product-image-77900-6996d4fe0d2db.jpg"}
[2026-02-19 09:16:46] [INFO] Updated product | Context: {"external_id":1243624,"product_id":77900}
[2026-02-19 09:16:46] [INFO] Downloaded product image | Context: {"product_id":77829,"attachment_id":80813,"filename":"product-image-77829-6996d4fe8c4ec.jpg"}
[2026-02-19 09:16:47] [INFO] Downloaded product image | Context: {"product_id":77829,"attachment_id":80814,"filename":"product-image-77829-6996d4fef27a0.jpg"}
[2026-02-19 09:16:47] [INFO] Downloaded product image | Context: {"product_id":77829,"attachment_id":80815,"filename":"product-image-77829-6996d4ff72675.jpg"}
[2026-02-19 09:16:48] [INFO] Downloaded product image | Context: {"product_id":77829,"attachment_id":80816,"filename":"product-image-77829-6996d4ffd97b6.jpg"}
[2026-02-19 09:16:48] [INFO] Updated product | Context: {"external_id":1471479,"product_id":77829}
[2026-02-19 09:16:48] [INFO] Updated product | Context: {"external_id":1344896,"product_id":77818}
[2026-02-19 09:16:48] [INFO] Downloaded product image | Context: {"product_id":77828,"attachment_id":80817,"filename":"product-image-77828-6996d5006f1bc.jpg"}
[2026-02-19 09:16:49] [INFO] Downloaded product image | Context: {"product_id":77828,"attachment_id":80818,"filename":"product-image-77828-6996d500e9d8d.jpg"}
[2026-02-19 09:16:49] [INFO] Downloaded product image | Context: {"product_id":77828,"attachment_id":80819,"filename":"product-image-77828-6996d5018a0b7.jpg"}
[2026-02-19 09:16:50] [INFO] Downloaded product image | Context: {"product_id":77828,"attachment_id":80820,"filename":"product-image-77828-6996d50208076.jpg"}
[2026-02-19 09:16:50] [INFO] Updated product | Context: {"external_id":1340305,"product_id":77828}
[2026-02-19 09:16:50] [INFO] Updated product | Context: {"external_id":1472585,"product_id":77885}
[2026-02-19 09:16:50] [INFO] Updated product | Context: {"external_id":1469749,"product_id":77775}
[2026-02-19 09:16:50] [INFO] Downloaded product image | Context: {"product_id":77846,"attachment_id":80821,"filename":"product-image-77846-6996d502a937f.jpg"}
[2026-02-19 09:16:51] [INFO] Downloaded product image | Context: {"product_id":77846,"attachment_id":80822,"filename":"product-image-77846-6996d5033543f.jpg"}
[2026-02-19 09:16:51] [INFO] Downloaded product image | Context: {"product_id":77846,"attachment_id":80823,"filename":"product-image-77846-6996d50399d28.jpg"}
[2026-02-19 09:16:52] [INFO] Downloaded product image | Context: {"product_id":77846,"attachment_id":80824,"filename":"product-image-77846-6996d50410cf2.jpg"}
[2026-02-19 09:16:52] [INFO] Updated product | Context: {"external_id":1454633,"product_id":77846}
[2026-02-19 09:16:52] [INFO] Updated product | Context: {"external_id":1476366,"product_id":77853}
[2026-02-19 09:16:52] [INFO] Downloaded product image | Context: {"product_id":77838,"attachment_id":80825,"filename":"product-image-77838-6996d504a2f9b.jpg"}
[2026-02-19 09:16:53] [INFO] Downloaded product image | Context: {"product_id":77838,"attachment_id":80826,"filename":"product-image-77838-6996d50514b31.jpg"}
[2026-02-19 09:16:53] [INFO] Downloaded product image | Context: {"product_id":77838,"attachment_id":80827,"filename":"product-image-77838-6996d50570813.jpg"}
[2026-02-19 09:16:53] [INFO] Downloaded product image | Context: {"product_id":77838,"attachment_id":80828,"filename":"product-image-77838-6996d505c8529.jpg"}
[2026-02-19 09:16:53] [INFO] Updated product | Context: {"external_id":1472586,"product_id":77838}
[2026-02-19 09:16:54] [INFO] Updated product | Context: {"external_id":1470561,"product_id":77817}
[2026-02-19 09:16:54] [INFO] Downloaded product image | Context: {"product_id":77949,"attachment_id":80829,"filename":"product-image-77949-6996d5066643a.jpg"}
[2026-02-19 09:16:55] [INFO] Downloaded product image | Context: {"product_id":77949,"attachment_id":80830,"filename":"product-image-77949-6996d506dbaf0.jpg"}
[2026-02-19 09:16:55] [INFO] Downloaded product image | Context: {"product_id":77949,"attachment_id":80831,"filename":"product-image-77949-6996d507469b1.jpg"}
[2026-02-19 09:16:55] [INFO] Downloaded product image | Context: {"product_id":77949,"attachment_id":80832,"filename":"product-image-77949-6996d507c2509.jpg"}
[2026-02-19 09:16:55] [INFO] Updated product | Context: {"external_id":1358173,"product_id":77949}
[2026-02-19 09:16:55] [INFO] Updated product | Context: {"external_id":1269256,"product_id":77927}
[2026-02-19 09:16:56] [INFO] Updated product | Context: {"external_id":1476138,"product_id":79074}
[2026-02-19 09:16:56] [INFO] Updated product | Context: {"external_id":1473330,"product_id":77843}
[2026-02-19 09:16:56] [INFO] Updated product | Context: {"external_id":1340996,"product_id":77825}
[2026-02-19 09:16:56] [INFO] Downloaded product image | Context: {"product_id":77807,"attachment_id":80833,"filename":"product-image-77807-6996d50877d2a.jpg"}
[2026-02-19 09:16:57] [INFO] Downloaded product image | Context: {"product_id":77807,"attachment_id":80834,"filename":"product-image-77807-6996d508f2b92.jpg"}
[2026-02-19 09:16:57] [INFO] Downloaded product image | Context: {"product_id":77807,"attachment_id":80835,"filename":"product-image-77807-6996d5096fbf0.jpg"}
[2026-02-19 09:16:58] [INFO] Downloaded product image | Context: {"product_id":77807,"attachment_id":80836,"filename":"product-image-77807-6996d509e22c1.jpg"}
[2026-02-19 09:16:58] [INFO] Updated product | Context: {"external_id":1333184,"product_id":77807}
[2026-02-19 09:16:58] [INFO] Updated product | Context: {"external_id":1312486,"product_id":77801}
[2026-02-19 09:16:58] [INFO] Updated product | Context: {"external_id":1476056,"product_id":77864}
[2026-02-19 09:16:58] [INFO] Downloaded product image | Context: {"product_id":77803,"attachment_id":80837,"filename":"product-image-77803-6996d50a7a1f8.jpg"}
[2026-02-19 09:16:59] [INFO] Downloaded product image | Context: {"product_id":77803,"attachment_id":80838,"filename":"product-image-77803-6996d50af0b38.jpg"}
[2026-02-19 09:16:59] [INFO] Downloaded product image | Context: {"product_id":77803,"attachment_id":80839,"filename":"product-image-77803-6996d50b82b51.jpg"}
[2026-02-19 09:17:00] [INFO] Downloaded product image | Context: {"product_id":77803,"attachment_id":80840,"filename":"product-image-77803-6996d50c0018f.jpg"}
[2026-02-19 09:17:00] [INFO] Updated product | Context: {"external_id":1472173,"product_id":77803}
[2026-02-19 09:17:00] [INFO] Downloaded product image | Context: {"product_id":77872,"attachment_id":80841,"filename":"product-image-77872-6996d50c898d2.jpg"}
[2026-02-19 09:17:01] [INFO] Downloaded product image | Context: {"product_id":77872,"attachment_id":80842,"filename":"product-image-77872-6996d50d127bc.jpg"}
[2026-02-19 09:17:01] [INFO] Downloaded product image | Context: {"product_id":77872,"attachment_id":80843,"filename":"product-image-77872-6996d50d85858.jpg"}
[2026-02-19 09:17:02] [INFO] Downloaded product image | Context: {"product_id":77872,"attachment_id":80844,"filename":"product-image-77872-6996d50e11075.jpg"}
[2026-02-19 09:17:02] [INFO] Updated product | Context: {"external_id":1346946,"product_id":77872}
[2026-02-19 09:17:02] [INFO] Downloaded product image | Context: {"product_id":77786,"attachment_id":80845,"filename":"product-image-77786-6996d50e93f1f.jpg"}
[2026-02-19 09:17:03] [INFO] Downloaded product image | Context: {"product_id":77786,"attachment_id":80846,"filename":"product-image-77786-6996d50f0e80b.jpg"}
[2026-02-19 09:17:03] [INFO] Downloaded product image | Context: {"product_id":77786,"attachment_id":80847,"filename":"product-image-77786-6996d50f8c420.jpg"}
[2026-02-19 09:17:04] [INFO] Downloaded product image | Context: {"product_id":77786,"attachment_id":80848,"filename":"product-image-77786-6996d50fef633.jpg"}
[2026-02-19 09:17:04] [INFO] Updated product | Context: {"external_id":1340773,"product_id":77786}
[2026-02-19 09:17:04] [INFO] Downloaded product image | Context: {"product_id":77852,"attachment_id":80849,"filename":"product-image-77852-6996d510804ff.jpg"}
[2026-02-19 09:17:05] [INFO] Downloaded product image | Context: {"product_id":77852,"attachment_id":80850,"filename":"product-image-77852-6996d5110699e.jpg"}
[2026-02-19 09:17:05] [INFO] Downloaded product image | Context: {"product_id":77852,"attachment_id":80851,"filename":"product-image-77852-6996d5118390e.jpg"}
[2026-02-19 09:17:06] [INFO] Downloaded product image | Context: {"product_id":77852,"attachment_id":80852,"filename":"product-image-77852-6996d511eb52d.jpg"}
[2026-02-19 09:17:06] [INFO] Updated product | Context: {"external_id":1299815,"product_id":77852}
[2026-02-19 09:17:06] [INFO] Updated product | Context: {"external_id":1357461,"product_id":77906}
[2026-02-19 09:17:06] [INFO] Downloaded product image | Context: {"product_id":80853,"attachment_id":80854,"filename":"product-image-80853-6996d51298633.jpg"}
[2026-02-19 09:17:07] [INFO] Downloaded product image | Context: {"product_id":80853,"attachment_id":80855,"filename":"product-image-80853-6996d51313f8a.jpg"}
[2026-02-19 09:17:07] [INFO] Downloaded product image | Context: {"product_id":80853,"attachment_id":80856,"filename":"product-image-80853-6996d51384fa9.jpg"}
[2026-02-19 09:17:08] [INFO] Downloaded product image | Context: {"product_id":80853,"attachment_id":80857,"filename":"product-image-80853-6996d513eb4d9.jpg"}
[2026-02-19 09:17:08] [INFO] Created product | Context: {"external_id":1484918,"product_id":80853}
[2026-02-19 09:17:08] [INFO] Updated product | Context: {"external_id":1355931,"product_id":77830}
[2026-02-19 09:17:08] [INFO] Downloaded product image | Context: {"product_id":77863,"attachment_id":80858,"filename":"product-image-77863-6996d51473742.jpg"}
[2026-02-19 09:17:09] [INFO] Downloaded product image | Context: {"product_id":77863,"attachment_id":80859,"filename":"product-image-77863-6996d514ea326.jpg"}
[2026-02-19 09:17:09] [INFO] Downloaded product image | Context: {"product_id":77863,"attachment_id":80860,"filename":"product-image-77863-6996d51557f50.jpg"}
[2026-02-19 09:17:10] [INFO] Downloaded product image | Context: {"product_id":77863,"attachment_id":80861,"filename":"product-image-77863-6996d515d1e07.jpg"}
[2026-02-19 09:17:10] [INFO] Updated product | Context: {"external_id":1322295,"product_id":77863}
[2026-02-19 09:17:10] [INFO] Updated product | Context: {"external_id":1475419,"product_id":78053}
[2026-02-19 09:17:10] [INFO] Downloaded product image | Context: {"product_id":77888,"attachment_id":80862,"filename":"product-image-77888-6996d51676c12.jpg"}
[2026-02-19 09:17:11] [INFO] Downloaded product image | Context: {"product_id":77888,"attachment_id":80863,"filename":"product-image-77888-6996d516ebe8d.jpg"}
[2026-02-19 09:17:11] [INFO] Downloaded product image | Context: {"product_id":77888,"attachment_id":80864,"filename":"product-image-77888-6996d5177c0fa.jpg"}
[2026-02-19 09:17:12] [INFO] Downloaded product image | Context: {"product_id":77888,"attachment_id":80865,"filename":"product-image-77888-6996d517dfaa2.jpg"}
[2026-02-19 09:17:12] [INFO] Updated product | Context: {"external_id":1454755,"product_id":77888}
[2026-02-19 09:17:12] [INFO] Downloaded product image | Context: {"product_id":77812,"attachment_id":80866,"filename":"product-image-77812-6996d51862a07.jpg"}
[2026-02-19 09:17:13] [INFO] Downloaded product image | Context: {"product_id":77812,"attachment_id":80867,"filename":"product-image-77812-6996d518e0c54.jpg"}
[2026-02-19 09:17:13] [INFO] Downloaded product image | Context: {"product_id":77812,"attachment_id":80868,"filename":"product-image-77812-6996d51961d90.jpg"}
[2026-02-19 09:17:13] [INFO] Downloaded product image | Context: {"product_id":77812,"attachment_id":80869,"filename":"product-image-77812-6996d519cc9a4.jpg"}
[2026-02-19 09:17:13] [INFO] Updated product | Context: {"external_id":1341697,"product_id":77812}
[2026-02-19 09:17:14] [INFO] Updated product | Context: {"external_id":1475427,"product_id":78014}
[2026-02-19 09:17:14] [INFO] Updated product | Context: {"external_id":1473012,"product_id":77860}
[2026-02-19 09:17:14] [INFO] Updated product | Context: {"external_id":1357456,"product_id":77871}
[2026-02-19 09:17:14] [INFO] Downloaded product image | Context: {"product_id":78002,"attachment_id":80870,"filename":"product-image-78002-6996d51a74d58.jpg"}
[2026-02-19 09:17:14] [INFO] Updated product | Context: {"external_id":1344945,"product_id":78002}
[2026-02-19 09:17:15] [INFO] Downloaded product image | Context: {"product_id":78019,"attachment_id":80871,"filename":"product-image-78019-6996d51ae026c.jpg"}
[2026-02-19 09:17:15] [INFO] Downloaded product image | Context: {"product_id":78019,"attachment_id":80872,"filename":"product-image-78019-6996d51b62572.jpg"}
[2026-02-19 09:17:15] [INFO] Downloaded product image | Context: {"product_id":78019,"attachment_id":80873,"filename":"product-image-78019-6996d51bcce7a.jpg"}
[2026-02-19 09:17:16] [INFO] Downloaded product image | Context: {"product_id":78019,"attachment_id":80874,"filename":"product-image-78019-6996d51c3071f.jpg"}
[2026-02-19 09:17:16] [INFO] Updated product | Context: {"external_id":1454636,"product_id":78019}
[2026-02-19 09:17:16] [INFO] Downloaded product image | Context: {"product_id":78808,"attachment_id":80875,"filename":"product-image-78808-6996d51ca1b40.jpg"}
[2026-02-19 09:17:16] [INFO] Updated product | Context: {"external_id":1349345,"product_id":78808}
[2026-02-19 09:17:17] [INFO] Downloaded product image | Context: {"product_id":78040,"attachment_id":80876,"filename":"product-image-78040-6996d51d3a29a.jpg"}
[2026-02-19 09:17:17] [INFO] Downloaded product image | Context: {"product_id":78040,"attachment_id":80877,"filename":"product-image-78040-6996d51da1946.jpg"}
[2026-02-19 09:17:18] [INFO] Downloaded product image | Context: {"product_id":78040,"attachment_id":80878,"filename":"product-image-78040-6996d51e142ba.jpg"}
[2026-02-19 09:17:18] [INFO] Updated product | Context: {"external_id":1343030,"product_id":78040}
[2026-02-19 09:17:18] [INFO] Updated product | Context: {"external_id":1312688,"product_id":77881}
[2026-02-19 09:17:18] [INFO] Downloaded product image | Context: {"product_id":77845,"attachment_id":80879,"filename":"product-image-77845-6996d51ea89d6.jpg"}
[2026-02-19 09:17:19] [INFO] Downloaded product image | Context: {"product_id":77845,"attachment_id":80880,"filename":"product-image-77845-6996d51f329a8.jpg"}
[2026-02-19 09:17:19] [INFO] Downloaded product image | Context: {"product_id":77845,"attachment_id":80881,"filename":"product-image-77845-6996d51f93891.jpg"}
[2026-02-19 09:17:20] [INFO] Downloaded product image | Context: {"product_id":77845,"attachment_id":80882,"filename":"product-image-77845-6996d5200fdc9.jpg"}
[2026-02-19 09:17:20] [INFO] Updated product | Context: {"external_id":1282943,"product_id":77845}
[2026-02-19 09:17:20] [INFO] Created product | Context: {"external_id":1484916,"product_id":80883}
[2026-02-19 09:17:20] [INFO] Downloaded product image | Context: {"product_id":77809,"attachment_id":80884,"filename":"product-image-77809-6996d520b0238.jpg"}
[2026-02-19 09:17:21] [INFO] Downloaded product image | Context: {"product_id":77809,"attachment_id":80885,"filename":"product-image-77809-6996d52120d8f.jpg"}
[2026-02-19 09:17:21] [INFO] Downloaded product image | Context: {"product_id":77809,"attachment_id":80886,"filename":"product-image-77809-6996d52189e1d.jpg"}
[2026-02-19 09:17:22] [INFO] Downloaded product image | Context: {"product_id":77809,"attachment_id":80887,"filename":"product-image-77809-6996d52220afb.jpg"}
[2026-02-19 09:17:22] [INFO] Updated product | Context: {"external_id":1474886,"product_id":77809}
[2026-02-19 09:17:22] [INFO] Updated product | Context: {"external_id":1474882,"product_id":77820}
[2026-02-19 09:17:22] [INFO] Updated product | Context: {"external_id":1472210,"product_id":77987}
[2026-02-19 09:17:22] [INFO] Updated product | Context: {"external_id":1471995,"product_id":77799}
[2026-02-19 09:17:22] [INFO] Updated product | Context: {"external_id":1455679,"product_id":77887}
[2026-02-19 09:17:23] [INFO] Downloaded product image | Context: {"product_id":77857,"attachment_id":80888,"filename":"product-image-77857-6996d522d6973.jpg"}
[2026-02-19 09:17:23] [INFO] Downloaded product image | Context: {"product_id":77857,"attachment_id":80889,"filename":"product-image-77857-6996d5235f197.jpg"}
[2026-02-19 09:17:23] [INFO] Downloaded product image | Context: {"product_id":77857,"attachment_id":80890,"filename":"product-image-77857-6996d523c2632.jpg"}
[2026-02-19 09:17:24] [INFO] Downloaded product image | Context: {"product_id":77857,"attachment_id":80891,"filename":"product-image-77857-6996d52434dfd.jpg"}
[2026-02-19 09:17:24] [INFO] Updated product | Context: {"external_id":1349364,"product_id":77857}
[2026-02-19 09:17:24] [INFO] Downloaded product image | Context: {"product_id":77815,"attachment_id":80892,"filename":"product-image-77815-6996d524bade7.jpg"}
[2026-02-19 09:17:25] [INFO] Downloaded product image | Context: {"product_id":77815,"attachment_id":80893,"filename":"product-image-77815-6996d5253fe32.jpg"}
[2026-02-19 09:17:25] [INFO] Downloaded product image | Context: {"product_id":77815,"attachment_id":80894,"filename":"product-image-77815-6996d525bfd5e.jpg"}
[2026-02-19 09:17:26] [INFO] Downloaded product image | Context: {"product_id":77815,"attachment_id":80895,"filename":"product-image-77815-6996d5263af81.jpg"}
[2026-02-19 09:17:26] [INFO] Updated product | Context: {"external_id":1327654,"product_id":77815}
[2026-02-19 09:17:26] [INFO] Updated product | Context: {"external_id":1473311,"product_id":77911}
[2026-02-19 09:17:26] [INFO] Batch processed | Context: {"offset":650,"total":3431}
[2026-02-19 09:17:27] [INFO] Updated product | Context: {"external_id":1472201,"product_id":77854}
[2026-02-19 09:17:27] [INFO] Updated product | Context: {"external_id":1476086,"product_id":79095}
[2026-02-19 09:17:27] [INFO] Downloaded product image | Context: {"product_id":77855,"attachment_id":80896,"filename":"product-image-77855-6996d527cda37.jpg"}
[2026-02-19 09:17:28] [INFO] Downloaded product image | Context: {"product_id":77855,"attachment_id":80897,"filename":"product-image-77855-6996d528564b1.jpg"}
[2026-02-19 09:17:29] [INFO] Downloaded product image | Context: {"product_id":77855,"attachment_id":80898,"filename":"product-image-77855-6996d528ce8df.jpg"}
[2026-02-19 09:17:29] [INFO] Downloaded product image | Context: {"product_id":77855,"attachment_id":80899,"filename":"product-image-77855-6996d52950986.jpg"}
[2026-02-19 09:17:29] [INFO] Updated product | Context: {"external_id":1373198,"product_id":77855}
[2026-02-19 09:17:30] [INFO] Downloaded product image | Context: {"product_id":77933,"attachment_id":80900,"filename":"product-image-77933-6996d529d3044.jpg"}
[2026-02-19 09:17:30] [INFO] Downloaded product image | Context: {"product_id":77933,"attachment_id":80901,"filename":"product-image-77933-6996d52a4f2e7.jpg"}
[2026-02-19 09:17:30] [INFO] Downloaded product image | Context: {"product_id":77933,"attachment_id":80902,"filename":"product-image-77933-6996d52ac3fec.jpg"}
[2026-02-19 09:17:31] [INFO] Downloaded product image | Context: {"product_id":77933,"attachment_id":80903,"filename":"product-image-77933-6996d52b2ff53.jpg"}
[2026-02-19 09:17:31] [INFO] Updated product | Context: {"external_id":1365822,"product_id":77933}
[2026-02-19 09:17:31] [INFO] Updated product | Context: {"external_id":1355926,"product_id":77805}
[2026-02-19 09:17:31] [INFO] Downloaded product image | Context: {"product_id":77980,"attachment_id":80904,"filename":"product-image-77980-6996d52bbe8ea.jpg"}
[2026-02-19 09:17:32] [INFO] Downloaded product image | Context: {"product_id":77980,"attachment_id":80905,"filename":"product-image-77980-6996d52c310ad.jpg"}
[2026-02-19 09:17:32] [INFO] Downloaded product image | Context: {"product_id":77980,"attachment_id":80906,"filename":"product-image-77980-6996d52ca137b.jpg"}
[2026-02-19 09:17:33] [INFO] Downloaded product image | Context: {"product_id":77980,"attachment_id":80907,"filename":"product-image-77980-6996d52d27e0c.jpg"}
[2026-02-19 09:17:33] [INFO] Updated product | Context: {"external_id":1309378,"product_id":77980}
[2026-02-19 09:17:33] [INFO] Updated product | Context: {"external_id":1308253,"product_id":77842}
[2026-02-19 09:17:33] [INFO] Updated product | Context: {"external_id":1269259,"product_id":77869}
[2026-02-19 09:17:33] [INFO] Updated product | Context: {"external_id":1479647,"product_id":77941}
[2026-02-19 09:17:33] [INFO] Updated product | Context: {"external_id":1472958,"product_id":77870}
[2026-02-19 09:17:33] [INFO] Updated product | Context: {"external_id":1354632,"product_id":77951}
[2026-02-19 09:17:33] [INFO] Updated product | Context: {"external_id":1346830,"product_id":77835}
[2026-02-19 09:17:33] [INFO] Updated product | Context: {"external_id":1340434,"product_id":78089}
[2026-02-19 09:17:34] [INFO] Downloaded product image | Context: {"product_id":78156,"attachment_id":80908,"filename":"product-image-78156-6996d52dea97b.jpg"}
[2026-02-19 09:17:34] [INFO] Updated product | Context: {"external_id":1339937,"product_id":78156}
[2026-02-19 09:17:34] [INFO] Updated product | Context: {"external_id":1327652,"product_id":77922}
[2026-02-19 09:17:34] [INFO] Downloaded product image | Context: {"product_id":77883,"attachment_id":80909,"filename":"product-image-77883-6996d52e7e25f.jpg"}
[2026-02-19 09:17:35] [INFO] Downloaded product image | Context: {"product_id":77883,"attachment_id":80910,"filename":"product-image-77883-6996d52eea3ca.jpg"}
[2026-02-19 09:17:35] [INFO] Downloaded product image | Context: {"product_id":77883,"attachment_id":80911,"filename":"product-image-77883-6996d52f5fca6.jpg"}
[2026-02-19 09:17:35] [INFO] Downloaded product image | Context: {"product_id":77883,"attachment_id":80912,"filename":"product-image-77883-6996d52fbd94a.jpg"}
[2026-02-19 09:17:35] [INFO] Updated product | Context: {"external_id":1237085,"product_id":77883}
[2026-02-19 09:17:36] [INFO] Downloaded product image | Context: {"product_id":77913,"attachment_id":80913,"filename":"product-image-77913-6996d5304ec2a.jpg"}
[2026-02-19 09:17:36] [INFO] Downloaded product image | Context: {"product_id":77913,"attachment_id":80914,"filename":"product-image-77913-6996d530c82ee.jpg"}
[2026-02-19 09:17:37] [INFO] Downloaded product image | Context: {"product_id":77913,"attachment_id":80915,"filename":"product-image-77913-6996d53139c90.jpg"}
[2026-02-19 09:17:37] [INFO] Downloaded product image | Context: {"product_id":77913,"attachment_id":80916,"filename":"product-image-77913-6996d531a4968.jpg"}
[2026-02-19 09:17:37] [INFO] Updated product | Context: {"external_id":1454639,"product_id":77913}
[2026-02-19 09:17:37] [INFO] Updated product | Context: {"external_id":1354647,"product_id":77867}
[2026-02-19 09:17:37] [INFO] Updated product | Context: {"external_id":1346841,"product_id":78000}
[2026-02-19 09:17:38] [INFO] Downloaded product image | Context: {"product_id":77895,"attachment_id":80917,"filename":"product-image-77895-6996d532439c7.jpg"}
[2026-02-19 09:17:38] [INFO] Downloaded product image | Context: {"product_id":77895,"attachment_id":80918,"filename":"product-image-77895-6996d532ab6d6.jpg"}
[2026-02-19 09:17:39] [INFO] Downloaded product image | Context: {"product_id":77895,"attachment_id":80919,"filename":"product-image-77895-6996d53317847.jpg"}
[2026-02-19 09:17:39] [INFO] Downloaded product image | Context: {"product_id":77895,"attachment_id":80920,"filename":"product-image-77895-6996d53387871.jpg"}
[2026-02-19 09:17:39] [INFO] Updated product | Context: {"external_id":1345803,"product_id":77895}
[2026-02-19 09:17:40] [INFO] Downloaded product image | Context: {"product_id":77862,"attachment_id":80921,"filename":"product-image-77862-6996d53418b1e.jpg"}
[2026-02-19 09:17:40] [INFO] Downloaded product image | Context: {"product_id":77862,"attachment_id":80922,"filename":"product-image-77862-6996d53492f7d.jpg"}
[2026-02-19 09:17:41] [INFO] Downloaded product image | Context: {"product_id":77862,"attachment_id":80923,"filename":"product-image-77862-6996d53519d6f.jpg"}
[2026-02-19 09:17:41] [INFO] Downloaded product image | Context: {"product_id":77862,"attachment_id":80924,"filename":"product-image-77862-6996d53579e0b.jpg"}
[2026-02-19 09:17:41] [INFO] Updated product | Context: {"external_id":1341297,"product_id":77862}
[2026-02-19 09:17:42] [INFO] Downloaded product image | Context: {"product_id":77923,"attachment_id":80925,"filename":"product-image-77923-6996d536053e0.jpg"}
[2026-02-19 09:17:42] [INFO] Downloaded product image | Context: {"product_id":77923,"attachment_id":80926,"filename":"product-image-77923-6996d5367faba.jpg"}
[2026-02-19 09:17:43] [INFO] Downloaded product image | Context: {"product_id":77923,"attachment_id":80927,"filename":"product-image-77923-6996d536e779b.jpg"}
[2026-02-19 09:17:43] [INFO] Downloaded product image | Context: {"product_id":77923,"attachment_id":80928,"filename":"product-image-77923-6996d5376ccde.jpg"}
[2026-02-19 09:17:43] [INFO] Updated product | Context: {"external_id":1326820,"product_id":77923}
[2026-02-19 09:17:43] [INFO] Updated product | Context: {"external_id":1292821,"product_id":78104}
[2026-02-19 09:17:43] [INFO] Updated product | Context: {"external_id":1476354,"product_id":77928}
[2026-02-19 09:17:43] [INFO] Updated product | Context: {"external_id":1473294,"product_id":77929}
[2026-02-19 09:17:43] [INFO] Updated product | Context: {"external_id":1472153,"product_id":78287}
[2026-02-19 09:17:43] [INFO] Updated product | Context: {"external_id":1373057,"product_id":78022}
[2026-02-19 09:17:44] [INFO] Downloaded product image | Context: {"product_id":77969,"attachment_id":80929,"filename":"product-image-77969-6996d53839197.jpg"}
[2026-02-19 09:17:44] [INFO] Downloaded product image | Context: {"product_id":77969,"attachment_id":80930,"filename":"product-image-77969-6996d538a6445.jpg"}
[2026-02-19 09:17:45] [INFO] Downloaded product image | Context: {"product_id":77969,"attachment_id":80931,"filename":"product-image-77969-6996d5392be86.jpg"}
[2026-02-19 09:17:45] [INFO] Downloaded product image | Context: {"product_id":77969,"attachment_id":80932,"filename":"product-image-77969-6996d539ac704.jpg"}
[2026-02-19 09:17:45] [INFO] Updated product | Context: {"external_id":1354586,"product_id":77969}
[2026-02-19 09:17:45] [INFO] Updated product | Context: {"external_id":1349077,"product_id":77834}
[2026-02-19 09:17:45] [INFO] Updated product | Context: {"external_id":1330498,"product_id":77866}
[2026-02-19 09:17:45] [INFO] Updated product | Context: {"external_id":1472095,"product_id":78117}
[2026-02-19 09:17:46] [INFO] Updated product | Context: {"external_id":1454705,"product_id":77876}
[2026-02-19 09:17:46] [INFO] Updated product | Context: {"external_id":1358518,"product_id":77877}
[2026-02-19 09:17:46] [INFO] Downloaded product image | Context: {"product_id":78226,"attachment_id":80933,"filename":"product-image-78226-6996d53a7564d.jpg"}
[2026-02-19 09:17:47] [INFO] Downloaded product image | Context: {"product_id":78226,"attachment_id":80934,"filename":"product-image-78226-6996d53aeb43f.jpg"}
[2026-02-19 09:17:47] [INFO] Downloaded product image | Context: {"product_id":78226,"attachment_id":80935,"filename":"product-image-78226-6996d53b70e0f.jpg"}
[2026-02-19 09:17:48] [INFO] Downloaded product image | Context: {"product_id":78226,"attachment_id":80936,"filename":"product-image-78226-6996d53bdc2c6.jpg"}
[2026-02-19 09:17:48] [INFO] Updated product | Context: {"external_id":1354533,"product_id":78226}
[2026-02-19 09:17:48] [INFO] Updated product | Context: {"external_id":1350186,"product_id":77823}
[2026-02-19 09:17:48] [INFO] Updated product | Context: {"external_id":1350170,"product_id":77953}
[2026-02-19 09:17:48] [INFO] Downloaded product image | Context: {"product_id":77920,"attachment_id":80937,"filename":"product-image-77920-6996d53c8498c.jpg"}
[2026-02-19 09:17:49] [INFO] Downloaded product image | Context: {"product_id":77920,"attachment_id":80938,"filename":"product-image-77920-6996d53d05e62.jpg"}
[2026-02-19 09:17:49] [INFO] Downloaded product image | Context: {"product_id":77920,"attachment_id":80939,"filename":"product-image-77920-6996d53d662b2.jpg"}
[2026-02-19 09:17:49] [INFO] Updated product | Context: {"external_id":1349452,"product_id":77920}
[2026-02-19 09:17:49] [INFO] Updated product | Context: {"external_id":1343032,"product_id":78348}
[2026-02-19 09:17:49] [INFO] Updated product | Context: {"external_id":1330496,"product_id":78159}
[2026-02-19 09:17:50] [INFO] Downloaded product image | Context: {"product_id":77925,"attachment_id":80940,"filename":"product-image-77925-6996d53e0fb8f.jpg"}
[2026-02-19 09:17:50] [INFO] Downloaded product image | Context: {"product_id":77925,"attachment_id":80941,"filename":"product-image-77925-6996d53e8382c.jpg"}
[2026-02-19 09:17:51] [INFO] Downloaded product image | Context: {"product_id":77925,"attachment_id":80942,"filename":"product-image-77925-6996d53f00739.jpg"}
[2026-02-19 09:17:51] [INFO] Downloaded product image | Context: {"product_id":77925,"attachment_id":80943,"filename":"product-image-77925-6996d53f7c5c1.jpg"}
[2026-02-19 09:17:51] [INFO] Updated product | Context: {"external_id":1322291,"product_id":77925}
[2026-02-19 09:17:51] [INFO] Updated product | Context: {"external_id":1312693,"product_id":77873}
[2026-02-19 09:17:51] [INFO] Updated product | Context: {"external_id":1292820,"product_id":77960}
[2026-02-19 09:17:51] [INFO] Updated product | Context: {"external_id":1476390,"product_id":77884}
[2026-02-19 09:17:51] [INFO] Updated product | Context: {"external_id":1417421,"product_id":78207}
[2026-02-19 09:17:51] [INFO] Updated product | Context: {"external_id":1343037,"product_id":78152}
[2026-02-19 09:17:52] [INFO] Downloaded product image | Context: {"product_id":77868,"attachment_id":80944,"filename":"product-image-77868-6996d5403a073.jpg"}
[2026-02-19 09:17:52] [INFO] Downloaded product image | Context: {"product_id":77868,"attachment_id":80945,"filename":"product-image-77868-6996d540aafa5.jpg"}
[2026-02-19 09:17:53] [INFO] Downloaded product image | Context: {"product_id":77868,"attachment_id":80946,"filename":"product-image-77868-6996d54121603.jpg"}
[2026-02-19 09:17:53] [INFO] Downloaded product image | Context: {"product_id":77868,"attachment_id":80947,"filename":"product-image-77868-6996d5417dfe6.jpg"}
[2026-02-19 09:17:53] [INFO] Updated product | Context: {"external_id":1312755,"product_id":77868}
[2026-02-19 09:17:54] [INFO] Downloaded product image | Context: {"product_id":78103,"attachment_id":80948,"filename":"product-image-78103-6996d542147ec.jpg"}
[2026-02-19 09:17:54] [INFO] Downloaded product image | Context: {"product_id":78103,"attachment_id":80949,"filename":"product-image-78103-6996d54294e87.jpg"}
[2026-02-19 09:17:55] [INFO] Downloaded product image | Context: {"product_id":78103,"attachment_id":80950,"filename":"product-image-78103-6996d54314f39.jpg"}
[2026-02-19 09:17:55] [INFO] Downloaded product image | Context: {"product_id":78103,"attachment_id":80951,"filename":"product-image-78103-6996d54374047.jpg"}
[2026-02-19 09:17:55] [INFO] Updated product | Context: {"external_id":1301244,"product_id":78103}
[2026-02-19 09:17:56] [INFO] Downloaded product image | Context: {"product_id":78049,"attachment_id":80952,"filename":"product-image-78049-6996d543f2f84.jpg"}
[2026-02-19 09:17:56] [INFO] Downloaded product image | Context: {"product_id":78049,"attachment_id":80953,"filename":"product-image-78049-6996d54470362.jpg"}
[2026-02-19 09:17:57] [INFO] Downloaded product image | Context: {"product_id":78049,"attachment_id":80954,"filename":"product-image-78049-6996d544e610c.jpg"}
[2026-02-19 09:17:57] [INFO] Downloaded product image | Context: {"product_id":78049,"attachment_id":80955,"filename":"product-image-78049-6996d54552193.jpg"}
[2026-02-19 09:17:57] [INFO] Updated product | Context: {"external_id":1478761,"product_id":78049}
[2026-02-19 09:17:57] [INFO] Updated product | Context: {"external_id":1476304,"product_id":77963}
[2026-02-19 09:17:57] [INFO] Updated product | Context: {"external_id":1475422,"product_id":78596}
[2026-02-19 09:17:57] [INFO] Batch processed | Context: {"offset":700,"total":3431}
[2026-02-19 09:18:00] [INFO] Updated product | Context: {"external_id":1473285,"product_id":77930}
[2026-02-19 09:18:00] [INFO] Downloaded product image | Context: {"product_id":78284,"attachment_id":80956,"filename":"product-image-78284-6996d548b088e.jpg"}
[2026-02-19 09:18:01] [INFO] Downloaded product image | Context: {"product_id":78284,"attachment_id":80957,"filename":"product-image-78284-6996d549353e1.jpg"}
[2026-02-19 09:18:01] [INFO] Downloaded product image | Context: {"product_id":78284,"attachment_id":80958,"filename":"product-image-78284-6996d549aff37.jpg"}
[2026-02-19 09:18:02] [INFO] Downloaded product image | Context: {"product_id":78284,"attachment_id":80959,"filename":"product-image-78284-6996d54a31d7b.jpg"}
[2026-02-19 09:18:02] [INFO] Updated product | Context: {"external_id":1472350,"product_id":78284}
[2026-02-19 09:18:02] [INFO] Downloaded product image | Context: {"product_id":77986,"attachment_id":80960,"filename":"product-image-77986-6996d54aa6c38.jpg"}
[2026-02-19 09:18:03] [INFO] Downloaded product image | Context: {"product_id":77986,"attachment_id":80961,"filename":"product-image-77986-6996d54b18e35.jpg"}
[2026-02-19 09:18:03] [INFO] Downloaded product image | Context: {"product_id":77986,"attachment_id":80962,"filename":"product-image-77986-6996d54b930a5.jpg"}
[2026-02-19 09:18:04] [INFO] Downloaded product image | Context: {"product_id":77986,"attachment_id":80963,"filename":"product-image-77986-6996d54c0c91e.jpg"}
[2026-02-19 09:18:04] [INFO] Updated product | Context: {"external_id":1472296,"product_id":77986}
[2026-02-19 09:18:04] [INFO] Updated product | Context: {"external_id":1472111,"product_id":77904}
[2026-02-19 09:18:04] [INFO] Updated product | Context: {"external_id":1357470,"product_id":77916}
[2026-02-19 09:18:04] [INFO] Updated product | Context: {"external_id":1357460,"product_id":77996}
[2026-02-19 09:18:04] [INFO] Downloaded product image | Context: {"product_id":77891,"attachment_id":80964,"filename":"product-image-77891-6996d54cac7e0.jpg"}
[2026-02-19 09:18:05] [INFO] Downloaded product image | Context: {"product_id":77891,"attachment_id":80965,"filename":"product-image-77891-6996d54d304e0.jpg"}
[2026-02-19 09:18:05] [INFO] Downloaded product image | Context: {"product_id":77891,"attachment_id":80966,"filename":"product-image-77891-6996d54da4ff9.jpg"}
[2026-02-19 09:18:05] [INFO] Updated product | Context: {"external_id":1356545,"product_id":77891}
[2026-02-19 09:18:06] [INFO] Downloaded product image | Context: {"product_id":77970,"attachment_id":80967,"filename":"product-image-77970-6996d54e3676e.jpg"}
[2026-02-19 09:18:06] [INFO] Downloaded product image | Context: {"product_id":77970,"attachment_id":80968,"filename":"product-image-77970-6996d54eacc82.jpg"}
[2026-02-19 09:18:07] [INFO] Downloaded product image | Context: {"product_id":77970,"attachment_id":80969,"filename":"product-image-77970-6996d54f2c396.jpg"}
[2026-02-19 09:18:07] [INFO] Downloaded product image | Context: {"product_id":77970,"attachment_id":80970,"filename":"product-image-77970-6996d54f927b2.jpg"}
[2026-02-19 09:18:07] [INFO] Updated product | Context: {"external_id":1351909,"product_id":77970}
[2026-02-19 09:18:08] [INFO] Downloaded product image | Context: {"product_id":77847,"attachment_id":80971,"filename":"product-image-77847-6996d550100dc.jpg"}
[2026-02-19 09:18:08] [INFO] Downloaded product image | Context: {"product_id":77847,"attachment_id":80972,"filename":"product-image-77847-6996d5507e617.jpg"}
[2026-02-19 09:18:09] [INFO] Downloaded product image | Context: {"product_id":77847,"attachment_id":80973,"filename":"product-image-77847-6996d550f3b9b.jpg"}
[2026-02-19 09:18:09] [INFO] Downloaded product image | Context: {"product_id":77847,"attachment_id":80974,"filename":"product-image-77847-6996d5517a62f.jpg"}
[2026-02-19 09:18:09] [INFO] Updated product | Context: {"external_id":1350205,"product_id":77847}
[2026-02-19 09:18:09] [INFO] Updated product | Context: {"external_id":1350167,"product_id":77971}
[2026-02-19 09:18:09] [INFO] Updated product | Context: {"external_id":1346850,"product_id":77879}
[2026-02-19 09:18:09] [INFO] Updated product | Context: {"external_id":1344907,"product_id":77897}
[2026-02-19 09:18:09] [INFO] Updated product | Context: {"external_id":1280231,"product_id":77882}
[2026-02-19 09:18:09] [INFO] Updated product | Context: {"external_id":1476396,"product_id":78562}
[2026-02-19 09:18:09] [INFO] Updated product | Context: {"external_id":1476160,"product_id":77982}
[2026-02-19 09:18:09] [INFO] Updated product | Context: {"external_id":1476144,"product_id":79069}
[2026-02-19 09:18:10] [INFO] Updated product | Context: {"external_id":1476043,"product_id":77910}
[2026-02-19 09:18:10] [INFO] Updated product | Context: {"external_id":1473318,"product_id":77944}
[2026-02-19 09:18:10] [INFO] Updated product | Context: {"external_id":1472287,"product_id":78114}
[2026-02-19 09:18:10] [INFO] Updated product | Context: {"external_id":1369033,"product_id":77889}
[2026-02-19 09:18:10] [INFO] Downloaded product image | Context: {"product_id":77932,"attachment_id":80975,"filename":"product-image-77932-6996d55262dee.jpg"}
[2026-02-19 09:18:11] [INFO] Downloaded product image | Context: {"product_id":77932,"attachment_id":80976,"filename":"product-image-77932-6996d552d8d96.jpg"}
[2026-02-19 09:18:11] [INFO] Downloaded product image | Context: {"product_id":77932,"attachment_id":80977,"filename":"product-image-77932-6996d5535e5c4.jpg"}
[2026-02-19 09:18:12] [INFO] Downloaded product image | Context: {"product_id":77932,"attachment_id":80978,"filename":"product-image-77932-6996d553cf8a9.jpg"}
[2026-02-19 09:18:12] [INFO] Updated product | Context: {"external_id":1366505,"product_id":77932}
[2026-02-19 09:18:12] [INFO] Updated product | Context: {"external_id":1366502,"product_id":78073}
[2026-02-19 09:18:12] [INFO] Downloaded product image | Context: {"product_id":77890,"attachment_id":80979,"filename":"product-image-77890-6996d5545f4a6.jpg"}
[2026-02-19 09:18:13] [INFO] Downloaded product image | Context: {"product_id":77890,"attachment_id":80980,"filename":"product-image-77890-6996d554d34a3.jpg"}
[2026-02-19 09:18:13] [INFO] Downloaded product image | Context: {"product_id":77890,"attachment_id":80981,"filename":"product-image-77890-6996d5554ec85.jpg"}
[2026-02-19 09:18:13] [INFO] Downloaded product image | Context: {"product_id":77890,"attachment_id":80982,"filename":"product-image-77890-6996d555ab46c.jpg"}
[2026-02-19 09:18:13] [INFO] Updated product | Context: {"external_id":1366079,"product_id":77890}
[2026-02-19 09:18:13] [INFO] Updated product | Context: {"external_id":1354589,"product_id":77892}
[2026-02-19 09:18:13] [INFO] Updated product | Context: {"external_id":1354578,"product_id":77937}
[2026-02-19 09:18:14] [INFO] Downloaded product image | Context: {"product_id":78140,"attachment_id":80983,"filename":"product-image-78140-6996d5563f7c0.jpg"}
[2026-02-19 09:18:14] [INFO] Downloaded product image | Context: {"product_id":78140,"attachment_id":80984,"filename":"product-image-78140-6996d556b5f41.jpg"}
[2026-02-19 09:18:15] [INFO] Downloaded product image | Context: {"product_id":78140,"attachment_id":80985,"filename":"product-image-78140-6996d55733a91.jpg"}
[2026-02-19 09:18:15] [INFO] Downloaded product image | Context: {"product_id":78140,"attachment_id":80986,"filename":"product-image-78140-6996d5579d6f9.jpg"}
[2026-02-19 09:18:15] [INFO] Updated product | Context: {"external_id":1353320,"product_id":78140}
[2026-02-19 09:18:16] [INFO] Downloaded product image | Context: {"product_id":77865,"attachment_id":80987,"filename":"product-image-77865-6996d558229c5.jpg"}
[2026-02-19 09:18:16] [INFO] Downloaded product image | Context: {"product_id":77865,"attachment_id":80988,"filename":"product-image-77865-6996d558a25b5.jpg"}
[2026-02-19 09:18:17] [INFO] Downloaded product image | Context: {"product_id":77865,"attachment_id":80989,"filename":"product-image-77865-6996d5591c28e.jpg"}
[2026-02-19 09:18:17] [INFO] Downloaded product image | Context: {"product_id":77865,"attachment_id":80990,"filename":"product-image-77865-6996d5598e8f9.jpg"}
[2026-02-19 09:18:17] [INFO] Updated product | Context: {"external_id":1351368,"product_id":77865}
[2026-02-19 09:18:17] [INFO] Updated product | Context: {"external_id":1349365,"product_id":77893}
[2026-02-19 09:18:17] [INFO] Updated product | Context: {"external_id":1324070,"product_id":77924}
[2026-02-19 09:18:18] [INFO] Downloaded product image | Context: {"product_id":78895,"attachment_id":80991,"filename":"product-image-78895-6996d55a1500b.jpg"}
[2026-02-19 09:18:18] [INFO] Downloaded product image | Context: {"product_id":78895,"attachment_id":80992,"filename":"product-image-78895-6996d55a88d6f.jpg"}
[2026-02-19 09:18:19] [INFO] Downloaded product image | Context: {"product_id":78895,"attachment_id":80993,"filename":"product-image-78895-6996d55b05ccd.jpg"}
[2026-02-19 09:18:19] [INFO] Downloaded product image | Context: {"product_id":78895,"attachment_id":80994,"filename":"product-image-78895-6996d55b82c22.jpg"}
[2026-02-19 09:18:19] [INFO] Updated product | Context: {"external_id":1243394,"product_id":78895}
[2026-02-19 09:18:20] [INFO] Downloaded product image | Context: {"product_id":80995,"attachment_id":80996,"filename":"product-image-80995-6996d55c4b170.jpg"}
[2026-02-19 09:18:20] [INFO] Downloaded product image | Context: {"product_id":80995,"attachment_id":80997,"filename":"product-image-80995-6996d55cac1a3.jpg"}
[2026-02-19 09:18:21] [INFO] Downloaded product image | Context: {"product_id":80995,"attachment_id":80998,"filename":"product-image-80995-6996d55d3299a.jpg"}
[2026-02-19 09:18:21] [INFO] Created product | Context: {"external_id":1482862,"product_id":80995}
[2026-02-19 09:18:21] [INFO] Updated product | Context: {"external_id":1479645,"product_id":78048}
[2026-02-19 09:18:21] [INFO] Updated product | Context: {"external_id":1476404,"product_id":77981}
[2026-02-19 09:18:21] [INFO] Updated product | Context: {"external_id":1476351,"product_id":78377}
[2026-02-19 09:18:21] [INFO] Updated product | Context: {"external_id":1476297,"product_id":78051}
[2026-02-19 09:18:21] [INFO] Updated product | Context: {"external_id":1476067,"product_id":77964}
[2026-02-19 09:18:22] [INFO] Downloaded product image | Context: {"product_id":78182,"attachment_id":80999,"filename":"product-image-78182-6996d55de7ae0.jpg"}
[2026-02-19 09:18:22] [INFO] Downloaded product image | Context: {"product_id":78182,"attachment_id":81000,"filename":"product-image-78182-6996d55e6bebd.jpg"}
[2026-02-19 09:18:23] [INFO] Downloaded product image | Context: {"product_id":78182,"attachment_id":81001,"filename":"product-image-78182-6996d55ede825.jpg"}
[2026-02-19 09:18:23] [INFO] Downloaded product image | Context: {"product_id":78182,"attachment_id":81002,"filename":"product-image-78182-6996d55f64793.jpg"}
[2026-02-19 09:18:23] [INFO] Updated product | Context: {"external_id":1474762,"product_id":78182}
[2026-02-19 09:18:23] [INFO] Updated product | Context: {"external_id":1474053,"product_id":78277}
[2026-02-19 09:18:23] [INFO] Updated product | Context: {"external_id":1473317,"product_id":78111}
[2026-02-19 09:18:23] [INFO] Updated product | Context: {"external_id":1473305,"product_id":78057}
[2026-02-19 09:18:23] [INFO] Updated product | Context: {"external_id":1472589,"product_id":78059}
[2026-02-19 09:18:24] [INFO] Downloaded product image | Context: {"product_id":77946,"attachment_id":81003,"filename":"product-image-77946-6996d5601a22a.jpg"}
[2026-02-19 09:18:24] [INFO] Updated product | Context: {"external_id":1472348,"product_id":77946}
[2026-02-19 09:18:24] [INFO] Updated product | Context: {"external_id":1472017,"product_id":78196}
[2026-02-19 09:18:24] [INFO] Downloaded product image | Context: {"product_id":78293,"attachment_id":81004,"filename":"product-image-78293-6996d560a6c00.jpg"}
[2026-02-19 09:18:25] [INFO] Downloaded product image | Context: {"product_id":78293,"attachment_id":81005,"filename":"product-image-78293-6996d5612d795.jpg"}
[2026-02-19 09:18:25] [INFO] Downloaded product image | Context: {"product_id":78293,"attachment_id":81006,"filename":"product-image-78293-6996d5619e706.jpg"}
[2026-02-19 09:18:26] [INFO] Downloaded product image | Context: {"product_id":78293,"attachment_id":81007,"filename":"product-image-78293-6996d5621dfd4.jpg"}
[2026-02-19 09:18:26] [INFO] Updated product | Context: {"external_id":1455508,"product_id":78293}
[2026-02-19 09:18:26] [INFO] Updated product | Context: {"external_id":1416739,"product_id":78209}
[2026-02-19 09:18:26] [INFO] Updated product | Context: {"external_id":1369035,"product_id":77947}
[2026-02-19 09:18:26] [INFO] Updated product | Context: {"external_id":1368956,"product_id":77914}
[2026-02-19 09:18:26] [INFO] Updated product | Context: {"external_id":1357380,"product_id":77950}
[2026-02-19 09:18:26] [INFO] Downloaded product image | Context: {"product_id":77907,"attachment_id":81008,"filename":"product-image-77907-6996d562b6473.jpg"}
[2026-02-19 09:18:27] [INFO] Downloaded product image | Context: {"product_id":77907,"attachment_id":81009,"filename":"product-image-77907-6996d56340769.jpg"}
[2026-02-19 09:18:27] [INFO] Downloaded product image | Context: {"product_id":77907,"attachment_id":81010,"filename":"product-image-77907-6996d563b9697.jpg"}
[2026-02-19 09:18:28] [INFO] Downloaded product image | Context: {"product_id":77907,"attachment_id":81011,"filename":"product-image-77907-6996d56447bac.jpg"}
[2026-02-19 09:18:28] [INFO] Updated product | Context: {"external_id":1356849,"product_id":77907}
[2026-02-19 09:18:29] [INFO] Downloaded product image | Context: {"product_id":78484,"attachment_id":81012,"filename":"product-image-78484-6996d564d05de.jpg"}
[2026-02-19 09:18:29] [INFO] Downloaded product image | Context: {"product_id":78484,"attachment_id":81013,"filename":"product-image-78484-6996d5654172f.jpg"}
[2026-02-19 09:18:29] [INFO] Downloaded product image | Context: {"product_id":78484,"attachment_id":81014,"filename":"product-image-78484-6996d565bdc7e.jpg"}
[2026-02-19 09:18:30] [INFO] Downloaded product image | Context: {"product_id":78484,"attachment_id":81015,"filename":"product-image-78484-6996d56630f46.jpg"}
[2026-02-19 09:18:30] [INFO] Updated product | Context: {"external_id":1353796,"product_id":78484}
[2026-02-19 09:18:30] [INFO] Batch processed | Context: {"offset":750,"total":3431}
[2026-02-19 09:18:32] [INFO] Updated product | Context: {"external_id":1351218,"product_id":78143}
[2026-02-19 09:18:32] [INFO] Created product | Context: {"external_id":1350973,"product_id":81016}
[2026-02-19 09:18:32] [INFO] Updated product | Context: {"external_id":1349396,"product_id":77921}
[2026-02-19 09:18:32] [INFO] Updated product | Context: {"external_id":1349359,"product_id":77894}
[2026-02-19 09:18:32] [INFO] Updated product | Context: {"external_id":1349280,"product_id":78338}
[2026-02-19 09:18:32] [INFO] Updated product | Context: {"external_id":1341295,"product_id":78003}
[2026-02-19 09:18:32] [INFO] Updated product | Context: {"external_id":1324066,"product_id":77979}
[2026-02-19 09:18:33] [INFO] Downloaded product image | Context: {"product_id":78046,"attachment_id":81017,"filename":"product-image-78046-6996d5690bb38.jpg"}
[2026-02-19 09:18:33] [INFO] Downloaded product image | Context: {"product_id":78046,"attachment_id":81018,"filename":"product-image-78046-6996d5698f33b.jpg"}
[2026-02-19 09:18:34] [INFO] Downloaded product image | Context: {"product_id":78046,"attachment_id":81019,"filename":"product-image-78046-6996d56a14e91.jpg"}
[2026-02-19 09:18:34] [INFO] Downloaded product image | Context: {"product_id":78046,"attachment_id":81020,"filename":"product-image-78046-6996d56a8feae.jpg"}
[2026-02-19 09:18:34] [INFO] Updated product | Context: {"external_id":1322282,"product_id":78046}
[2026-02-19 09:18:34] [INFO] Updated product | Context: {"external_id":1322278,"product_id":77938}
[2026-02-19 09:18:34] [INFO] Updated product | Context: {"external_id":1292818,"product_id":77926}
[2026-02-19 09:18:35] [INFO] Created product | Context: {"external_id":1484919,"product_id":81021}
[2026-02-19 09:18:35] [INFO] Updated product | Context: {"external_id":1476815,"product_id":78550}
[2026-02-19 09:18:35] [INFO] Updated product | Context: {"external_id":1476418,"product_id":78261}
[2026-02-19 09:18:35] [INFO] Updated product | Context: {"external_id":1476130,"product_id":77943}
[2026-02-19 09:18:35] [INFO] Updated product | Context: {"external_id":1476072,"product_id":78180}
[2026-02-19 09:18:35] [INFO] Updated product | Context: {"external_id":1473031,"product_id":79133}
[2026-02-19 09:18:35] [INFO] Updated product | Context: {"external_id":1472979,"product_id":77902}
[2026-02-19 09:18:35] [INFO] Updated product | Context: {"external_id":1472062,"product_id":78017}
[2026-02-19 09:18:35] [INFO] Updated product | Context: {"external_id":1472022,"product_id":77989}
[2026-02-19 09:18:35] [INFO] Updated product | Context: {"external_id":1455510,"product_id":77990}
[2026-02-19 09:18:36] [INFO] Downloaded product image | Context: {"product_id":78064,"attachment_id":81022,"filename":"product-image-78064-6996d56bd919c.jpg"}
[2026-02-19 09:18:36] [INFO] Downloaded product image | Context: {"product_id":78064,"attachment_id":81023,"filename":"product-image-78064-6996d56c5438a.jpg"}
[2026-02-19 09:18:36] [INFO] Downloaded product image | Context: {"product_id":78064,"attachment_id":81024,"filename":"product-image-78064-6996d56cc3eb1.jpg"}
[2026-02-19 09:18:37] [INFO] Downloaded product image | Context: {"product_id":78064,"attachment_id":81025,"filename":"product-image-78064-6996d56d3f53c.jpg"}
[2026-02-19 09:18:37] [INFO] Updated product | Context: {"external_id":1454909,"product_id":78064}
[2026-02-19 09:18:37] [INFO] Updated product | Context: {"external_id":1454760,"product_id":78652}
[2026-02-19 09:18:37] [INFO] Updated product | Context: {"external_id":1371040,"product_id":78212}
[2026-02-19 09:18:37] [INFO] Updated product | Context: {"external_id":1371037,"product_id":78304}
[2026-02-19 09:18:37] [INFO] Updated product | Context: {"external_id":1366537,"product_id":78023}
[2026-02-19 09:18:38] [INFO] Downloaded product image | Context: {"product_id":77993,"attachment_id":81026,"filename":"product-image-77993-6996d56de6bdb.jpg"}
[2026-02-19 09:18:38] [INFO] Downloaded product image | Context: {"product_id":77993,"attachment_id":81027,"filename":"product-image-77993-6996d56e62254.jpg"}
[2026-02-19 09:18:39] [INFO] Downloaded product image | Context: {"product_id":77993,"attachment_id":81028,"filename":"product-image-77993-6996d56ed2e77.jpg"}
[2026-02-19 09:18:39] [INFO] Downloaded product image | Context: {"product_id":77993,"attachment_id":81029,"filename":"product-image-77993-6996d56f48f14.jpg"}
[2026-02-19 09:18:39] [INFO] Updated product | Context: {"external_id":1366048,"product_id":77993}
[2026-02-19 09:18:39] [INFO] Updated product | Context: {"external_id":1357457,"product_id":77878}
[2026-02-19 09:18:39] [INFO] Updated product | Context: {"external_id":1357370,"product_id":77967}
[2026-02-19 09:18:40] [INFO] Downloaded product image | Context: {"product_id":78030,"attachment_id":81030,"filename":"product-image-78030-6996d56fdca74.jpg"}
[2026-02-19 09:18:40] [INFO] Downloaded product image | Context: {"product_id":78030,"attachment_id":81031,"filename":"product-image-78030-6996d57062e06.jpg"}
[2026-02-19 09:18:41] [INFO] Downloaded product image | Context: {"product_id":78030,"attachment_id":81032,"filename":"product-image-78030-6996d570ddf5c.jpg"}
[2026-02-19 09:18:41] [INFO] Downloaded product image | Context: {"product_id":78030,"attachment_id":81033,"filename":"product-image-78030-6996d5715dbfb.jpg"}
[2026-02-19 09:18:42] [INFO] Downloaded product image | Context: {"product_id":78030,"attachment_id":81034,"filename":"product-image-78030-6996d571c8c3b.jpg"}
[2026-02-19 09:18:42] [INFO] Updated product | Context: {"external_id":1354854,"product_id":78030}
[2026-02-19 09:18:42] [INFO] Downloaded product image | Context: {"product_id":78227,"attachment_id":81035,"filename":"product-image-78227-6996d572598da.jpg"}
[2026-02-19 09:18:43] [INFO] Downloaded product image | Context: {"product_id":78227,"attachment_id":81036,"filename":"product-image-78227-6996d572d267f.jpg"}
[2026-02-19 09:18:43] [INFO] Downloaded product image | Context: {"product_id":78227,"attachment_id":81037,"filename":"product-image-78227-6996d57359944.jpg"}
[2026-02-19 09:18:44] [INFO] Downloaded product image | Context: {"product_id":78227,"attachment_id":81038,"filename":"product-image-78227-6996d573d5164.jpg"}
[2026-02-19 09:18:44] [INFO] Updated product | Context: {"external_id":1354396,"product_id":78227}
[2026-02-19 09:18:44] [INFO] Updated product | Context: {"external_id":1349988,"product_id":77851}
[2026-02-19 09:18:44] [INFO] Updated product | Context: {"external_id":1349986,"product_id":77919}
[2026-02-19 09:18:44] [INFO] Downloaded product image | Context: {"product_id":78345,"attachment_id":81039,"filename":"product-image-78345-6996d57471f9c.jpg"}
[2026-02-19 09:18:45] [INFO] Downloaded product image | Context: {"product_id":78345,"attachment_id":81040,"filename":"product-image-78345-6996d574ebe55.jpg"}
[2026-02-19 09:18:45] [INFO] Downloaded product image | Context: {"product_id":78345,"attachment_id":81041,"filename":"product-image-78345-6996d5756e640.jpg"}
[2026-02-19 09:18:46] [INFO] Downloaded product image | Context: {"product_id":78345,"attachment_id":81042,"filename":"product-image-78345-6996d575e2b58.jpg"}
[2026-02-19 09:18:46] [INFO] Updated product | Context: {"external_id":1344903,"product_id":78345}
[2026-02-19 09:18:46] [INFO] Downloaded product image | Context: {"product_id":78094,"attachment_id":81043,"filename":"product-image-78094-6996d57672d02.jpg"}
[2026-02-19 09:18:47] [INFO] Downloaded product image | Context: {"product_id":78094,"attachment_id":81044,"filename":"product-image-78094-6996d576e1e51.jpg"}
[2026-02-19 09:18:47] [INFO] Downloaded product image | Context: {"product_id":78094,"attachment_id":81045,"filename":"product-image-78094-6996d57762879.jpg"}
[2026-02-19 09:18:47] [INFO] Downloaded product image | Context: {"product_id":78094,"attachment_id":81046,"filename":"product-image-78094-6996d577c92d2.jpg"}
[2026-02-19 09:18:47] [INFO] Updated product | Context: {"external_id":1329504,"product_id":78094}
[2026-02-19 09:18:48] [INFO] Updated product | Context: {"external_id":1322913,"product_id":78099}
[2026-02-19 09:18:48] [INFO] Updated product | Context: {"external_id":1322296,"product_id":78045}
[2026-02-19 09:18:48] [INFO] Downloaded product image | Context: {"product_id":78006,"attachment_id":81047,"filename":"product-image-78006-6996d578671cc.jpg"}
[2026-02-19 09:18:49] [INFO] Downloaded product image | Context: {"product_id":78006,"attachment_id":81048,"filename":"product-image-78006-6996d578dc033.jpg"}
[2026-02-19 09:18:49] [INFO] Downloaded product image | Context: {"product_id":78006,"attachment_id":81049,"filename":"product-image-78006-6996d5795aae7.jpg"}
[2026-02-19 09:18:50] [INFO] Downloaded product image | Context: {"product_id":78006,"attachment_id":81050,"filename":"product-image-78006-6996d579e2fb9.jpg"}
[2026-02-19 09:18:50] [INFO] Updated product | Context: {"external_id":1322293,"product_id":78006}
[2026-02-19 09:18:50] [INFO] Updated product | Context: {"external_id":1309379,"product_id":78101}
[2026-02-19 09:18:50] [INFO] Updated product | Context: {"external_id":1280244,"product_id":78258}
[2026-02-19 09:18:50] [INFO] Updated product | Context: {"external_id":1280239,"product_id":78165}
[2026-02-19 09:18:50] [INFO] Updated product | Context: {"external_id":1280232,"product_id":77899}
[2026-02-19 09:18:50] [INFO] Updated product | Context: {"external_id":1237088,"product_id":77940}
[2026-02-19 09:18:50] [INFO] Updated product | Context: {"external_id":1479807,"product_id":77961}
[2026-02-19 09:18:50] [INFO] Updated product | Context: {"external_id":1476355,"product_id":78012}
[2026-02-19 09:18:50] [INFO] Updated product | Context: {"external_id":1476175,"product_id":78383}
[2026-02-19 09:18:50] [INFO] Updated product | Context: {"external_id":1476163,"product_id":78177}
[2026-02-19 09:18:50] [INFO] Updated product | Context: {"external_id":1473314,"product_id":77945}
[2026-02-19 09:18:50] [INFO] Updated product | Context: {"external_id":1473030,"product_id":78395}
[2026-02-19 09:18:50] [INFO] Updated product | Context: {"external_id":1472947,"product_id":77874}
[2026-02-19 09:18:50] [INFO] Updated product | Context: {"external_id":1472306,"product_id":77875}
[2026-02-19 09:18:50] [INFO] Batch processed | Context: {"offset":800,"total":3431}
[2026-02-19 09:18:52] [INFO] Updated product | Context: {"external_id":1472211,"product_id":78115}
[2026-02-19 09:18:52] [INFO] Updated product | Context: {"external_id":1472112,"product_id":77903}
[2026-02-19 09:18:52] [INFO] Updated product | Context: {"external_id":1454754,"product_id":78419}
[2026-02-19 09:18:52] [INFO] Updated product | Context: {"external_id":1454640,"product_id":78018}
[2026-02-19 09:18:52] [INFO] Updated product | Context: {"external_id":1371703,"product_id":78067}
[2026-02-19 09:18:52] [INFO] Updated product | Context: {"external_id":1371041,"product_id":77991}
[2026-02-19 09:18:52] [INFO] Downloaded product image | Context: {"product_id":78305,"attachment_id":81051,"filename":"product-image-78305-6996d57cbeef8.jpg"}
[2026-02-19 09:18:53] [INFO] Downloaded product image | Context: {"product_id":78305,"attachment_id":81052,"filename":"product-image-78305-6996d57d45190.jpg"}
[2026-02-19 09:18:53] [INFO] Downloaded product image | Context: {"product_id":78305,"attachment_id":81053,"filename":"product-image-78305-6996d57db7032.jpg"}
[2026-02-19 09:18:54] [INFO] Downloaded product image | Context: {"product_id":78305,"attachment_id":81054,"filename":"product-image-78305-6996d57e3691a.jpg"}
[2026-02-19 09:18:54] [INFO] Updated product | Context: {"external_id":1370797,"product_id":78305}
[2026-02-19 09:18:54] [INFO] Updated product | Context: {"external_id":1368621,"product_id":77905}
[2026-02-19 09:18:54] [INFO] Updated product | Context: {"external_id":1366089,"product_id":78025}
[2026-02-19 09:18:54] [INFO] Updated product | Context: {"external_id":1357709,"product_id":77995}
[2026-02-19 09:18:55] [INFO] Downloaded product image | Context: {"product_id":78317,"attachment_id":81055,"filename":"product-image-78317-6996d57ee2cdf.jpg"}
[2026-02-19 09:18:55] [INFO] Downloaded product image | Context: {"product_id":78317,"attachment_id":81056,"filename":"product-image-78317-6996d57f4e9fb.jpg"}
[2026-02-19 09:18:56] [INFO] Downloaded product image | Context: {"product_id":78317,"attachment_id":81057,"filename":"product-image-78317-6996d57fd17e5.jpg"}
[2026-02-19 09:18:56] [INFO] Downloaded product image | Context: {"product_id":78317,"attachment_id":81058,"filename":"product-image-78317-6996d58042d49.jpg"}
[2026-02-19 09:18:56] [INFO] Updated product | Context: {"external_id":1357346,"product_id":78317}
[2026-02-19 09:18:56] [INFO] Updated product | Context: {"external_id":1357344,"product_id":77917}
[2026-02-19 09:18:56] [INFO] Updated product | Context: {"external_id":1355929,"product_id":77936}
[2026-02-19 09:18:57] [INFO] Downloaded product image | Context: {"product_id":78326,"attachment_id":81059,"filename":"product-image-78326-6996d580e5be8.jpg"}
[2026-02-19 09:18:57] [INFO] Downloaded product image | Context: {"product_id":78326,"attachment_id":81060,"filename":"product-image-78326-6996d5815ecd2.jpg"}
[2026-02-19 09:18:58] [INFO] Downloaded product image | Context: {"product_id":78326,"attachment_id":81061,"filename":"product-image-78326-6996d581dc946.jpg"}
[2026-02-19 09:18:58] [INFO] Downloaded product image | Context: {"product_id":78326,"attachment_id":81062,"filename":"product-image-78326-6996d5826772a.jpg"}
[2026-02-19 09:18:58] [INFO] Updated product | Context: {"external_id":1354554,"product_id":78326}
[2026-02-19 09:18:59] [INFO] Downloaded product image | Context: {"product_id":78478,"attachment_id":81063,"filename":"product-image-78478-6996d582e1a6d.jpg"}
[2026-02-19 09:18:59] [INFO] Downloaded product image | Context: {"product_id":78478,"attachment_id":81064,"filename":"product-image-78478-6996d583769e8.jpg"}
[2026-02-19 09:19:00] [INFO] Downloaded product image | Context: {"product_id":78478,"attachment_id":81065,"filename":"product-image-78478-6996d583f05fc.jpg"}
[2026-02-19 09:19:00] [INFO] Downloaded product image | Context: {"product_id":78478,"attachment_id":81066,"filename":"product-image-78478-6996d5846489c.jpg"}
[2026-02-19 09:19:00] [INFO] Updated product | Context: {"external_id":1353972,"product_id":78478}
[2026-02-19 09:19:00] [INFO] Updated product | Context: {"external_id":1351234,"product_id":78142}
[2026-02-19 09:19:00] [INFO] Updated product | Context: {"external_id":1350202,"product_id":78144}
[2026-02-19 09:19:00] [INFO] Updated product | Context: {"external_id":1350168,"product_id":78232}
[2026-02-19 09:19:00] [INFO] Updated product | Context: {"external_id":1345788,"product_id":77837}
[2026-02-19 09:19:00] [INFO] Updated product | Context: {"external_id":1341299,"product_id":77832}
[2026-02-19 09:19:01] [INFO] Downloaded product image | Context: {"product_id":78155,"attachment_id":81067,"filename":"product-image-78155-6996d5852db11.jpg"}
[2026-02-19 09:19:01] [INFO] Downloaded product image | Context: {"product_id":78155,"attachment_id":81068,"filename":"product-image-78155-6996d58593a53.jpg"}
[2026-02-19 09:19:02] [INFO] Downloaded product image | Context: {"product_id":78155,"attachment_id":81069,"filename":"product-image-78155-6996d58613cd3.jpg"}
[2026-02-19 09:19:02] [INFO] Downloaded product image | Context: {"product_id":78155,"attachment_id":81070,"filename":"product-image-78155-6996d58685107.jpg"}
[2026-02-19 09:19:02] [INFO] Updated product | Context: {"external_id":1341293,"product_id":78155}
[2026-02-19 09:19:02] [INFO] Updated product | Context: {"external_id":1340438,"product_id":77898}
[2026-02-19 09:19:02] [INFO] Updated product | Context: {"external_id":1330786,"product_id":78250}
[2026-02-19 09:19:02] [INFO] Updated product | Context: {"external_id":1327969,"product_id":77956}
[2026-02-19 09:19:02] [INFO] Updated product | Context: {"external_id":1324068,"product_id":78098}
[2026-02-19 09:19:02] [INFO] Updated product | Context: {"external_id":1324067,"product_id":78254}
[2026-02-19 09:19:02] [INFO] Updated product | Context: {"external_id":1324043,"product_id":78533}
[2026-02-19 09:19:03] [INFO] Updated product | Context: {"external_id":1322294,"product_id":78100}
[2026-02-19 09:19:03] [INFO] Updated product | Context: {"external_id":1243622,"product_id":78167}
[2026-02-19 09:19:03] [INFO] Updated product | Context: {"external_id":1476823,"product_id":78259}
[2026-02-19 09:19:03] [INFO] Updated product | Context: {"external_id":1476352,"product_id":78107}
[2026-02-19 09:19:03] [INFO] Updated product | Context: {"external_id":1476253,"product_id":78052}
[2026-02-19 09:19:03] [INFO] Updated product | Context: {"external_id":1476114,"product_id":79086}
[2026-02-19 09:19:03] [INFO] Updated product | Context: {"external_id":1476074,"product_id":79099}
[2026-02-19 09:19:03] [INFO] Updated product | Context: {"external_id":1476073,"product_id":78275}
[2026-02-19 09:19:03] [INFO] Updated product | Context: {"external_id":1475421,"product_id":78276}
[2026-02-19 09:19:03] [INFO] Updated product | Context: {"external_id":1475420,"product_id":79107}
[2026-02-19 09:19:03] [INFO] Downloaded product image | Context: {"product_id":78054,"attachment_id":81071,"filename":"product-image-78054-6996d587c3eec.jpg"}
[2026-02-19 09:19:04] [INFO] Downloaded product image | Context: {"product_id":78054,"attachment_id":81072,"filename":"product-image-78054-6996d58836cc1.jpg"}
[2026-02-19 09:19:04] [INFO] Downloaded product image | Context: {"product_id":78054,"attachment_id":81073,"filename":"product-image-78054-6996d5889871f.jpg"}
[2026-02-19 09:19:05] [INFO] Downloaded product image | Context: {"product_id":78054,"attachment_id":81074,"filename":"product-image-78054-6996d5891adf7.jpg"}
[2026-02-19 09:19:05] [INFO] Updated product | Context: {"external_id":1473759,"product_id":78054}
[2026-02-19 09:19:05] [INFO] Updated product | Context: {"external_id":1472943,"product_id":78282}
[2026-02-19 09:19:05] [INFO] Updated product | Context: {"external_id":1472320,"product_id":78190}
[2026-02-19 09:19:05] [INFO] Updated product | Context: {"external_id":1472008,"product_id":78061}
[2026-02-19 09:19:05] [INFO] Updated product | Context: {"external_id":1470726,"product_id":78063}
[2026-02-19 09:19:05] [INFO] Downloaded product image | Context: {"product_id":79275,"attachment_id":81075,"filename":"product-image-79275-6996d589c399a.jpg"}
[2026-02-19 09:19:06] [INFO] Downloaded product image | Context: {"product_id":79275,"attachment_id":81076,"filename":"product-image-79275-6996d58a374f3.jpg"}
[2026-02-19 09:19:06] [INFO] Downloaded product image | Context: {"product_id":79275,"attachment_id":81077,"filename":"product-image-79275-6996d58ab5e8e.jpg"}
[2026-02-19 09:19:07] [INFO] Downloaded product image | Context: {"product_id":79275,"attachment_id":81078,"filename":"product-image-79275-6996d58b437dd.jpg"}
[2026-02-19 09:19:07] [INFO] Updated product | Context: {"external_id":1455444,"product_id":79275}
[2026-02-19 09:19:07] [INFO] Updated product | Context: {"external_id":1366570,"product_id":77948}
[2026-02-19 09:19:07] [INFO] Updated product | Context: {"external_id":1366568,"product_id":78072}
[2026-02-19 09:19:07] [INFO] Updated product | Context: {"external_id":1365823,"product_id":78715}
[2026-02-19 09:19:07] [INFO] Updated product | Context: {"external_id":1357711,"product_id":78027}
[2026-02-19 09:19:08] [INFO] Downloaded product image | Context: {"product_id":78132,"attachment_id":81079,"filename":"product-image-78132-6996d58c0905b.jpg"}
[2026-02-19 09:19:08] [INFO] Downloaded product image | Context: {"product_id":78132,"attachment_id":81080,"filename":"product-image-78132-6996d58c75d95.jpg"}
[2026-02-19 09:19:09] [INFO] Downloaded product image | Context: {"product_id":78132,"attachment_id":81081,"filename":"product-image-78132-6996d58ceb1a1.jpg"}
[2026-02-19 09:19:09] [INFO] Downloaded product image | Context: {"product_id":78132,"attachment_id":81082,"filename":"product-image-78132-6996d58d6cdea.jpg"}
[2026-02-19 09:19:09] [INFO] Updated product | Context: {"external_id":1357580,"product_id":78132}
[2026-02-19 09:19:09] [INFO] Updated product | Context: {"external_id":1357365,"product_id":78077}
[2026-02-19 09:19:09] [INFO] Updated product | Context: {"external_id":1356852,"product_id":77968}
[2026-02-19 09:19:09] [INFO] Batch processed | Context: {"offset":850,"total":3431}
[2026-02-19 09:19:11] [INFO] Downloaded product image | Context: {"product_id":78225,"attachment_id":81083,"filename":"product-image-78225-6996d58fa2cdb.jpg"}
[2026-02-19 09:19:12] [INFO] Downloaded product image | Context: {"product_id":78225,"attachment_id":81084,"filename":"product-image-78225-6996d59024c09.jpg"}
[2026-02-19 09:19:12] [INFO] Downloaded product image | Context: {"product_id":78225,"attachment_id":81085,"filename":"product-image-78225-6996d5909869e.jpg"}
[2026-02-19 09:19:13] [INFO] Downloaded product image | Context: {"product_id":78225,"attachment_id":81086,"filename":"product-image-78225-6996d5911e826.jpg"}
[2026-02-19 09:19:13] [INFO] Updated product | Context: {"external_id":1354567,"product_id":78225}
[2026-02-19 09:19:13] [INFO] Updated product | Context: {"external_id":1354566,"product_id":78755}
[2026-02-19 09:19:13] [INFO] Updated product | Context: {"external_id":1354561,"product_id":79553}
[2026-02-19 09:19:13] [INFO] Updated product | Context: {"external_id":1354546,"product_id":77952}
[2026-02-19 09:19:13] [INFO] Updated product | Context: {"external_id":1354539,"product_id":77798}
[2026-02-19 09:19:14] [INFO] Downloaded product image | Context: {"product_id":78031,"attachment_id":81087,"filename":"product-image-78031-6996d591d0240.jpg"}
[2026-02-19 09:19:14] [INFO] Downloaded product image | Context: {"product_id":78031,"attachment_id":81088,"filename":"product-image-78031-6996d5925454d.jpg"}
[2026-02-19 09:19:14] [INFO] Downloaded product image | Context: {"product_id":78031,"attachment_id":81089,"filename":"product-image-78031-6996d592c93e5.jpg"}
[2026-02-19 09:19:15] [INFO] Downloaded product image | Context: {"product_id":78031,"attachment_id":81090,"filename":"product-image-78031-6996d5934adc9.jpg"}
[2026-02-19 09:19:15] [INFO] Updated product | Context: {"external_id":1354068,"product_id":78031}
[2026-02-19 09:19:15] [INFO] Downloaded product image | Context: {"product_id":78229,"attachment_id":81091,"filename":"product-image-78229-6996d593bf884.jpg"}
[2026-02-19 09:19:16] [INFO] Downloaded product image | Context: {"product_id":78229,"attachment_id":81092,"filename":"product-image-78229-6996d594441e3.jpg"}
[2026-02-19 09:19:16] [INFO] Downloaded product image | Context: {"product_id":78229,"attachment_id":81093,"filename":"product-image-78229-6996d594b9433.jpg"}
[2026-02-19 09:19:17] [INFO] Downloaded product image | Context: {"product_id":78229,"attachment_id":81094,"filename":"product-image-78229-6996d5953f60b.jpg"}
[2026-02-19 09:19:17] [INFO] Updated product | Context: {"external_id":1353714,"product_id":78229}
[2026-02-19 09:19:17] [INFO] Updated product | Context: {"external_id":1351367,"product_id":78079}
[2026-02-19 09:19:17] [INFO] Updated product | Context: {"external_id":1349367,"product_id":78083}
[2026-02-19 09:19:17] [INFO] Updated product | Context: {"external_id":1349331,"product_id":77954}
[2026-02-19 09:19:17] [INFO] Updated product | Context: {"external_id":1349251,"product_id":78339}
[2026-02-19 09:19:18] [INFO] Downloaded product image | Context: {"product_id":78086,"attachment_id":81095,"filename":"product-image-78086-6996d595f0ee0.jpg"}
[2026-02-19 09:19:18] [INFO] Downloaded product image | Context: {"product_id":78086,"attachment_id":81096,"filename":"product-image-78086-6996d59672867.jpg"}
[2026-02-19 09:19:19] [INFO] Downloaded product image | Context: {"product_id":78086,"attachment_id":81097,"filename":"product-image-78086-6996d596d76f3.jpg"}
[2026-02-19 09:19:19] [INFO] Downloaded product image | Context: {"product_id":78086,"attachment_id":81098,"filename":"product-image-78086-6996d5975d82f.jpg"}
[2026-02-19 09:19:20] [INFO] Downloaded product image | Context: {"product_id":78086,"attachment_id":81099,"filename":"product-image-78086-6996d597deb1e.jpg"}
[2026-02-19 09:19:20] [INFO] Updated product | Context: {"external_id":1347882,"product_id":78086}
[2026-02-19 09:19:20] [INFO] Updated product | Context: {"external_id":1347739,"product_id":78831}
[2026-02-19 09:19:20] [INFO] Updated product | Context: {"external_id":1345940,"product_id":77973}
[2026-02-19 09:19:20] [INFO] Updated product | Context: {"external_id":1345816,"product_id":78001}
[2026-02-19 09:19:20] [INFO] Updated product | Context: {"external_id":1344897,"product_id":78151}
[2026-02-19 09:19:20] [INFO] Updated product | Context: {"external_id":1339944,"product_id":78521}
[2026-02-19 09:19:20] [INFO] Updated product | Context: {"external_id":1339938,"product_id":78523}
[2026-02-19 09:19:20] [INFO] Updated product | Context: {"external_id":1333191,"product_id":78091}
[2026-02-19 09:19:20] [INFO] Updated product | Context: {"external_id":1333187,"product_id":78351}
[2026-02-19 09:19:20] [INFO] Downloaded product image | Context: {"product_id":79883,"attachment_id":81100,"filename":"product-image-79883-6996d598bad34.jpg"}
[2026-02-19 09:19:21] [INFO] Downloaded product image | Context: {"product_id":79883,"attachment_id":81101,"filename":"product-image-79883-6996d5992cf9a.jpg"}
[2026-02-19 09:19:21] [INFO] Downloaded product image | Context: {"product_id":79883,"attachment_id":81102,"filename":"product-image-79883-6996d599a4153.jpg"}
[2026-02-19 09:19:22] [INFO] Downloaded product image | Context: {"product_id":79883,"attachment_id":81103,"filename":"product-image-79883-6996d59a23ae9.jpg"}
[2026-02-19 09:19:22] [INFO] Updated product | Context: {"external_id":1331935,"product_id":79883}
[2026-02-19 09:19:22] [INFO] Updated product | Context: {"external_id":1330792,"product_id":77976}
[2026-02-19 09:19:22] [INFO] Updated product | Context: {"external_id":1329503,"product_id":78529}
[2026-02-19 09:19:22] [INFO] Downloaded product image | Context: {"product_id":78163,"attachment_id":81104,"filename":"product-image-78163-6996d59ab5862.jpg"}
[2026-02-19 09:19:22] [INFO] Updated product | Context: {"external_id":1326844,"product_id":78163}
[2026-02-19 09:19:22] [INFO] Updated product | Context: {"external_id":1324071,"product_id":78097}
[2026-02-19 09:19:23] [INFO] Updated product | Context: {"external_id":1308255,"product_id":77909}
[2026-02-19 09:19:23] [INFO] Downloaded product image | Context: {"product_id":78256,"attachment_id":81105,"filename":"product-image-78256-6996d59b5e77f.jpg"}
[2026-02-19 09:19:23] [INFO] Downloaded product image | Context: {"product_id":78256,"attachment_id":81106,"filename":"product-image-78256-6996d59bc0607.jpg"}
[2026-02-19 09:19:24] [INFO] Downloaded product image | Context: {"product_id":78256,"attachment_id":81107,"filename":"product-image-78256-6996d59c3dc0d.jpg"}
[2026-02-19 09:19:24] [INFO] Downloaded product image | Context: {"product_id":78256,"attachment_id":81108,"filename":"product-image-78256-6996d59cacd36.jpg"}
[2026-02-19 09:19:24] [INFO] Updated product | Context: {"external_id":1297125,"product_id":78256}
[2026-02-19 09:19:24] [INFO] Updated product | Context: {"external_id":1292823,"product_id":78542}
[2026-02-19 09:19:24] [INFO] Updated product | Context: {"external_id":1292495,"product_id":77939}
[2026-02-19 09:19:25] [INFO] Updated product | Context: {"external_id":1292376,"product_id":78008}
[2026-02-19 09:19:25] [INFO] Updated product | Context: {"external_id":1269260,"product_id":78363}
[2026-02-19 09:19:25] [INFO] Updated product | Context: {"external_id":1243626,"product_id":78894}
[2026-02-19 09:19:25] [INFO] Updated product | Context: {"external_id":1479646,"product_id":78370}
[2026-02-19 09:19:25] [INFO] Created product | Context: {"external_id":1476778,"product_id":81109}
[2026-02-19 09:19:25] [INFO] Updated product | Context: {"external_id":1476416,"product_id":78106}
[2026-02-19 09:19:25] [INFO] Updated product | Context: {"external_id":1476370,"product_id":78050}
[2026-02-19 09:19:25] [INFO] Updated product | Context: {"external_id":1476305,"product_id":78173}
[2026-02-19 09:19:25] [INFO] Updated product | Context: {"external_id":1476252,"product_id":78108}
[2026-02-19 09:19:25] [INFO] Updated product | Context: {"external_id":1476158,"product_id":78273}
[2026-02-19 09:19:25] [INFO] Updated product | Context: {"external_id":1473321,"product_id":77983}
[2026-02-19 09:19:25] [INFO] Updated product | Context: {"external_id":1472923,"product_id":78058}
[2026-02-19 09:19:25] [INFO] Updated product | Context: {"external_id":1472346,"product_id":78189}
[2026-02-19 09:19:25] [INFO] Updated product | Context: {"external_id":1472205,"product_id":78116}
[2026-02-19 09:19:25] [INFO] Updated product | Context: {"external_id":1472186,"product_id":79223}
[2026-02-19 09:19:25] [INFO] Updated product | Context: {"external_id":1472026,"product_id":78288}
[2026-02-19 09:19:25] [INFO] Updated product | Context: {"external_id":1471341,"product_id":78199}
[2026-02-19 09:19:25] [INFO] Updated product | Context: {"external_id":1454816,"product_id":78065}
[2026-02-19 09:19:26] [INFO] Updated product | Context: {"external_id":1454790,"product_id":79280}
[2026-02-19 09:19:26] [INFO] Updated product | Context: {"external_id":1454770,"product_id":79290}
[2026-02-19 09:19:26] [INFO] Updated product | Context: {"external_id":1421791,"product_id":78296}
[2026-02-19 09:19:26] [INFO] Batch processed | Context: {"offset":900,"total":3431}
[2026-02-19 09:19:27] [INFO] Updated product | Context: {"external_id":1418260,"product_id":78020}
[2026-02-19 09:19:27] [INFO] Downloaded product image | Context: {"product_id":78300,"attachment_id":81110,"filename":"product-image-78300-6996d59fbbf38.jpg"}
[2026-02-19 09:19:28] [INFO] Downloaded product image | Context: {"product_id":78300,"attachment_id":81111,"filename":"product-image-78300-6996d5a04eb5b.jpg"}
[2026-02-19 09:19:28] [INFO] Downloaded product image | Context: {"product_id":78300,"attachment_id":81112,"filename":"product-image-78300-6996d5a0c258d.jpg"}
[2026-02-19 09:19:29] [INFO] Downloaded product image | Context: {"product_id":78300,"attachment_id":81113,"filename":"product-image-78300-6996d5a13fef4.jpg"}
[2026-02-19 09:19:29] [INFO] Updated product | Context: {"external_id":1417469,"product_id":78300}
[2026-02-19 09:19:29] [INFO] Downloaded product image | Context: {"product_id":78301,"attachment_id":81114,"filename":"product-image-78301-6996d5a1bef3f.jpg"}
[2026-02-19 09:19:30] [INFO] Downloaded product image | Context: {"product_id":78301,"attachment_id":81115,"filename":"product-image-78301-6996d5a24b2e4.jpg"}
[2026-02-19 09:19:30] [INFO] Downloaded product image | Context: {"product_id":78301,"attachment_id":81116,"filename":"product-image-78301-6996d5a2b9715.jpg"}
[2026-02-19 09:19:31] [INFO] Downloaded product image | Context: {"product_id":78301,"attachment_id":81117,"filename":"product-image-78301-6996d5a3441ca.jpg"}
[2026-02-19 09:19:31] [INFO] Updated product | Context: {"external_id":1416794,"product_id":78301}
[2026-02-19 09:19:31] [INFO] Downloaded product image | Context: {"product_id":77861,"attachment_id":81118,"filename":"product-image-77861-6996d5a3c690e.jpg"}
[2026-02-19 09:19:32] [INFO] Downloaded product image | Context: {"product_id":77861,"attachment_id":81119,"filename":"product-image-77861-6996d5a4444ae.jpg"}
[2026-02-19 09:19:32] [INFO] Downloaded product image | Context: {"product_id":77861,"attachment_id":81120,"filename":"product-image-77861-6996d5a4b9fbe.jpg"}
[2026-02-19 09:19:33] [INFO] Downloaded product image | Context: {"product_id":77861,"attachment_id":81121,"filename":"product-image-77861-6996d5a5220dd.jpg"}
[2026-02-19 09:19:33] [INFO] Updated product | Context: {"external_id":1416773,"product_id":77861}
[2026-02-19 09:19:33] [INFO] Updated product | Context: {"external_id":1369034,"product_id":77966}
[2026-02-19 09:19:33] [INFO] Downloaded product image | Context: {"product_id":78069,"attachment_id":81122,"filename":"product-image-78069-6996d5a5be38b.jpg"}
[2026-02-19 09:19:34] [INFO] Downloaded product image | Context: {"product_id":78069,"attachment_id":81123,"filename":"product-image-78069-6996d5a64ca6c.jpg"}
[2026-02-19 09:19:34] [INFO] Downloaded product image | Context: {"product_id":78069,"attachment_id":81124,"filename":"product-image-78069-6996d5a6c2162.jpg"}
[2026-02-19 09:19:35] [INFO] Downloaded product image | Context: {"product_id":78069,"attachment_id":81125,"filename":"product-image-78069-6996d5a73e389.jpg"}
[2026-02-19 09:19:35] [INFO] Downloaded product image | Context: {"product_id":78069,"attachment_id":81126,"filename":"product-image-78069-6996d5a7c428f.jpg"}
[2026-02-19 09:19:35] [INFO] Updated product | Context: {"external_id":1368390,"product_id":78069}
[2026-02-19 09:19:36] [INFO] Updated product | Context: {"external_id":1367001,"product_id":78071}
[2026-02-19 09:19:36] [INFO] Updated product | Context: {"external_id":1366081,"product_id":78074}
[2026-02-19 09:19:36] [INFO] Downloaded product image | Context: {"product_id":78445,"attachment_id":81127,"filename":"product-image-78445-6996d5a86187a.jpg"}
[2026-02-19 09:19:37] [INFO] Downloaded product image | Context: {"product_id":78445,"attachment_id":81128,"filename":"product-image-78445-6996d5a8d4f94.jpg"}
[2026-02-19 09:19:37] [INFO] Downloaded product image | Context: {"product_id":78445,"attachment_id":81129,"filename":"product-image-78445-6996d5a960599.jpg"}
[2026-02-19 09:19:38] [INFO] Downloaded product image | Context: {"product_id":78445,"attachment_id":81130,"filename":"product-image-78445-6996d5a9d3cf4.jpg"}
[2026-02-19 09:19:38] [INFO] Updated product | Context: {"external_id":1365986,"product_id":78445}
[2026-02-19 09:19:38] [INFO] Updated product | Context: {"external_id":1357706,"product_id":78219}
[2026-02-19 09:19:38] [INFO] Downloaded product image | Context: {"product_id":77934,"attachment_id":81131,"filename":"product-image-77934-6996d5aa7891d.jpg"}
[2026-02-19 09:19:39] [INFO] Downloaded product image | Context: {"product_id":77934,"attachment_id":81132,"filename":"product-image-77934-6996d5aaf237c.jpg"}
[2026-02-19 09:19:39] [INFO] Downloaded product image | Context: {"product_id":77934,"attachment_id":81133,"filename":"product-image-77934-6996d5ab78b5e.jpg"}
[2026-02-19 09:19:40] [INFO] Downloaded product image | Context: {"product_id":77934,"attachment_id":81134,"filename":"product-image-77934-6996d5ac00700.jpg"}
[2026-02-19 09:19:40] [INFO] Downloaded product image | Context: {"product_id":77934,"attachment_id":81135,"filename":"product-image-77934-6996d5ac75805.jpg"}
[2026-02-19 09:19:40] [INFO] Updated product | Context: {"external_id":1357597,"product_id":77934}
[2026-02-19 09:19:41] [INFO] Downloaded product image | Context: {"product_id":78739,"attachment_id":81136,"filename":"product-image-78739-6996d5ad0588b.jpg"}
[2026-02-19 09:19:41] [INFO] Updated product | Context: {"external_id":1356018,"product_id":78739}
[2026-02-19 09:19:41] [INFO] Updated product | Context: {"external_id":1355927,"product_id":78134}
[2026-02-19 09:19:41] [INFO] Downloaded product image | Context: {"product_id":78135,"attachment_id":81137,"filename":"product-image-78135-6996d5ad9750c.jpg"}
[2026-02-19 09:19:42] [INFO] Downloaded product image | Context: {"product_id":78135,"attachment_id":81138,"filename":"product-image-78135-6996d5ae0ca0d.jpg"}
[2026-02-19 09:19:42] [INFO] Downloaded product image | Context: {"product_id":78135,"attachment_id":81139,"filename":"product-image-78135-6996d5ae8b692.jpg"}
[2026-02-19 09:19:43] [INFO] Downloaded product image | Context: {"product_id":78135,"attachment_id":81140,"filename":"product-image-78135-6996d5af12574.jpg"}
[2026-02-19 09:19:43] [INFO] Updated product | Context: {"external_id":1354638,"product_id":78135}
[2026-02-19 09:19:43] [INFO] Updated product | Context: {"external_id":1354579,"product_id":78224}
[2026-02-19 09:19:43] [INFO] Updated product | Context: {"external_id":1354558,"product_id":77997}
[2026-02-19 09:19:43] [INFO] Updated product | Context: {"external_id":1354557,"product_id":78139}
[2026-02-19 09:19:43] [INFO] Updated product | Context: {"external_id":1353715,"product_id":78228}
[2026-02-19 09:19:43] [INFO] Updated product | Context: {"external_id":1350199,"product_id":77918}
[2026-02-19 09:19:43] [INFO] Updated product | Context: {"external_id":1350178,"product_id":78034}
[2026-02-19 09:19:43] [INFO] Updated product | Context: {"external_id":1350172,"product_id":78231}
[2026-02-19 09:19:43] [INFO] Updated product | Context: {"external_id":1349361,"product_id":77844}
[2026-02-19 09:19:43] [INFO] Updated product | Context: {"external_id":1349271,"product_id":79793}
[2026-02-19 09:19:43] [INFO] Updated product | Context: {"external_id":1349262,"product_id":79799}
[2026-02-19 09:19:43] [INFO] Updated product | Context: {"external_id":1347249,"product_id":78837}
[2026-02-19 09:19:43] [INFO] Created product | Context: {"external_id":1346962,"product_id":81141}
[2026-02-19 09:19:43] [INFO] Updated product | Context: {"external_id":1344948,"product_id":78241}
[2026-02-19 09:19:44] [INFO] Updated product | Context: {"external_id":1343041,"product_id":78347}
[2026-02-19 09:19:44] [INFO] Updated product | Context: {"external_id":1343040,"product_id":78242}
[2026-02-19 09:19:44] [INFO] Updated product | Context: {"external_id":1341683,"product_id":77974}
[2026-02-19 09:19:44] [INFO] Updated product | Context: {"external_id":1341654,"product_id":78517}
[2026-02-19 09:19:44] [INFO] Updated product | Context: {"external_id":1341300,"product_id":78243}
[2026-02-19 09:19:44] [INFO] Updated product | Context: {"external_id":1341294,"product_id":78154}
[2026-02-19 09:19:44] [INFO] Updated product | Context: {"external_id":1340435,"product_id":78245}
[2026-02-19 09:19:44] [INFO] Updated product | Context: {"external_id":1339943,"product_id":78853}
[2026-02-19 09:19:44] [INFO] Updated product | Context: {"external_id":1339939,"product_id":78522}
[2026-02-19 09:19:44] [INFO] Updated product | Context: {"external_id":1337569,"product_id":78246}
[2026-02-19 09:19:44] [INFO] Updated product | Context: {"external_id":1333781,"product_id":78861}
[2026-02-19 09:19:44] [INFO] Updated product | Context: {"external_id":1331934,"product_id":78352}
[2026-02-19 09:19:45] [INFO] Downloaded product image | Context: {"product_id":78157,"attachment_id":81142,"filename":"product-image-78157-6996d5b0d0cf6.jpg"}
[2026-02-19 09:19:45] [INFO] Downloaded product image | Context: {"product_id":78157,"attachment_id":81143,"filename":"product-image-78157-6996d5b162a8e.jpg"}
[2026-02-19 09:19:45] [INFO] Downloaded product image | Context: {"product_id":78157,"attachment_id":81144,"filename":"product-image-78157-6996d5b1cb706.jpg"}
[2026-02-19 09:19:46] [INFO] Downloaded product image | Context: {"product_id":78157,"attachment_id":81145,"filename":"product-image-78157-6996d5b248b51.jpg"}
[2026-02-19 09:19:46] [INFO] Updated product | Context: {"external_id":1331560,"product_id":78157}
[2026-02-19 09:19:47] [INFO] Downloaded product image | Context: {"product_id":81146,"attachment_id":81147,"filename":"product-image-81146-6996d5b2e43b4.jpg"}
[2026-02-19 09:19:47] [INFO] Downloaded product image | Context: {"product_id":81146,"attachment_id":81148,"filename":"product-image-81146-6996d5b365af9.jpg"}
[2026-02-19 09:19:47] [INFO] Created product | Context: {"external_id":1331422,"product_id":81146}
[2026-02-19 09:19:47] [INFO] Updated product | Context: {"external_id":1329510,"product_id":78161}
[2026-02-19 09:19:47] [INFO] Updated product | Context: {"external_id":1327972,"product_id":78162}
[2026-02-19 09:19:48] [INFO] Downloaded product image | Context: {"product_id":78355,"attachment_id":81149,"filename":"product-image-78355-6996d5b412859.jpg"}
[2026-02-19 09:19:48] [INFO] Downloaded product image | Context: {"product_id":78355,"attachment_id":81150,"filename":"product-image-78355-6996d5b4888c5.jpg"}
[2026-02-19 09:19:49] [INFO] Downloaded product image | Context: {"product_id":78355,"attachment_id":81151,"filename":"product-image-78355-6996d5b4e373b.jpg"}
[2026-02-19 09:19:49] [INFO] Downloaded product image | Context: {"product_id":78355,"attachment_id":81152,"filename":"product-image-78355-6996d5b542cb1.jpg"}
[2026-02-19 09:19:49] [INFO] Updated product | Context: {"external_id":1327279,"product_id":78355}
[2026-02-19 09:19:49] [INFO] Updated product | Context: {"external_id":1324065,"product_id":78043}
[2026-02-19 09:19:49] [INFO] Updated product | Context: {"external_id":1322283,"product_id":78359}
[2026-02-19 09:19:49] [INFO] Updated product | Context: {"external_id":1322277,"product_id":78360}
[2026-02-19 09:19:49] [INFO] Updated product | Context: {"external_id":1312690,"product_id":77958}
[2026-02-19 09:19:49] [INFO] Updated product | Context: {"external_id":1301251,"product_id":78102}
[2026-02-19 09:19:49] [INFO] Updated product | Context: {"external_id":1479642,"product_id":78548}
[2026-02-19 09:19:49] [INFO] Batch processed | Context: {"offset":950,"total":3431}
[2026-02-19 09:19:51] [INFO] Downloaded product image | Context: {"product_id":78170,"attachment_id":81153,"filename":"product-image-78170-6996d5b78c3e8.jpg"}
[2026-02-19 09:19:52] [INFO] Downloaded product image | Context: {"product_id":78170,"attachment_id":81154,"filename":"product-image-78170-6996d5b7f2653.jpg"}
[2026-02-19 09:19:52] [INFO] Downloaded product image | Context: {"product_id":78170,"attachment_id":81155,"filename":"product-image-78170-6996d5b87a41b.jpg"}
[2026-02-19 09:19:53] [INFO] Downloaded product image | Context: {"product_id":78170,"attachment_id":81156,"filename":"product-image-78170-6996d5b9098f3.jpg"}
[2026-02-19 09:19:53] [INFO] Updated product | Context: {"external_id":1476569,"product_id":78170}
[2026-02-19 09:19:53] [INFO] Updated product | Context: {"external_id":1476529,"product_id":78372}
[2026-02-19 09:19:53] [INFO] Updated product | Context: {"external_id":1476524,"product_id":78557}
[2026-02-19 09:19:53] [INFO] Updated product | Context: {"external_id":1476385,"product_id":79008}
[2026-02-19 09:19:53] [INFO] Updated product | Context: {"external_id":1476298,"product_id":78574}
[2026-02-19 09:19:53] [INFO] Updated product | Context: {"external_id":1476240,"product_id":78270}
[2026-02-19 09:19:53] [INFO] Updated product | Context: {"external_id":1476221,"product_id":78382}
[2026-02-19 09:19:53] [INFO] Updated product | Context: {"external_id":1476139,"product_id":78384}
[2026-02-19 09:19:53] [INFO] Updated product | Context: {"external_id":1475417,"product_id":78597}
[2026-02-19 09:19:53] [INFO] Updated product | Context: {"external_id":1473333,"product_id":78110}
[2026-02-19 09:19:53] [INFO] Updated product | Context: {"external_id":1473309,"product_id":78015}
[2026-02-19 09:19:53] [INFO] Updated product | Context: {"external_id":1473291,"product_id":78280}
[2026-02-19 09:19:53] [INFO] Updated product | Context: {"external_id":1473290,"product_id":78184}
[2026-02-19 09:19:53] [INFO] Updated product | Context: {"external_id":1473014,"product_id":78186}
[2026-02-19 09:19:53] [INFO] Updated product | Context: {"external_id":1472978,"product_id":77984}
[2026-02-19 09:19:53] [INFO] Updated product | Context: {"external_id":1472945,"product_id":78188}
[2026-02-19 09:19:53] [INFO] Updated product | Context: {"external_id":1472349,"product_id":78016}
[2026-02-19 09:19:54] [INFO] Updated product | Context: {"external_id":1472076,"product_id":77886}
[2026-02-19 09:19:54] [INFO] Updated product | Context: {"external_id":1472036,"product_id":78194}
[2026-02-19 09:19:54] [INFO] Updated product | Context: {"external_id":1471998,"product_id":78198}
[2026-02-19 09:19:54] [INFO] Updated product | Context: {"external_id":1470716,"product_id":78410}
[2026-02-19 09:19:54] [INFO] Downloaded product image | Context: {"product_id":78201,"attachment_id":81157,"filename":"product-image-78201-6996d5ba84493.jpg"}
[2026-02-19 09:19:55] [INFO] Downloaded product image | Context: {"product_id":78201,"attachment_id":81158,"filename":"product-image-78201-6996d5bb03321.jpg"}
[2026-02-19 09:19:55] [INFO] Downloaded product image | Context: {"product_id":78201,"attachment_id":81159,"filename":"product-image-78201-6996d5bb807c6.jpg"}
[2026-02-19 09:19:56] [INFO] Downloaded product image | Context: {"product_id":78201,"attachment_id":81160,"filename":"product-image-78201-6996d5bc06a59.jpg"}
[2026-02-19 09:19:56] [INFO] Updated product | Context: {"external_id":1470539,"product_id":78201}
[2026-02-19 09:19:56] [INFO] Updated product | Context: {"external_id":1456108,"product_id":78202}
[2026-02-19 09:19:56] [INFO] Updated product | Context: {"external_id":1454910,"product_id":79277}
[2026-02-19 09:19:56] [INFO] Updated product | Context: {"external_id":1454763,"product_id":78650}
[2026-02-19 09:19:56] [INFO] Updated product | Context: {"external_id":1454762,"product_id":78651}
[2026-02-19 09:19:57] [INFO] Downloaded product image | Context: {"product_id":78654,"attachment_id":81161,"filename":"product-image-78654-6996d5bcd55c3.jpg"}
[2026-02-19 09:19:57] [INFO] Downloaded product image | Context: {"product_id":78654,"attachment_id":81162,"filename":"product-image-78654-6996d5bd5b1ff.jpg"}
[2026-02-19 09:19:58] [INFO] Downloaded product image | Context: {"product_id":78654,"attachment_id":81163,"filename":"product-image-78654-6996d5bdcd3f0.jpg"}
[2026-02-19 09:19:58] [INFO] Downloaded product image | Context: {"product_id":78654,"attachment_id":81164,"filename":"product-image-78654-6996d5be38787.jpg"}
[2026-02-19 09:19:58] [INFO] Updated product | Context: {"external_id":1454733,"product_id":78654}
[2026-02-19 09:19:58] [INFO] Updated product | Context: {"external_id":1454709,"product_id":78203}
[2026-02-19 09:19:58] [INFO] Updated product | Context: {"external_id":1454702,"product_id":79311}
[2026-02-19 09:19:58] [INFO] Updated product | Context: {"external_id":1373201,"product_id":78122}
[2026-02-19 09:19:58] [INFO] Updated product | Context: {"external_id":1373199,"product_id":78123}
[2026-02-19 09:19:59] [INFO] Downloaded product image | Context: {"product_id":78068,"attachment_id":81165,"filename":"product-image-78068-6996d5bedf2b8.jpg"}
[2026-02-19 09:19:59] [INFO] Downloaded product image | Context: {"product_id":78068,"attachment_id":81166,"filename":"product-image-78068-6996d5bf65acc.jpg"}
[2026-02-19 09:20:00] [INFO] Downloaded product image | Context: {"product_id":78068,"attachment_id":81167,"filename":"product-image-78068-6996d5bfdbd5b.jpg"}
[2026-02-19 09:20:00] [INFO] Downloaded product image | Context: {"product_id":78068,"attachment_id":81168,"filename":"product-image-78068-6996d5c068070.jpg"}
[2026-02-19 09:20:00] [INFO] Updated product | Context: {"external_id":1369806,"product_id":78068}
[2026-02-19 09:20:00] [INFO] Updated product | Context: {"external_id":1368957,"product_id":78125}
[2026-02-19 09:20:00] [INFO] Updated product | Context: {"external_id":1366999,"product_id":78216}
[2026-02-19 09:20:00] [INFO] Updated product | Context: {"external_id":1366503,"product_id":78442}
[2026-02-19 09:20:01] [INFO] Downloaded product image | Context: {"product_id":78447,"attachment_id":81169,"filename":"product-image-78447-6996d5c1177c9.jpg"}
[2026-02-19 09:20:01] [INFO] Downloaded product image | Context: {"product_id":78447,"attachment_id":81170,"filename":"product-image-78447-6996d5c190d88.jpg"}
[2026-02-19 09:20:02] [INFO] Downloaded product image | Context: {"product_id":78447,"attachment_id":81171,"filename":"product-image-78447-6996d5c216bbe.jpg"}
[2026-02-19 09:20:02] [INFO] Downloaded product image | Context: {"product_id":78447,"attachment_id":81172,"filename":"product-image-78447-6996d5c28f970.jpg"}
[2026-02-19 09:20:02] [INFO] Updated product | Context: {"external_id":1365011,"product_id":78447}
[2026-02-19 09:20:02] [INFO] Updated product | Context: {"external_id":1357712,"product_id":78451}
[2026-02-19 09:20:02] [INFO] Updated product | Context: {"external_id":1357708,"product_id":78129}
[2026-02-19 09:20:02] [INFO] Updated product | Context: {"external_id":1357704,"product_id":78452}
[2026-02-19 09:20:03] [INFO] Updated product | Context: {"external_id":1357581,"product_id":78131}
[2026-02-19 09:20:03] [INFO] Updated product | Context: {"external_id":1357576,"product_id":78733}
[2026-02-19 09:20:03] [INFO] Updated product | Context: {"external_id":1357471,"product_id":77915}
[2026-02-19 09:20:03] [INFO] Updated product | Context: {"external_id":1357459,"product_id":78316}
[2026-02-19 09:20:03] [INFO] Downloaded product image | Context: {"product_id":78458,"attachment_id":81173,"filename":"product-image-78458-6996d5c382e3e.jpg"}
[2026-02-19 09:20:04] [INFO] Downloaded product image | Context: {"product_id":78458,"attachment_id":81174,"filename":"product-image-78458-6996d5c40c9e3.jpg"}
[2026-02-19 09:20:04] [INFO] Downloaded product image | Context: {"product_id":78458,"attachment_id":81175,"filename":"product-image-78458-6996d5c4807f6.jpg"}
[2026-02-19 09:20:05] [INFO] Downloaded product image | Context: {"product_id":78458,"attachment_id":81176,"filename":"product-image-78458-6996d5c4f15a2.jpg"}
[2026-02-19 09:20:05] [INFO] Updated product | Context: {"external_id":1357393,"product_id":78458}
[2026-02-19 09:20:05] [INFO] Updated product | Context: {"external_id":1354635,"product_id":78322}
[2026-02-19 09:20:05] [INFO] Updated product | Context: {"external_id":1354633,"product_id":78137}
[2026-02-19 09:20:05] [INFO] Downloaded product image | Context: {"product_id":78138,"attachment_id":81177,"filename":"product-image-78138-6996d5c595fc3.jpg"}
[2026-02-19 09:20:06] [INFO] Downloaded product image | Context: {"product_id":78138,"attachment_id":81178,"filename":"product-image-78138-6996d5c6114ef.jpg"}
[2026-02-19 09:20:06] [INFO] Downloaded product image | Context: {"product_id":78138,"attachment_id":81179,"filename":"product-image-78138-6996d5c67ba44.jpg"}
[2026-02-19 09:20:07] [INFO] Downloaded product image | Context: {"product_id":78138,"attachment_id":81180,"filename":"product-image-78138-6996d5c6f24e3.jpg"}
[2026-02-19 09:20:07] [INFO] Updated product | Context: {"external_id":1354611,"product_id":78138}
[2026-02-19 09:20:07] [INFO] Updated product | Context: {"external_id":1353973,"product_id":78477}
[2026-02-19 09:20:07] [INFO] Updated product | Context: {"external_id":1353797,"product_id":78483}
[2026-02-19 09:20:07] [INFO] Updated product | Context: {"external_id":1351365,"product_id":78331}
[2026-02-19 09:20:07] [INFO] Batch processed | Context: {"offset":1000,"total":3431}
[2026-02-19 09:20:09] [INFO] Updated product | Context: {"external_id":1350192,"product_id":78491}
[2026-02-19 09:20:09] [INFO] Downloaded product image | Context: {"product_id":78493,"attachment_id":81181,"filename":"product-image-78493-6996d5c9b788d.jpg"}
[2026-02-19 09:20:10] [INFO] Downloaded product image | Context: {"product_id":78493,"attachment_id":81182,"filename":"product-image-78493-6996d5ca28324.jpg"}
[2026-02-19 09:20:10] [INFO] Downloaded product image | Context: {"product_id":78493,"attachment_id":81183,"filename":"product-image-78493-6996d5cab16b3.jpg"}
[2026-02-19 09:20:11] [INFO] Downloaded product image | Context: {"product_id":78493,"attachment_id":81184,"filename":"product-image-78493-6996d5cb27f12.jpg"}
[2026-02-19 09:20:11] [INFO] Updated product | Context: {"external_id":1349410,"product_id":78493}
[2026-02-19 09:20:11] [INFO] Updated product | Context: {"external_id":1349376,"product_id":78234}
[2026-02-19 09:20:11] [INFO] Updated product | Context: {"external_id":1349366,"product_id":78804}
[2026-02-19 09:20:11] [INFO] Updated product | Context: {"external_id":1349257,"product_id":78818}
[2026-02-19 09:20:12] [INFO] Downloaded product image | Context: {"product_id":78840,"attachment_id":81185,"filename":"product-image-78840-6996d5cbf3183.jpg"}
[2026-02-19 09:20:12] [INFO] Downloaded product image | Context: {"product_id":78840,"attachment_id":81186,"filename":"product-image-78840-6996d5cc83abc.jpg"}
[2026-02-19 09:20:13] [INFO] Downloaded product image | Context: {"product_id":78840,"attachment_id":81187,"filename":"product-image-78840-6996d5cd05935.jpg"}
[2026-02-19 09:20:13] [INFO] Downloaded product image | Context: {"product_id":78840,"attachment_id":81188,"filename":"product-image-78840-6996d5cd86215.jpg"}
[2026-02-19 09:20:13] [INFO] Updated product | Context: {"external_id":1346943,"product_id":78840}
[2026-02-19 09:20:13] [INFO] Updated product | Context: {"external_id":1345810,"product_id":78344}
[2026-02-19 09:20:13] [INFO] Updated product | Context: {"external_id":1345779,"product_id":77896}
[2026-02-19 09:20:13] [INFO] Updated product | Context: {"external_id":1344904,"product_id":78514}
[2026-02-19 09:20:13] [INFO] Updated product | Context: {"external_id":1344901,"product_id":78039}
[2026-02-19 09:20:13] [INFO] Updated product | Context: {"external_id":1341658,"product_id":77975}
[2026-02-19 09:20:13] [INFO] Updated product | Context: {"external_id":1339942,"product_id":78854}
[2026-02-19 09:20:14] [INFO] Updated product | Context: {"external_id":1332543,"product_id":78092}
[2026-02-19 09:20:14] [INFO] Downloaded product image | Context: {"product_id":78248,"attachment_id":81189,"filename":"product-image-78248-6996d5ce6cbee.jpg"}
[2026-02-19 09:20:15] [INFO] Downloaded product image | Context: {"product_id":78248,"attachment_id":81190,"filename":"product-image-78248-6996d5ceedd70.jpg"}
[2026-02-19 09:20:15] [INFO] Downloaded product image | Context: {"product_id":78248,"attachment_id":81191,"filename":"product-image-78248-6996d5cf68ec9.jpg"}
[2026-02-19 09:20:16] [INFO] Downloaded product image | Context: {"product_id":78248,"attachment_id":81192,"filename":"product-image-78248-6996d5cfdeb5b.jpg"}
[2026-02-19 09:20:16] [INFO] Updated product | Context: {"external_id":1331977,"product_id":78248}
[2026-02-19 09:20:16] [INFO] Updated product | Context: {"external_id":1331563,"product_id":78862}
[2026-02-19 09:20:16] [INFO] Downloaded product image | Context: {"product_id":78358,"attachment_id":81193,"filename":"product-image-78358-6996d5d072671.jpg"}
[2026-02-19 09:20:17] [INFO] Downloaded product image | Context: {"product_id":78358,"attachment_id":81194,"filename":"product-image-78358-6996d5d0e7315.jpg"}
[2026-02-19 09:20:17] [INFO] Downloaded product image | Context: {"product_id":78358,"attachment_id":81195,"filename":"product-image-78358-6996d5d170bdb.jpg"}
[2026-02-19 09:20:18] [INFO] Downloaded product image | Context: {"product_id":78358,"attachment_id":81196,"filename":"product-image-78358-6996d5d20a1fb.jpg"}
[2026-02-19 09:20:18] [INFO] Updated product | Context: {"external_id":1322924,"product_id":78358}
[2026-02-19 09:20:18] [INFO] Updated product | Context: {"external_id":1321088,"product_id":78538}
[2026-02-19 09:20:18] [INFO] Downloaded product image | Context: {"product_id":78007,"attachment_id":81197,"filename":"product-image-78007-6996d5d299492.jpg"}
[2026-02-19 09:20:19] [INFO] Downloaded product image | Context: {"product_id":78007,"attachment_id":81198,"filename":"product-image-78007-6996d5d32390f.jpg"}
[2026-02-19 09:20:19] [INFO] Downloaded product image | Context: {"product_id":78007,"attachment_id":81199,"filename":"product-image-78007-6996d5d397681.jpg"}
[2026-02-19 09:20:20] [INFO] Downloaded product image | Context: {"product_id":78007,"attachment_id":81200,"filename":"product-image-78007-6996d5d417cb4.jpg"}
[2026-02-19 09:20:20] [INFO] Updated product | Context: {"external_id":1316324,"product_id":78007}
[2026-02-19 09:20:20] [INFO] Updated product | Context: {"external_id":1308257,"product_id":77959}
[2026-02-19 09:20:20] [INFO] Downloaded product image | Context: {"product_id":78257,"attachment_id":81201,"filename":"product-image-78257-6996d5d4b05a2.jpg"}
[2026-02-19 09:20:21] [INFO] Downloaded product image | Context: {"product_id":78257,"attachment_id":81202,"filename":"product-image-78257-6996d5d51c86c.jpg"}
[2026-02-19 09:20:21] [INFO] Downloaded product image | Context: {"product_id":78257,"attachment_id":81203,"filename":"product-image-78257-6996d5d598635.jpg"}
[2026-02-19 09:20:22] [INFO] Downloaded product image | Context: {"product_id":78257,"attachment_id":81204,"filename":"product-image-78257-6996d5d615247.jpg"}
[2026-02-19 09:20:22] [INFO] Updated product | Context: {"external_id":1293432,"product_id":78257}
[2026-02-19 09:20:22] [INFO] Updated product | Context: {"external_id":1284050,"product_id":78010}
[2026-02-19 09:20:22] [INFO] Updated product | Context: {"external_id":1269257,"product_id":78364}
[2026-02-19 09:20:22] [INFO] Updated product | Context: {"external_id":1484835,"product_id":78898}
[2026-02-19 09:20:23] [INFO] Downloaded product image | Context: {"product_id":81205,"attachment_id":81206,"filename":"product-image-81205-6996d5d6da578.jpg"}
[2026-02-19 09:20:23] [INFO] Created product | Context: {"external_id":1482914,"product_id":81205}
[2026-02-19 09:20:23] [INFO] Downloaded product image | Context: {"product_id":81207,"attachment_id":81208,"filename":"product-image-81207-6996d5d792f4b.jpg"}
[2026-02-19 09:20:24] [INFO] Downloaded product image | Context: {"product_id":81207,"attachment_id":81209,"filename":"product-image-81207-6996d5d81362b.jpg"}
[2026-02-19 09:20:24] [INFO] Downloaded product image | Context: {"product_id":81207,"attachment_id":81210,"filename":"product-image-81207-6996d5d891a08.jpg"}
[2026-02-19 09:20:24] [INFO] Created product | Context: {"external_id":1482898,"product_id":81207}
[2026-02-19 09:20:24] [INFO] Updated product | Context: {"external_id":1479648,"product_id":78369}
[2026-02-19 09:20:24] [INFO] Updated product | Context: {"external_id":1479643,"product_id":78371}
[2026-02-19 09:20:25] [INFO] Created product | Context: {"external_id":1476777,"product_id":81211}
[2026-02-19 09:20:25] [INFO] Updated product | Context: {"external_id":1476391,"product_id":78262}
[2026-02-19 09:20:25] [INFO] Created product | Context: {"external_id":1476379,"product_id":81212}
[2026-02-19 09:20:25] [INFO] Updated product | Context: {"external_id":1476367,"product_id":78264}
[2026-02-19 09:20:25] [INFO] Updated product | Context: {"external_id":1476339,"product_id":78379}
[2026-02-19 09:20:25] [INFO] Updated product | Context: {"external_id":1476314,"product_id":78265}
[2026-02-19 09:20:25] [INFO] Updated product | Context: {"external_id":1476310,"product_id":78571}
[2026-02-19 09:20:25] [INFO] Updated product | Context: {"external_id":1476269,"product_id":78174}
[2026-02-19 09:20:25] [INFO] Updated product | Context: {"external_id":1476268,"product_id":78175}
[2026-02-19 09:20:25] [INFO] Updated product | Context: {"external_id":1476267,"product_id":78267}
[2026-02-19 09:20:25] [INFO] Updated product | Context: {"external_id":1476258,"product_id":78268}
[2026-02-19 09:20:25] [INFO] Updated product | Context: {"external_id":1476214,"product_id":78271}
[2026-02-19 09:20:25] [INFO] Updated product | Context: {"external_id":1476167,"product_id":78272}
[2026-02-19 09:20:25] [INFO] Updated product | Context: {"external_id":1476131,"product_id":78109}
[2026-02-19 09:20:26] [INFO] Downloaded product image | Context: {"product_id":78590,"attachment_id":81213,"filename":"product-image-78590-6996d5da238a7.jpg"}
[2026-02-19 09:20:26] [INFO] Downloaded product image | Context: {"product_id":78590,"attachment_id":81214,"filename":"product-image-78590-6996d5da9c37b.jpg"}
[2026-02-19 09:20:27] [INFO] Downloaded product image | Context: {"product_id":78590,"attachment_id":81215,"filename":"product-image-78590-6996d5db21947.jpg"}
[2026-02-19 09:20:27] [INFO] Downloaded product image | Context: {"product_id":78590,"attachment_id":81216,"filename":"product-image-78590-6996d5dbaadb3.jpg"}
[2026-02-19 09:20:27] [INFO] Updated product | Context: {"external_id":1476123,"product_id":78590}
[2026-02-19 09:20:27] [INFO] Updated product | Context: {"external_id":1476115,"product_id":79085}
[2026-02-19 09:20:27] [INFO] Updated product | Context: {"external_id":1475430,"product_id":78388}
[2026-02-19 09:20:28] [INFO] Updated product | Context: {"external_id":1475429,"product_id":78595}
[2026-02-19 09:20:28] [INFO] Updated product | Context: {"external_id":1474047,"product_id":78389}
[2026-02-19 09:20:28] [INFO] Updated product | Context: {"external_id":1473307,"product_id":78279}
[2026-02-19 09:20:28] [INFO] Updated product | Context: {"external_id":1473300,"product_id":78183}
[2026-02-19 09:20:28] [INFO] Updated product | Context: {"external_id":1473067,"product_id":78112}
[2026-02-19 09:20:28] [INFO] Updated product | Context: {"external_id":1473064,"product_id":78185}
[2026-02-19 09:20:28] [INFO] Batch processed | Context: {"offset":1050,"total":3431}
[2026-02-19 09:20:29] [INFO] Updated product | Context: {"external_id":1473046,"product_id":78393}
[2026-02-19 09:20:29] [INFO] Updated product | Context: {"external_id":1472285,"product_id":78616}
[2026-02-19 09:20:29] [INFO] Updated product | Context: {"external_id":1472238,"product_id":79196}
[2026-02-19 09:20:29] [INFO] Updated product | Context: {"external_id":1472229,"product_id":78618}
[2026-02-19 09:20:29] [INFO] Updated product | Context: {"external_id":1472216,"product_id":79208}
[2026-02-19 09:20:29] [INFO] Updated product | Context: {"external_id":1472215,"product_id":79209}
[2026-02-19 09:20:29] [INFO] Updated product | Context: {"external_id":1472169,"product_id":78192}
[2026-02-19 09:20:29] [INFO] Updated product | Context: {"external_id":1472010,"product_id":78197}
[2026-02-19 09:20:29] [INFO] Updated product | Context: {"external_id":1471999,"product_id":78407}
[2026-02-19 09:20:29] [INFO] Updated product | Context: {"external_id":1470562,"product_id":78411}
[2026-02-19 09:20:29] [INFO] Updated product | Context: {"external_id":1455513,"product_id":78638}
[2026-02-19 09:20:29] [INFO] Updated product | Context: {"external_id":1455489,"product_id":78642}
[2026-02-19 09:20:29] [INFO] Updated product | Context: {"external_id":1455445,"product_id":79274}
[2026-02-19 09:20:29] [INFO] Updated product | Context: {"external_id":1454758,"product_id":78418}
[2026-02-19 09:20:30] [INFO] Updated product | Context: {"external_id":1454712,"product_id":78118}
[2026-02-19 09:20:30] [INFO] Updated product | Context: {"external_id":1454711,"product_id":78119}
[2026-02-19 09:20:30] [INFO] Updated product | Context: {"external_id":1454701,"product_id":79312}
[2026-02-19 09:20:30] [INFO] Updated product | Context: {"external_id":1454695,"product_id":78120}
[2026-02-19 09:20:30] [INFO] Updated product | Context: {"external_id":1454681,"product_id":79317}
[2026-02-19 09:20:30] [INFO] Updated product | Context: {"external_id":1454637,"product_id":78066}
[2026-02-19 09:20:30] [INFO] Updated product | Context: {"external_id":1421787,"product_id":78297}
[2026-02-19 09:20:30] [INFO] Updated product | Context: {"external_id":1418107,"product_id":78423}
[2026-02-19 09:20:30] [INFO] Downloaded product image | Context: {"product_id":78302,"attachment_id":81217,"filename":"product-image-78302-6996d5dea6523.jpg"}
[2026-02-19 09:20:31] [INFO] Downloaded product image | Context: {"product_id":78302,"attachment_id":81218,"filename":"product-image-78302-6996d5df32f5e.jpg"}
[2026-02-19 09:20:31] [INFO] Downloaded product image | Context: {"product_id":78302,"attachment_id":81219,"filename":"product-image-78302-6996d5dfa5308.jpg"}
[2026-02-19 09:20:32] [INFO] Downloaded product image | Context: {"product_id":78302,"attachment_id":81220,"filename":"product-image-78302-6996d5e01cd76.jpg"}
[2026-02-19 09:20:32] [INFO] Updated product | Context: {"external_id":1416784,"product_id":78302}
[2026-02-19 09:20:32] [INFO] Updated product | Context: {"external_id":1371706,"product_id":78682}
[2026-02-19 09:20:32] [INFO] Updated product | Context: {"external_id":1371705,"product_id":78210}
[2026-02-19 09:20:32] [INFO] Updated product | Context: {"external_id":1371697,"product_id":78211}
[2026-02-19 09:20:32] [INFO] Updated product | Context: {"external_id":1371695,"product_id":79405}
[2026-02-19 09:20:32] [INFO] Updated product | Context: {"external_id":1368959,"product_id":78124}
[2026-02-19 09:20:32] [INFO] Updated product | Context: {"external_id":1366504,"product_id":78024}
[2026-02-19 09:20:33] [INFO] Downloaded product image | Context: {"product_id":78698,"attachment_id":81221,"filename":"product-image-78698-6996d5e100246.jpg"}
[2026-02-19 09:20:33] [INFO] Downloaded product image | Context: {"product_id":78698,"attachment_id":81222,"filename":"product-image-78698-6996d5e17a18b.jpg"}
[2026-02-19 09:20:34] [INFO] Downloaded product image | Context: {"product_id":78698,"attachment_id":81223,"filename":"product-image-78698-6996d5e1f05c7.jpg"}
[2026-02-19 09:20:34] [INFO] Downloaded product image | Context: {"product_id":78698,"attachment_id":81224,"filename":"product-image-78698-6996d5e27be55.jpg"}
[2026-02-19 09:20:34] [INFO] Updated product | Context: {"external_id":1366097,"product_id":78698}
[2026-02-19 09:20:34] [INFO] Updated product | Context: {"external_id":1366095,"product_id":78310}
[2026-02-19 09:20:35] [INFO] Downloaded product image | Context: {"product_id":78076,"attachment_id":81225,"filename":"product-image-78076-6996d5e317572.jpg"}
[2026-02-19 09:20:35] [INFO] Downloaded product image | Context: {"product_id":78076,"attachment_id":81226,"filename":"product-image-78076-6996d5e388837.jpg"}
[2026-02-19 09:20:36] [INFO] Downloaded product image | Context: {"product_id":78076,"attachment_id":81227,"filename":"product-image-78076-6996d5e404cff.jpg"}
[2026-02-19 09:20:36] [INFO] Downloaded product image | Context: {"product_id":78076,"attachment_id":81228,"filename":"product-image-78076-6996d5e47509c.jpg"}
[2026-02-19 09:20:37] [INFO] Downloaded product image | Context: {"product_id":78076,"attachment_id":81229,"filename":"product-image-78076-6996d5e4db4c8.jpg"}
[2026-02-19 09:20:37] [INFO] Updated product | Context: {"external_id":1364988,"product_id":78076}
[2026-02-19 09:20:37] [INFO] Updated product | Context: {"external_id":1363776,"product_id":78311}
[2026-02-19 09:20:37] [INFO] Downloaded product image | Context: {"product_id":78315,"attachment_id":81230,"filename":"product-image-78315-6996d5e57a38d.jpg"}
[2026-02-19 09:20:37] [INFO] Updated product | Context: {"external_id":1357593,"product_id":78315}
[2026-02-19 09:20:37] [INFO] Updated product | Context: {"external_id":1357577,"product_id":78454}
[2026-02-19 09:20:37] [INFO] Updated product | Context: {"external_id":1355938,"product_id":78029}
[2026-02-19 09:20:37] [INFO] Updated product | Context: {"external_id":1355933,"product_id":78221}
[2026-02-19 09:20:37] [INFO] Updated product | Context: {"external_id":1354598,"product_id":78750}
[2026-02-19 09:20:37] [INFO] Updated product | Context: {"external_id":1354582,"product_id":79550}
[2026-02-19 09:20:37] [INFO] Updated product | Context: {"external_id":1354076,"product_id":78327}
[2026-02-19 09:20:38] [INFO] Downloaded product image | Context: {"product_id":78329,"attachment_id":81231,"filename":"product-image-78329-6996d5e654850.jpg"}
[2026-02-19 09:20:38] [INFO] Downloaded product image | Context: {"product_id":78329,"attachment_id":81232,"filename":"product-image-78329-6996d5e6bbb2d.jpg"}
[2026-02-19 09:20:39] [INFO] Downloaded product image | Context: {"product_id":78329,"attachment_id":81233,"filename":"product-image-78329-6996d5e741aa5.jpg"}
[2026-02-19 09:20:39] [INFO] Downloaded product image | Context: {"product_id":78329,"attachment_id":81234,"filename":"product-image-78329-6996d5e7a3625.jpg"}
[2026-02-19 09:20:39] [INFO] Updated product | Context: {"external_id":1354058,"product_id":78329}
[2026-02-19 09:20:39] [INFO] Updated product | Context: {"external_id":1354054,"product_id":78475}
[2026-02-19 09:20:40] [INFO] Downloaded product image | Context: {"product_id":78330,"attachment_id":81235,"filename":"product-image-78330-6996d5e83e1ee.jpg"}
[2026-02-19 09:20:40] [INFO] Downloaded product image | Context: {"product_id":78330,"attachment_id":81236,"filename":"product-image-78330-6996d5e8afac9.jpg"}
[2026-02-19 09:20:41] [INFO] Downloaded product image | Context: {"product_id":78330,"attachment_id":81237,"filename":"product-image-78330-6996d5e937780.jpg"}
[2026-02-19 09:20:41] [INFO] Downloaded product image | Context: {"product_id":78330,"attachment_id":81238,"filename":"product-image-78330-6996d5e9a5d96.jpg"}
[2026-02-19 09:20:41] [INFO] Updated product | Context: {"external_id":1353835,"product_id":78330}
[2026-02-19 09:20:41] [INFO] Updated product | Context: {"external_id":1353801,"product_id":78482}
[2026-02-19 09:20:41] [INFO] Updated product | Context: {"external_id":1351364,"product_id":78080}
[2026-02-19 09:20:41] [INFO] Updated product | Context: {"external_id":1349450,"product_id":78082}
[2026-02-19 09:20:41] [INFO] Updated product | Context: {"external_id":1349418,"product_id":78800}
[2026-02-19 09:20:42] [INFO] Updated product | Context: {"external_id":1349377,"product_id":79750}
[2026-02-19 09:20:42] [INFO] Updated product | Context: {"external_id":1349362,"product_id":78084}
[2026-02-19 09:20:42] [INFO] Updated product | Context: {"external_id":1349360,"product_id":77999}
[2026-02-19 09:20:42] [INFO] Batch processed | Context: {"offset":1100,"total":3431}
[2026-02-19 09:20:43] [INFO] Updated product | Context: {"external_id":1349340,"product_id":78335}
[2026-02-19 09:20:43] [INFO] Updated product | Context: {"external_id":1349289,"product_id":78813}
[2026-02-19 09:20:43] [INFO] Updated product | Context: {"external_id":1349286,"product_id":78814}
[2026-02-19 09:20:43] [INFO] Updated product | Context: {"external_id":1349275,"product_id":79789}
[2026-02-19 09:20:43] [INFO] Updated product | Context: {"external_id":1349269,"product_id":79794}
[2026-02-19 09:20:43] [INFO] Updated product | Context: {"external_id":1347883,"product_id":78085}
[2026-02-19 09:20:43] [INFO] Updated product | Context: {"external_id":1347873,"product_id":78035}
[2026-02-19 09:20:43] [INFO] Updated product | Context: {"external_id":1347743,"product_id":78148}
[2026-02-19 09:20:43] [INFO] Updated product | Context: {"external_id":1347735,"product_id":78509}
[2026-02-19 09:20:43] [INFO] Updated product | Context: {"external_id":1347250,"product_id":78836}
[2026-02-19 09:20:43] [INFO] Updated product | Context: {"external_id":1346945,"product_id":78150}
[2026-02-19 09:20:43] [INFO] Updated product | Context: {"external_id":1346944,"product_id":78839}
[2026-02-19 09:20:43] [INFO] Updated product | Context: {"external_id":1346942,"product_id":78841}
[2026-02-19 09:20:43] [INFO] Updated product | Context: {"external_id":1346941,"product_id":78342}
[2026-02-19 09:20:43] [INFO] Updated product | Context: {"external_id":1346877,"product_id":79836}
[2026-02-19 09:20:43] [INFO] Updated product | Context: {"external_id":1346832,"product_id":78343}
[2026-02-19 09:20:44] [INFO] Downloaded product image | Context: {"product_id":78239,"attachment_id":81239,"filename":"product-image-78239-6996d5ec4f3c5.jpg"}
[2026-02-19 09:20:44] [INFO] Downloaded product image | Context: {"product_id":78239,"attachment_id":81240,"filename":"product-image-78239-6996d5ecc6498.jpg"}
[2026-02-19 09:20:45] [INFO] Downloaded product image | Context: {"product_id":78239,"attachment_id":81241,"filename":"product-image-78239-6996d5ed43aa4.jpg"}
[2026-02-19 09:20:45] [INFO] Downloaded product image | Context: {"product_id":78239,"attachment_id":81242,"filename":"product-image-78239-6996d5edb4201.jpg"}
[2026-02-19 09:20:45] [INFO] Updated product | Context: {"external_id":1345014,"product_id":78239}
[2026-02-19 09:20:45] [INFO] Updated product | Context: {"external_id":1344939,"product_id":79838}
[2026-02-19 09:20:46] [INFO] Updated product | Context: {"external_id":1344913,"product_id":78513}
[2026-02-19 09:20:46] [INFO] Updated product | Context: {"external_id":1344912,"product_id":78038}
[2026-02-19 09:20:46] [INFO] Updated product | Context: {"external_id":1344902,"product_id":78849}
[2026-02-19 09:20:46] [INFO] Updated product | Context: {"external_id":1341656,"product_id":78088}
[2026-02-19 09:20:46] [INFO] Updated product | Context: {"external_id":1341304,"product_id":78350}
[2026-02-19 09:20:46] [INFO] Downloaded product image | Context: {"product_id":78520,"attachment_id":81243,"filename":"product-image-78520-6996d5ee838cd.jpg"}
[2026-02-19 09:20:47] [INFO] Downloaded product image | Context: {"product_id":78520,"attachment_id":81244,"filename":"product-image-78520-6996d5eef37b2.jpg"}
[2026-02-19 09:20:47] [INFO] Updated product | Context: {"external_id":1341025,"product_id":78520}
[2026-02-19 09:20:47] [INFO] Updated product | Context: {"external_id":1335234,"product_id":79878}
[2026-02-19 09:20:47] [INFO] Updated product | Context: {"external_id":1331463,"product_id":78158}
[2026-02-19 09:20:47] [INFO] Downloaded product image | Context: {"product_id":78004,"attachment_id":81245,"filename":"product-image-78004-6996d5efa6f35.jpg"}
[2026-02-19 09:20:48] [INFO] Downloaded product image | Context: {"product_id":78004,"attachment_id":81246,"filename":"product-image-78004-6996d5f021727.jpg"}
[2026-02-19 09:20:48] [INFO] Downloaded product image | Context: {"product_id":78004,"attachment_id":81247,"filename":"product-image-78004-6996d5f096ab1.jpg"}
[2026-02-19 09:20:49] [INFO] Downloaded product image | Context: {"product_id":78004,"attachment_id":81248,"filename":"product-image-78004-6996d5f102df5.jpg"}
[2026-02-19 09:20:49] [INFO] Updated product | Context: {"external_id":1331418,"product_id":78004}
[2026-02-19 09:20:49] [INFO] Updated product | Context: {"external_id":1330497,"product_id":78042}
[2026-02-19 09:20:49] [INFO] Updated product | Context: {"external_id":1329508,"product_id":79893}
[2026-02-19 09:20:49] [INFO] Updated product | Context: {"external_id":1326818,"product_id":78357}
[2026-02-19 09:20:49] [INFO] Updated product | Context: {"external_id":1299694,"product_id":79918}
[2026-02-19 09:20:49] [INFO] Updated product | Context: {"external_id":1292374,"product_id":78009}
[2026-02-19 09:20:50] [INFO] Downloaded product image | Context: {"product_id":78365,"attachment_id":81249,"filename":"product-image-78365-6996d5f1df874.jpg"}
[2026-02-19 09:20:50] [INFO] Downloaded product image | Context: {"product_id":78365,"attachment_id":81250,"filename":"product-image-78365-6996d5f25d846.jpg"}
[2026-02-19 09:20:51] [INFO] Downloaded product image | Context: {"product_id":78365,"attachment_id":81251,"filename":"product-image-78365-6996d5f2d6225.jpg"}
[2026-02-19 09:20:51] [INFO] Downloaded product image | Context: {"product_id":78365,"attachment_id":81252,"filename":"product-image-78365-6996d5f34cd4e.jpg"}
[2026-02-19 09:20:51] [INFO] Updated product | Context: {"external_id":1248415,"product_id":78365}
[2026-02-19 09:20:51] [INFO] Updated product | Context: {"external_id":1230918,"product_id":78105}
[2026-02-19 09:20:51] [INFO] Created product | Context: {"external_id":1482924,"product_id":81253}
[2026-02-19 09:20:52] [INFO] Downloaded product image | Context: {"product_id":80198,"attachment_id":81254,"filename":"product-image-80198-6996d5f43f16c.jpg"}
[2026-02-19 09:20:52] [INFO] Downloaded product image | Context: {"product_id":80198,"attachment_id":81255,"filename":"product-image-80198-6996d5f4b8bec.jpg"}
[2026-02-19 09:20:53] [INFO] Downloaded product image | Context: {"product_id":80198,"attachment_id":81256,"filename":"product-image-80198-6996d5f535867.jpg"}
[2026-02-19 09:20:53] [INFO] Updated product | Context: {"external_id":1481016,"product_id":80198}
[2026-02-19 09:20:53] [INFO] Downloaded product image | Context: {"product_id":80200,"attachment_id":81257,"filename":"product-image-80200-6996d5f5b7ede.jpg"}
[2026-02-19 09:20:54] [INFO] Downloaded product image | Context: {"product_id":80200,"attachment_id":81258,"filename":"product-image-80200-6996d5f62c009.jpg"}
[2026-02-19 09:20:54] [INFO] Updated product | Context: {"external_id":1481014,"product_id":80200}
[2026-02-19 09:20:54] [INFO] Updated product | Context: {"external_id":1476809,"product_id":78974}
[2026-02-19 09:20:54] [INFO] Updated product | Context: {"external_id":1476567,"product_id":78260}
[2026-02-19 09:20:54] [INFO] Updated product | Context: {"external_id":1476565,"product_id":78976}
[2026-02-19 09:20:54] [INFO] Updated product | Context: {"external_id":1476562,"product_id":78977}
[2026-02-19 09:20:54] [INFO] Updated product | Context: {"external_id":1476560,"product_id":78554}
[2026-02-19 09:20:54] [INFO] Updated product | Context: {"external_id":1476559,"product_id":78979}
[2026-02-19 09:20:54] [INFO] Updated product | Context: {"external_id":1476534,"product_id":78981}
[2026-02-19 09:20:54] [INFO] Updated product | Context: {"external_id":1476532,"product_id":78983}
[2026-02-19 09:20:54] [INFO] Updated product | Context: {"external_id":1476434,"product_id":78558}
[2026-02-19 09:20:54] [INFO] Updated product | Context: {"external_id":1476432,"product_id":78990}
[2026-02-19 09:20:54] [INFO] Updated product | Context: {"external_id":1476419,"product_id":78560}
[2026-02-19 09:20:54] [INFO] Updated product | Context: {"external_id":1476407,"product_id":78561}
[2026-02-19 09:20:54] [INFO] Updated product | Context: {"external_id":1476400,"product_id":78374}
[2026-02-19 09:20:54] [INFO] Batch processed | Context: {"offset":1150,"total":3431}
[2026-02-19 09:20:56] [INFO] Updated product | Context: {"external_id":1476392,"product_id":79005}
[2026-02-19 09:20:56] [INFO] Updated product | Context: {"external_id":1476388,"product_id":79006}
[2026-02-19 09:20:56] [INFO] Updated product | Context: {"external_id":1476374,"product_id":78375}
[2026-02-19 09:20:56] [INFO] Updated product | Context: {"external_id":1476373,"product_id":78263}
[2026-02-19 09:20:56] [INFO] Updated product | Context: {"external_id":1476340,"product_id":78378}
[2026-02-19 09:20:56] [INFO] Updated product | Context: {"external_id":1476322,"product_id":78380}
[2026-02-19 09:20:57] [INFO] Downloaded product image | Context: {"product_id":78568,"attachment_id":81259,"filename":"product-image-78568-6996d5f907e45.jpg"}
[2026-02-19 09:20:57] [INFO] Downloaded product image | Context: {"product_id":78568,"attachment_id":81260,"filename":"product-image-78568-6996d5f98531e.jpg"}
[2026-02-19 09:20:58] [INFO] Downloaded product image | Context: {"product_id":78568,"attachment_id":81261,"filename":"product-image-78568-6996d5fa1aeea.jpg"}
[2026-02-19 09:20:58] [INFO] Downloaded product image | Context: {"product_id":78568,"attachment_id":81262,"filename":"product-image-78568-6996d5fa910d5.jpg"}
[2026-02-19 09:20:58] [INFO] Updated product | Context: {"external_id":1476316,"product_id":78568}
[2026-02-19 09:20:58] [INFO] Updated product | Context: {"external_id":1476312,"product_id":77962}
[2026-02-19 09:20:58] [INFO] Updated product | Context: {"external_id":1476309,"product_id":78572}
[2026-02-19 09:20:58] [INFO] Updated product | Context: {"external_id":1476299,"product_id":78266}
[2026-02-19 09:20:58] [INFO] Updated product | Context: {"external_id":1476266,"product_id":78575}
[2026-02-19 09:20:58] [INFO] Updated product | Context: {"external_id":1476255,"product_id":78269}
[2026-02-19 09:20:59] [INFO] Updated product | Context: {"external_id":1476224,"product_id":79034}
[2026-02-19 09:20:59] [INFO] Updated product | Context: {"external_id":1476222,"product_id":79036}
[2026-02-19 09:20:59] [INFO] Updated product | Context: {"external_id":1476219,"product_id":78013}
[2026-02-19 09:20:59] [INFO] Updated product | Context: {"external_id":1476218,"product_id":78578}
[2026-02-19 09:20:59] [INFO] Updated product | Context: {"external_id":1476177,"product_id":79052}
[2026-02-19 09:20:59] [INFO] Updated product | Context: {"external_id":1476171,"product_id":79056}
[2026-02-19 09:20:59] [INFO] Updated product | Context: {"external_id":1476169,"product_id":78584}
[2026-02-19 09:20:59] [INFO] Updated product | Context: {"external_id":1476145,"product_id":78588}
[2026-02-19 09:20:59] [INFO] Updated product | Context: {"external_id":1476118,"product_id":79082}
[2026-02-19 09:20:59] [INFO] Updated product | Context: {"external_id":1476082,"product_id":79096}
[2026-02-19 09:20:59] [INFO] Updated product | Context: {"external_id":1476081,"product_id":78179}
[2026-02-19 09:20:59] [INFO] Updated product | Context: {"external_id":1476068,"product_id":78181}
[2026-02-19 09:20:59] [INFO] Updated product | Context: {"external_id":1476046,"product_id":78593}
[2026-02-19 09:20:59] [INFO] Updated product | Context: {"external_id":1476045,"product_id":78387}
[2026-02-19 09:20:59] [INFO] Updated product | Context: {"external_id":1473331,"product_id":78055}
[2026-02-19 09:20:59] [INFO] Updated product | Context: {"external_id":1473323,"product_id":78056}
[2026-02-19 09:20:59] [INFO] Updated product | Context: {"external_id":1473299,"product_id":78600}
[2026-02-19 09:20:59] [INFO] Updated product | Context: {"external_id":1473297,"product_id":78391}
[2026-02-19 09:20:59] [INFO] Updated product | Context: {"external_id":1473296,"product_id":78602}
[2026-02-19 09:21:00] [INFO] Updated product | Context: {"external_id":1473288,"product_id":78392}
[2026-02-19 09:21:00] [INFO] Updated product | Context: {"external_id":1473063,"product_id":79120}
[2026-02-19 09:21:00] [INFO] Updated product | Context: {"external_id":1473034,"product_id":78394}
[2026-02-19 09:21:00] [INFO] Updated product | Context: {"external_id":1473005,"product_id":79148}
[2026-02-19 09:21:00] [INFO] Updated product | Context: {"external_id":1472984,"product_id":77965}
[2026-02-19 09:21:00] [INFO] Updated product | Context: {"external_id":1472317,"product_id":78285}
[2026-02-19 09:21:00] [INFO] Updated product | Context: {"external_id":1472308,"product_id":78191}
[2026-02-19 09:21:00] [INFO] Updated product | Context: {"external_id":1472228,"product_id":79202}
[2026-02-19 09:21:00] [INFO] Updated product | Context: {"external_id":1472156,"product_id":78401}
[2026-02-19 09:21:01] [INFO] Downloaded product image | Context: {"product_id":81263,"attachment_id":81264,"filename":"product-image-81263-6996d5fcd6362.jpg"}
[2026-02-19 09:21:01] [INFO] Created product | Context: {"external_id":1472137,"product_id":81263}
[2026-02-19 09:21:01] [INFO] Updated product | Context: {"external_id":1472123,"product_id":78402}
[2026-02-19 09:21:01] [INFO] Updated product | Context: {"external_id":1472122,"product_id":78193}
[2026-02-19 09:21:01] [INFO] Updated product | Context: {"external_id":1472103,"product_id":78403}
[2026-02-19 09:21:01] [INFO] Updated product | Context: {"external_id":1472068,"product_id":77988}
[2026-02-19 09:21:01] [INFO] Updated product | Context: {"external_id":1472028,"product_id":78195}
[2026-02-19 09:21:01] [INFO] Updated product | Context: {"external_id":1472001,"product_id":78629}
[2026-02-19 09:21:01] [INFO] Updated product | Context: {"external_id":1471988,"product_id":78408}
[2026-02-19 09:21:01] [INFO] Updated product | Context: {"external_id":1470729,"product_id":78200}
[2026-02-19 09:21:01] [INFO] Updated product | Context: {"external_id":1470719,"product_id":78635}
[2026-02-19 09:21:01] [INFO] Batch processed | Context: {"offset":1200,"total":3431}
[2026-02-19 09:21:03] [INFO] Updated product | Context: {"external_id":1456114,"product_id":78292}
[2026-02-19 09:21:03] [INFO] Updated product | Context: {"external_id":1455511,"product_id":78640}
[2026-02-19 09:21:04] [INFO] Downloaded product image | Context: {"product_id":81265,"attachment_id":81266,"filename":"product-image-81265-6996d5ffe6d52.jpg"}
[2026-02-19 09:21:04] [INFO] Downloaded product image | Context: {"product_id":81265,"attachment_id":81267,"filename":"product-image-81265-6996d60065035.jpg"}
[2026-02-19 09:21:05] [INFO] Downloaded product image | Context: {"product_id":81265,"attachment_id":81268,"filename":"product-image-81265-6996d600de6c7.jpg"}
[2026-02-19 09:21:05] [INFO] Downloaded product image | Context: {"product_id":81265,"attachment_id":81269,"filename":"product-image-81265-6996d6014a1e2.jpg"}
[2026-02-19 09:21:05] [INFO] Created product | Context: {"external_id":1454788,"product_id":81265}
[2026-02-19 09:21:05] [INFO] Updated product | Context: {"external_id":1454779,"product_id":79285}
[2026-02-19 09:21:06] [INFO] Downloaded product image | Context: {"product_id":79300,"attachment_id":81270,"filename":"product-image-79300-6996d601d2049.jpg"}
[2026-02-19 09:21:06] [INFO] Downloaded product image | Context: {"product_id":79300,"attachment_id":81271,"filename":"product-image-79300-6996d602442bf.jpg"}
[2026-02-19 09:21:06] [INFO] Downloaded product image | Context: {"product_id":79300,"attachment_id":81272,"filename":"product-image-79300-6996d602ba3a0.jpg"}
[2026-02-19 09:21:07] [INFO] Downloaded product image | Context: {"product_id":79300,"attachment_id":81273,"filename":"product-image-79300-6996d6032f4b4.jpg"}
[2026-02-19 09:21:07] [INFO] Updated product | Context: {"external_id":1454751,"product_id":79300}
[2026-02-19 09:21:07] [INFO] Downloaded product image | Context: {"product_id":78653,"attachment_id":81274,"filename":"product-image-78653-6996d603ab7f0.jpg"}
[2026-02-19 09:21:08] [INFO] Downloaded product image | Context: {"product_id":78653,"attachment_id":81275,"filename":"product-image-78653-6996d60436dc3.jpg"}
[2026-02-19 09:21:08] [INFO] Downloaded product image | Context: {"product_id":78653,"attachment_id":81276,"filename":"product-image-78653-6996d604b758f.jpg"}
[2026-02-19 09:21:09] [INFO] Downloaded product image | Context: {"product_id":78653,"attachment_id":81277,"filename":"product-image-78653-6996d60533412.jpg"}
[2026-02-19 09:21:09] [INFO] Updated product | Context: {"external_id":1454745,"product_id":78653}
[2026-02-19 09:21:09] [INFO] Updated product | Context: {"external_id":1454700,"product_id":79313}
[2026-02-19 09:21:09] [INFO] Updated product | Context: {"external_id":1454641,"product_id":78204}
[2026-02-19 09:21:09] [INFO] Updated product | Context: {"external_id":1454634,"product_id":78121}
[2026-02-19 09:21:09] [INFO] Updated product | Context: {"external_id":1418096,"product_id":78664}
[2026-02-19 09:21:09] [INFO] Updated product | Context: {"external_id":1418076,"product_id":78206}
[2026-02-19 09:21:09] [INFO] Updated product | Context: {"external_id":1417470,"product_id":78299}
[2026-02-19 09:21:10] [INFO] Downloaded product image | Context: {"product_id":78424,"attachment_id":81278,"filename":"product-image-78424-6996d60611dbf.jpg"}
[2026-02-19 09:21:10] [INFO] Downloaded product image | Context: {"product_id":78424,"attachment_id":81279,"filename":"product-image-78424-6996d60691967.jpg"}
[2026-02-19 09:21:11] [INFO] Downloaded product image | Context: {"product_id":78424,"attachment_id":81280,"filename":"product-image-78424-6996d6071360b.jpg"}
[2026-02-19 09:21:11] [INFO] Downloaded product image | Context: {"product_id":78424,"attachment_id":81281,"filename":"product-image-78424-6996d60778b35.jpg"}
[2026-02-19 09:21:11] [INFO] Updated product | Context: {"external_id":1417448,"product_id":78424}
[2026-02-19 09:21:11] [INFO] Updated product | Context: {"external_id":1417446,"product_id":78425}
[2026-02-19 09:21:11] [INFO] Updated product | Context: {"external_id":1417428,"product_id":79354}
[2026-02-19 09:21:11] [INFO] Updated product | Context: {"external_id":1417427,"product_id":78667}
[2026-02-19 09:21:11] [INFO] Updated product | Context: {"external_id":1416774,"product_id":78427}
[2026-02-19 09:21:11] [INFO] Updated product | Context: {"external_id":1416757,"product_id":78674}
[2026-02-19 09:21:11] [INFO] Updated product | Context: {"external_id":1416742,"product_id":78303}
[2026-02-19 09:21:12] [INFO] Updated product | Context: {"external_id":1371410,"product_id":79411}
[2026-02-19 09:21:12] [INFO] Updated product | Context: {"external_id":1370788,"product_id":78213}
[2026-02-19 09:21:12] [INFO] Updated product | Context: {"external_id":1368955,"product_id":78306}
[2026-02-19 09:21:12] [INFO] Updated product | Context: {"external_id":1367004,"product_id":78309}
[2026-02-19 09:21:12] [INFO] Updated product | Context: {"external_id":1367002,"product_id":78070}
[2026-02-19 09:21:12] [INFO] Updated product | Context: {"external_id":1366994,"product_id":78690}
[2026-02-19 09:21:12] [INFO] Created product | Context: {"external_id":1366624,"product_id":81282}
[2026-02-19 09:21:12] [INFO] Updated product | Context: {"external_id":1366574,"product_id":77992}
[2026-02-19 09:21:12] [INFO] Updated product | Context: {"external_id":1366572,"product_id":78692}
[2026-02-19 09:21:12] [INFO] Updated product | Context: {"external_id":1366571,"product_id":78438}
[2026-02-19 09:21:12] [INFO] Updated product | Context: {"external_id":1366499,"product_id":79456}
[2026-02-19 09:21:12] [INFO] Created product | Context: {"external_id":1366090,"product_id":81283}
[2026-02-19 09:21:12] [INFO] Updated product | Context: {"external_id":1366087,"product_id":78127}
[2026-02-19 09:21:13] [INFO] Downloaded product image | Context: {"product_id":78443,"attachment_id":81284,"filename":"product-image-78443-6996d609445a7.jpg"}
[2026-02-19 09:21:13] [INFO] Downloaded product image | Context: {"product_id":78443,"attachment_id":81285,"filename":"product-image-78443-6996d609bf169.jpg"}
[2026-02-19 09:21:14] [INFO] Downloaded product image | Context: {"product_id":78443,"attachment_id":81286,"filename":"product-image-78443-6996d60a39423.jpg"}
[2026-02-19 09:21:14] [INFO] Downloaded product image | Context: {"product_id":78443,"attachment_id":81287,"filename":"product-image-78443-6996d60ab43bc.jpg"}
[2026-02-19 09:21:14] [INFO] Updated product | Context: {"external_id":1366071,"product_id":78443}
[2026-02-19 09:21:15] [INFO] Downloaded product image | Context: {"product_id":78700,"attachment_id":81288,"filename":"product-image-78700-6996d60b49480.jpg"}
[2026-02-19 09:21:16] [INFO] Downloaded product image | Context: {"product_id":78700,"attachment_id":81289,"filename":"product-image-78700-6996d60bd0d53.jpg"}
[2026-02-19 09:21:16] [INFO] Downloaded product image | Context: {"product_id":78700,"attachment_id":81290,"filename":"product-image-78700-6996d60c4d030.jpg"}
[2026-02-19 09:21:16] [INFO] Downloaded product image | Context: {"product_id":78700,"attachment_id":81291,"filename":"product-image-78700-6996d60ca901d.jpg"}
[2026-02-19 09:21:16] [INFO] Updated product | Context: {"external_id":1366018,"product_id":78700}
[2026-02-19 09:21:16] [INFO] Updated product | Context: {"external_id":1365891,"product_id":78446}
[2026-02-19 09:21:16] [INFO] Updated product | Context: {"external_id":1365859,"product_id":78712}
[2026-02-19 09:21:16] [INFO] Updated product | Context: {"external_id":1365845,"product_id":78713}
[2026-02-19 09:21:17] [INFO] Updated product | Context: {"external_id":1365825,"product_id":79477}
[2026-02-19 09:21:17] [INFO] Updated product | Context: {"external_id":1365824,"product_id":79478}
[2026-02-19 09:21:17] [INFO] Downloaded product image | Context: {"product_id":79486,"attachment_id":81292,"filename":"product-image-79486-6996d60d74e22.jpg"}
[2026-02-19 09:21:18] [INFO] Downloaded product image | Context: {"product_id":79486,"attachment_id":81293,"filename":"product-image-79486-6996d60deb978.jpg"}
[2026-02-19 09:21:18] [INFO] Downloaded product image | Context: {"product_id":79486,"attachment_id":81294,"filename":"product-image-79486-6996d60e7de70.jpg"}
[2026-02-19 09:21:19] [INFO] Downloaded product image | Context: {"product_id":79486,"attachment_id":81295,"filename":"product-image-79486-6996d60f0531a.jpg"}
[2026-02-19 09:21:19] [INFO] Updated product | Context: {"external_id":1365002,"product_id":79486}
[2026-02-19 09:21:19] [INFO] Updated product | Context: {"external_id":1363778,"product_id":78450}
[2026-02-19 09:21:19] [INFO] Downloaded product image | Context: {"product_id":78721,"attachment_id":81296,"filename":"product-image-78721-6996d60f8e3ba.jpg"}
[2026-02-19 09:21:20] [INFO] Downloaded product image | Context: {"product_id":78721,"attachment_id":81297,"filename":"product-image-78721-6996d610202c0.jpg"}
[2026-02-19 09:21:20] [INFO] Downloaded product image | Context: {"product_id":78721,"attachment_id":81298,"filename":"product-image-78721-6996d61092db3.jpg"}
[2026-02-19 09:21:21] [INFO] Downloaded product image | Context: {"product_id":78721,"attachment_id":81299,"filename":"product-image-78721-6996d610f266c.jpg"}
[2026-02-19 09:21:21] [INFO] Updated product | Context: {"external_id":1360370,"product_id":78721}
[2026-02-19 09:21:21] [INFO] Updated product | Context: {"external_id":1357715,"product_id":78727}
[2026-02-19 09:21:21] [INFO] Updated product | Context: {"external_id":1357594,"product_id":79511}
[2026-02-19 09:21:21] [INFO] Updated product | Context: {"external_id":1357583,"product_id":78130}
[2026-02-19 09:21:21] [INFO] Downloaded product image | Context: {"product_id":78735,"attachment_id":81300,"filename":"product-image-78735-6996d611a7dab.jpg"}
[2026-02-19 09:21:22] [INFO] Downloaded product image | Context: {"product_id":78735,"attachment_id":81301,"filename":"product-image-78735-6996d6123d18e.jpg"}
[2026-02-19 09:21:22] [INFO] Downloaded product image | Context: {"product_id":78735,"attachment_id":81302,"filename":"product-image-78735-6996d612b9b40.jpg"}
[2026-02-19 09:21:23] [INFO] Downloaded product image | Context: {"product_id":78735,"attachment_id":81303,"filename":"product-image-78735-6996d6133da26.jpg"}
[2026-02-19 09:21:23] [INFO] Updated product | Context: {"external_id":1357574,"product_id":78735}
[2026-02-19 09:21:23] [INFO] Updated product | Context: {"external_id":1357479,"product_id":78455}
[2026-02-19 09:21:23] [INFO] Updated product | Context: {"external_id":1357356,"product_id":78028}
[2026-02-19 09:21:23] [INFO] Updated product | Context: {"external_id":1355944,"product_id":78740}
[2026-02-19 09:21:23] [INFO] Batch processed | Context: {"offset":1250,"total":3431}
[2026-02-19 09:21:26] [INFO] Updated product | Context: {"external_id":1355942,"product_id":78133}
[2026-02-19 09:21:26] [INFO] Updated product | Context: {"external_id":1355928,"product_id":78222}
[2026-02-19 09:21:26] [INFO] Updated product | Context: {"external_id":1354634,"product_id":78136}
[2026-02-19 09:21:26] [INFO] Updated product | Context: {"external_id":1354613,"product_id":79546}
[2026-02-19 09:21:26] [INFO] Updated product | Context: {"external_id":1354583,"product_id":78468}
[2026-02-19 09:21:26] [INFO] Updated product | Context: {"external_id":1354569,"product_id":78753}
[2026-02-19 09:21:26] [INFO] Updated product | Context: {"external_id":1354564,"product_id":78470}
[2026-02-19 09:21:27] [INFO] Downloaded product image | Context: {"product_id":78769,"attachment_id":81304,"filename":"product-image-78769-6996d61708c78.jpg"}
[2026-02-19 09:21:27] [INFO] Downloaded product image | Context: {"product_id":78769,"attachment_id":81305,"filename":"product-image-78769-6996d6177a523.jpg"}
[2026-02-19 09:21:28] [INFO] Downloaded product image | Context: {"product_id":78769,"attachment_id":81306,"filename":"product-image-78769-6996d61803fce.jpg"}
[2026-02-19 09:21:28] [INFO] Downloaded product image | Context: {"product_id":78769,"attachment_id":81307,"filename":"product-image-78769-6996d61878fe2.jpg"}
[2026-02-19 09:21:28] [INFO] Updated product | Context: {"external_id":1354098,"product_id":78769}
[2026-02-19 09:21:28] [INFO] Updated product | Context: {"external_id":1354084,"product_id":79583}
[2026-02-19 09:21:28] [INFO] Updated product | Context: {"external_id":1354067,"product_id":78328}
[2026-02-19 09:21:28] [INFO] Updated product | Context: {"external_id":1354063,"product_id":78473}
[2026-02-19 09:21:28] [INFO] Updated product | Context: {"external_id":1353978,"product_id":78775}
[2026-02-19 09:21:28] [INFO] Updated product | Context: {"external_id":1353977,"product_id":78476}
[2026-02-19 09:21:28] [INFO] Updated product | Context: {"external_id":1353837,"product_id":78780}
[2026-02-19 09:21:29] [INFO] Updated product | Context: {"external_id":1353826,"product_id":78480}
[2026-02-19 09:21:29] [INFO] Updated product | Context: {"external_id":1353809,"product_id":78781}
[2026-02-19 09:21:29] [INFO] Updated product | Context: {"external_id":1353806,"product_id":79657}
[2026-02-19 09:21:29] [INFO] Updated product | Context: {"external_id":1351913,"product_id":77998}
[2026-02-19 09:21:29] [INFO] Updated product | Context: {"external_id":1351911,"product_id":78032}
[2026-02-19 09:21:29] [INFO] Updated product | Context: {"external_id":1351908,"product_id":78230}
[2026-02-19 09:21:29] [INFO] Updated product | Context: {"external_id":1351905,"product_id":78488}
[2026-02-19 09:21:29] [INFO] Updated product | Context: {"external_id":1351904,"product_id":78033}
[2026-02-19 09:21:29] [INFO] Updated product | Context: {"external_id":1351900,"product_id":78787}
[2026-02-19 09:21:29] [INFO] Updated product | Context: {"external_id":1349987,"product_id":78145}
[2026-02-19 09:21:29] [INFO] Updated product | Context: {"external_id":1349430,"product_id":78233}
[2026-02-19 09:21:29] [INFO] Updated product | Context: {"external_id":1349395,"product_id":78494}
[2026-02-19 09:21:30] [INFO] Downloaded product image | Context: {"product_id":78495,"attachment_id":81308,"filename":"product-image-78495-6996d619e9dd3.jpg"}
[2026-02-19 09:21:30] [INFO] Downloaded product image | Context: {"product_id":78495,"attachment_id":81309,"filename":"product-image-78495-6996d61a70576.jpg"}
[2026-02-19 09:21:31] [INFO] Downloaded product image | Context: {"product_id":78495,"attachment_id":81310,"filename":"product-image-78495-6996d61ae623f.jpg"}
[2026-02-19 09:21:31] [INFO] Downloaded product image | Context: {"product_id":78495,"attachment_id":81311,"filename":"product-image-78495-6996d61b55cd8.jpg"}
[2026-02-19 09:21:31] [INFO] Updated product | Context: {"external_id":1349388,"product_id":78495}
[2026-02-19 09:21:31] [INFO] Updated product | Context: {"external_id":1349343,"product_id":78235}
[2026-02-19 09:21:31] [INFO] Updated product | Context: {"external_id":1349334,"product_id":78810}
[2026-02-19 09:21:31] [INFO] Updated product | Context: {"external_id":1349319,"product_id":78236}
[2026-02-19 09:21:31] [INFO] Updated product | Context: {"external_id":1349318,"product_id":78498}
[2026-02-19 09:21:31] [INFO] Updated product | Context: {"external_id":1349287,"product_id":79781}
[2026-02-19 09:21:31] [INFO] Updated product | Context: {"external_id":1349274,"product_id":79790}
[2026-02-19 09:21:31] [INFO] Updated product | Context: {"external_id":1349256,"product_id":78502}
[2026-02-19 09:21:31] [INFO] Updated product | Context: {"external_id":1349255,"product_id":79803}
[2026-02-19 09:21:31] [INFO] Updated product | Context: {"external_id":1349079,"product_id":78504}
[2026-02-19 09:21:31] [INFO] Updated product | Context: {"external_id":1349078,"product_id":78237}
[2026-02-19 09:21:31] [INFO] Updated product | Context: {"external_id":1347884,"product_id":78238}
[2026-02-19 09:21:32] [INFO] Downloaded product image | Context: {"product_id":78506,"attachment_id":81312,"filename":"product-image-78506-6996d61c4d345.jpg"}
[2026-02-19 09:21:32] [INFO] Downloaded product image | Context: {"product_id":78506,"attachment_id":81313,"filename":"product-image-78506-6996d61cc1318.jpg"}
[2026-02-19 09:21:33] [INFO] Downloaded product image | Context: {"product_id":78506,"attachment_id":81314,"filename":"product-image-78506-6996d61d48b07.jpg"}
[2026-02-19 09:21:33] [INFO] Downloaded product image | Context: {"product_id":78506,"attachment_id":81315,"filename":"product-image-78506-6996d61dbb62e.jpg"}
[2026-02-19 09:21:33] [INFO] Updated product | Context: {"external_id":1347758,"product_id":78506}
[2026-02-19 09:21:33] [INFO] Updated product | Context: {"external_id":1347755,"product_id":79813}
[2026-02-19 09:21:34] [INFO] Updated product | Context: {"external_id":1347752,"product_id":78829}
[2026-02-19 09:21:34] [INFO] Downloaded product image | Context: {"product_id":78340,"attachment_id":81316,"filename":"product-image-78340-6996d61e6042d.jpg"}
[2026-02-19 09:21:35] [INFO] Downloaded product image | Context: {"product_id":78340,"attachment_id":81317,"filename":"product-image-78340-6996d61edf266.jpg"}
[2026-02-19 09:21:35] [INFO] Downloaded product image | Context: {"product_id":78340,"attachment_id":81318,"filename":"product-image-78340-6996d61f63987.jpg"}
[2026-02-19 09:21:36] [INFO] Downloaded product image | Context: {"product_id":78340,"attachment_id":81319,"filename":"product-image-78340-6996d61fd5b0f.jpg"}
[2026-02-19 09:21:36] [INFO] Updated product | Context: {"external_id":1347748,"product_id":78340}
[2026-02-19 09:21:36] [INFO] Updated product | Context: {"external_id":1347733,"product_id":79821}
[2026-02-19 09:21:36] [INFO] Updated product | Context: {"external_id":1347264,"product_id":78341}
[2026-02-19 09:21:36] [INFO] Updated product | Context: {"external_id":1344916,"product_id":78847}
[2026-02-19 09:21:36] [INFO] Updated product | Context: {"external_id":1344909,"product_id":78848}
[2026-02-19 09:21:36] [INFO] Updated product | Context: {"external_id":1344900,"product_id":78850}
[2026-02-19 09:21:36] [INFO] Updated product | Context: {"external_id":1344898,"product_id":78346}
[2026-02-19 09:21:36] [INFO] Updated product | Context: {"external_id":1341307,"product_id":78153}
[2026-02-19 09:21:36] [INFO] Updated product | Context: {"external_id":1339945,"product_id":79861}
[2026-02-19 09:21:36] [INFO] Batch processed | Context: {"offset":1300,"total":3431}
[2026-02-19 09:21:37] [INFO] Updated product | Context: {"external_id":1337572,"product_id":78090}
[2026-02-19 09:21:37] [INFO] Downloaded product image | Context: {"product_id":78855,"attachment_id":81320,"filename":"product-image-78855-6996d621a0d0a.jpg"}
[2026-02-19 09:21:37] [INFO] Updated product | Context: {"external_id":1335249,"product_id":78855}
[2026-02-19 09:21:37] [INFO] Updated product | Context: {"external_id":1335248,"product_id":78856}
[2026-02-19 09:21:37] [INFO] Updated product | Context: {"external_id":1335242,"product_id":78857}
[2026-02-19 09:21:37] [INFO] Updated product | Context: {"external_id":1335237,"product_id":79877}
[2026-02-19 09:21:38] [INFO] Downloaded product image | Context: {"product_id":79882,"attachment_id":81321,"filename":"product-image-79882-6996d62249b44.jpg"}
[2026-02-19 09:21:38] [INFO] Downloaded product image | Context: {"product_id":79882,"attachment_id":81322,"filename":"product-image-79882-6996d622bc900.jpg"}
[2026-02-19 09:21:39] [INFO] Downloaded product image | Context: {"product_id":79882,"attachment_id":81323,"filename":"product-image-79882-6996d6233a3f8.jpg"}
[2026-02-19 09:21:39] [INFO] Downloaded product image | Context: {"product_id":79882,"attachment_id":81324,"filename":"product-image-79882-6996d623b34bb.jpg"}
[2026-02-19 09:21:39] [INFO] Updated product | Context: {"external_id":1332986,"product_id":79882}
[2026-02-19 09:21:39] [INFO] Updated product | Context: {"external_id":1331562,"product_id":78863}
[2026-02-19 09:21:40] [INFO] Updated product | Context: {"external_id":1331462,"product_id":78864}
[2026-02-19 09:21:40] [INFO] Updated product | Context: {"external_id":1331461,"product_id":78249}
[2026-02-19 09:21:40] [INFO] Updated product | Context: {"external_id":1329506,"product_id":78528}
[2026-02-19 09:21:40] [INFO] Updated product | Context: {"external_id":1327653,"product_id":78096}
[2026-02-19 09:21:40] [INFO] Updated product | Context: {"external_id":1327280,"product_id":78354}
[2026-02-19 09:21:40] [INFO] Downloaded product image | Context: {"product_id":78531,"attachment_id":81325,"filename":"product-image-78531-6996d62486d4e.jpg"}
[2026-02-19 09:21:41] [INFO] Downloaded product image | Context: {"product_id":78531,"attachment_id":81326,"filename":"product-image-78531-6996d6250b9ce.jpg"}
[2026-02-19 09:21:41] [INFO] Downloaded product image | Context: {"product_id":78531,"attachment_id":81327,"filename":"product-image-78531-6996d62588ed8.jpg"}
[2026-02-19 09:21:42] [INFO] Downloaded product image | Context: {"product_id":78531,"attachment_id":81328,"filename":"product-image-78531-6996d625e37c6.jpg"}
[2026-02-19 09:21:42] [INFO] Updated product | Context: {"external_id":1327260,"product_id":78531}
[2026-02-19 09:21:42] [INFO] Updated product | Context: {"external_id":1324064,"product_id":79900}
[2026-02-19 09:21:42] [INFO] Updated product | Context: {"external_id":1324041,"product_id":78534}
[2026-02-19 09:21:42] [INFO] Updated product | Context: {"external_id":1324040,"product_id":78535}
[2026-02-19 09:21:42] [INFO] Updated product | Context: {"external_id":1322906,"product_id":78536}
[2026-02-19 09:21:42] [INFO] Updated product | Context: {"external_id":1322292,"product_id":78255}
[2026-02-19 09:21:42] [INFO] Updated product | Context: {"external_id":1322276,"product_id":78361}
[2026-02-19 09:21:42] [INFO] Updated product | Context: {"external_id":1301250,"product_id":78883}
[2026-02-19 09:21:42] [INFO] Updated product | Context: {"external_id":1301248,"product_id":78884}
[2026-02-19 09:21:42] [INFO] Updated product | Context: {"external_id":1293425,"product_id":78889}
[2026-02-19 09:21:42] [INFO] Updated product | Context: {"external_id":1280235,"product_id":78166}
[2026-02-19 09:21:42] [INFO] Updated product | Context: {"external_id":1276564,"product_id":78544}
[2026-02-19 09:21:43] [INFO] Downloaded product image | Context: {"product_id":78893,"attachment_id":81329,"filename":"product-image-78893-6996d626eb6cc.jpg"}
[2026-02-19 09:21:43] [INFO] Downloaded product image | Context: {"product_id":78893,"attachment_id":81330,"filename":"product-image-78893-6996d62758dc6.jpg"}
[2026-02-19 09:21:44] [INFO] Downloaded product image | Context: {"product_id":78893,"attachment_id":81331,"filename":"product-image-78893-6996d627cf44a.jpg"}
[2026-02-19 09:21:44] [INFO] Downloaded product image | Context: {"product_id":78893,"attachment_id":81332,"filename":"product-image-78893-6996d628530c3.jpg"}
[2026-02-19 09:21:44] [INFO] Updated product | Context: {"external_id":1249559,"product_id":78893}
[2026-02-19 09:21:44] [INFO] Updated product | Context: {"external_id":1243455,"product_id":79937}
[2026-02-19 09:21:44] [INFO] Updated product | Context: {"external_id":1243442,"product_id":79946}
[2026-02-19 09:21:44] [INFO] Updated product | Context: {"external_id":1230928,"product_id":78547}
[2026-02-19 09:21:44] [INFO] Created product | Context: {"external_id":1491070,"product_id":81333}
[2026-02-19 09:21:45] [INFO] Created product | Context: {"external_id":1488239,"product_id":81334}
[2026-02-19 09:21:45] [INFO] Downloaded product image | Context: {"product_id":81335,"attachment_id":81336,"filename":"product-image-81335-6996d629a2551.jpg"}
[2026-02-19 09:21:46] [INFO] Downloaded product image | Context: {"product_id":81335,"attachment_id":81337,"filename":"product-image-81335-6996d62a2783c.jpg"}
[2026-02-19 09:21:46] [INFO] Downloaded product image | Context: {"product_id":81335,"attachment_id":81338,"filename":"product-image-81335-6996d62a92514.jpg"}
[2026-02-19 09:21:47] [INFO] Downloaded product image | Context: {"product_id":81335,"attachment_id":81339,"filename":"product-image-81335-6996d62b0f8a5.jpg"}
[2026-02-19 09:21:47] [INFO] Downloaded product image | Context: {"product_id":81335,"attachment_id":81340,"filename":"product-image-81335-6996d62b8957f.jpg"}
[2026-02-19 09:21:47] [INFO] Created product | Context: {"external_id":1488209,"product_id":81335}
[2026-02-19 09:21:48] [INFO] Downloaded product image | Context: {"product_id":81341,"attachment_id":81342,"filename":"product-image-81341-6996d62c44ebd.jpg"}
[2026-02-19 09:21:48] [INFO] Downloaded product image | Context: {"product_id":81341,"attachment_id":81343,"filename":"product-image-81341-6996d62c9c1b2.jpg"}
[2026-02-19 09:21:49] [INFO] Downloaded product image | Context: {"product_id":81341,"attachment_id":81344,"filename":"product-image-81341-6996d62d18b6d.jpg"}
[2026-02-19 09:21:49] [INFO] Downloaded product image | Context: {"product_id":81341,"attachment_id":81345,"filename":"product-image-81341-6996d62d95c69.jpg"}
[2026-02-19 09:21:49] [INFO] Created product | Context: {"external_id":1487501,"product_id":81341}
[2026-02-19 09:21:50] [INFO] Created product | Context: {"external_id":1484917,"product_id":81346}
[2026-02-19 09:21:50] [INFO] Created product | Context: {"external_id":1484837,"product_id":81347}
[2026-02-19 09:21:50] [INFO] Updated product | Context: {"external_id":1483958,"product_id":78899}
[2026-02-19 09:21:50] [INFO] Created product | Context: {"external_id":1482918,"product_id":81348}
[2026-02-19 09:21:50] [INFO] Created product | Context: {"external_id":1482913,"product_id":81349}
[2026-02-19 09:21:50] [INFO] Created product | Context: {"external_id":1482912,"product_id":81350}
[2026-02-19 09:21:51] [INFO] Created product | Context: {"external_id":1482874,"product_id":81351}
[2026-02-19 09:21:51] [INFO] Created product | Context: {"external_id":1482867,"product_id":81352}
[2026-02-19 09:21:51] [INFO] Created product | Context: {"external_id":1482863,"product_id":81353}
[2026-02-19 09:21:51] [INFO] Updated product | Context: {"external_id":1481015,"product_id":80199}
[2026-02-19 09:21:52] [INFO] Downloaded product image | Context: {"product_id":81354,"attachment_id":81355,"filename":"product-image-81354-6996d6303a2dc.jpg"}
[2026-02-19 09:21:52] [INFO] Downloaded product image | Context: {"product_id":81354,"attachment_id":81356,"filename":"product-image-81354-6996d630b781d.jpg"}
[2026-02-19 09:21:53] [INFO] Downloaded product image | Context: {"product_id":81354,"attachment_id":81357,"filename":"product-image-81354-6996d63135cb2.jpg"}
[2026-02-19 09:21:53] [INFO] Downloaded product image | Context: {"product_id":81354,"attachment_id":81358,"filename":"product-image-81354-6996d631a49fe.jpg"}
[2026-02-19 09:21:54] [INFO] Downloaded product image | Context: {"product_id":81354,"attachment_id":81359,"filename":"product-image-81354-6996d632210f8.jpg"}
[2026-02-19 09:21:54] [INFO] Created product | Context: {"external_id":1480983,"product_id":81354}
[2026-02-19 09:21:54] [INFO] Updated product | Context: {"external_id":1479757,"product_id":78964}
[2026-02-19 09:21:54] [INFO] Updated product | Context: {"external_id":1479625,"product_id":78967}
[2026-02-19 09:21:54] [INFO] Updated product | Context: {"external_id":1476826,"product_id":78968}
[2026-02-19 09:21:54] [INFO] Updated product | Context: {"external_id":1476814,"product_id":78969}
[2026-02-19 09:21:54] [INFO] Updated product | Context: {"external_id":1476813,"product_id":78970}
[2026-02-19 09:21:54] [INFO] Updated product | Context: {"external_id":1476808,"product_id":78975}
[2026-02-19 09:21:54] [INFO] Updated product | Context: {"external_id":1476566,"product_id":78552}
[2026-02-19 09:21:54] [INFO] Batch processed | Context: {"offset":1350,"total":3431}
[2026-02-19 09:21:56] [INFO] Updated product | Context: {"external_id":1476563,"product_id":78553}
[2026-02-19 09:21:56] [INFO] Updated product | Context: {"external_id":1476531,"product_id":78555}
[2026-02-19 09:21:56] [INFO] Updated product | Context: {"external_id":1476525,"product_id":78556}
[2026-02-19 09:21:56] [INFO] Updated product | Context: {"external_id":1476417,"product_id":78171}
[2026-02-19 09:21:56] [INFO] Updated product | Context: {"external_id":1476409,"product_id":78995}
[2026-02-19 09:21:56] [INFO] Updated product | Context: {"external_id":1476408,"product_id":78373}
[2026-02-19 09:21:56] [INFO] Updated product | Context: {"external_id":1476397,"product_id":79001}
[2026-02-19 09:21:56] [INFO] Created product | Context: {"external_id":1476377,"product_id":81360}
[2026-02-19 09:21:56] [INFO] Updated product | Context: {"external_id":1476356,"product_id":78376}
[2026-02-19 09:21:56] [INFO] Updated product | Context: {"external_id":1476341,"product_id":78566}
[2026-02-19 09:21:56] [INFO] Updated product | Context: {"external_id":1476324,"product_id":79012}
[2026-02-19 09:21:56] [INFO] Updated product | Context: {"external_id":1476318,"product_id":78172}
[2026-02-19 09:21:56] [INFO] Updated product | Context: {"external_id":1476315,"product_id":78569}
[2026-02-19 09:21:57] [INFO] Updated product | Context: {"external_id":1476313,"product_id":78570}
[2026-02-19 09:21:57] [INFO] Updated product | Context: {"external_id":1476307,"product_id":78573}
[2026-02-19 09:21:57] [INFO] Updated product | Context: {"external_id":1476303,"product_id":79020}
[2026-02-19 09:21:57] [INFO] Updated product | Context: {"external_id":1476257,"product_id":78576}
[2026-02-19 09:21:57] [INFO] Updated product | Context: {"external_id":1476254,"product_id":78381}
[2026-02-19 09:21:57] [INFO] Updated product | Context: {"external_id":1476245,"product_id":79029}
[2026-02-19 09:21:57] [INFO] Updated product | Context: {"external_id":1476244,"product_id":79030}
[2026-02-19 09:21:57] [INFO] Updated product | Context: {"external_id":1476226,"product_id":79032}
[2026-02-19 09:21:57] [INFO] Updated product | Context: {"external_id":1476225,"product_id":79033}
[2026-02-19 09:21:57] [INFO] Updated product | Context: {"external_id":1476216,"product_id":79038}
[2026-02-19 09:21:57] [INFO] Updated product | Context: {"external_id":1476197,"product_id":78580}
[2026-02-19 09:21:57] [INFO] Updated product | Context: {"external_id":1476178,"product_id":78581}
[2026-02-19 09:21:57] [INFO] Updated product | Context: {"external_id":1476176,"product_id":78582}
[2026-02-19 09:21:57] [INFO] Updated product | Context: {"external_id":1476170,"product_id":78583}
[2026-02-19 09:21:57] [INFO] Updated product | Context: {"external_id":1476166,"product_id":78585}
[2026-02-19 09:21:57] [INFO] Updated product | Context: {"external_id":1476164,"product_id":78586}
[2026-02-19 09:21:57] [INFO] Updated product | Context: {"external_id":1476153,"product_id":79062}
[2026-02-19 09:21:57] [INFO] Updated product | Context: {"external_id":1476148,"product_id":79066}
[2026-02-19 09:21:57] [INFO] Updated product | Context: {"external_id":1476132,"product_id":79080}
[2026-02-19 09:21:57] [INFO] Updated product | Context: {"external_id":1476124,"product_id":78589}
[2026-02-19 09:21:57] [INFO] Updated product | Context: {"external_id":1476122,"product_id":78591}
[2026-02-19 09:21:57] [INFO] Updated product | Context: {"external_id":1476119,"product_id":79081}
[2026-02-19 09:21:58] [INFO] Updated product | Context: {"external_id":1476116,"product_id":79084}
[2026-02-19 09:21:58] [INFO] Updated product | Context: {"external_id":1476108,"product_id":79092}
[2026-02-19 09:21:58] [INFO] Created product | Context: {"external_id":1476094,"product_id":81361}
[2026-02-19 09:21:58] [INFO] Updated product | Context: {"external_id":1476080,"product_id":78274}
[2026-02-19 09:21:58] [INFO] Created product | Context: {"external_id":1476070,"product_id":81362}
[2026-02-19 09:21:58] [INFO] Updated product | Context: {"external_id":1476069,"product_id":78386}
[2026-02-19 09:21:58] [INFO] Updated product | Context: {"external_id":1476047,"product_id":78592}
[2026-02-19 09:21:58] [INFO] Updated product | Context: {"external_id":1475446,"product_id":78594}
[2026-02-19 09:21:58] [INFO] Updated product | Context: {"external_id":1475428,"product_id":79103}
[2026-02-19 09:21:58] [INFO] Updated product | Context: {"external_id":1475425,"product_id":79105}
[2026-02-19 09:21:58] [INFO] Updated product | Context: {"external_id":1475424,"product_id":79106}
[2026-02-19 09:21:58] [INFO] Updated product | Context: {"external_id":1474050,"product_id":78599}
[2026-02-19 09:21:58] [INFO] Updated product | Context: {"external_id":1473334,"product_id":78390}
[2026-02-19 09:21:58] [INFO] Updated product | Context: {"external_id":1473326,"product_id":78278}
[2026-02-19 09:21:58] [INFO] Updated product | Context: {"external_id":1473292,"product_id":79118}
[2026-02-19 09:21:58] [INFO] Batch processed | Context: {"offset":1400,"total":3431}
[2026-02-19 09:22:01] [INFO] Updated product | Context: {"external_id":1473289,"product_id":78603}
[2026-02-19 09:22:01] [INFO] Updated product | Context: {"external_id":1473061,"product_id":79122}
[2026-02-19 09:22:01] [INFO] Updated product | Context: {"external_id":1473035,"product_id":78281}
[2026-02-19 09:22:01] [INFO] Updated product | Context: {"external_id":1473028,"product_id":79135}
[2026-02-19 09:22:01] [INFO] Updated product | Context: {"external_id":1473019,"product_id":78396}
[2026-02-19 09:22:01] [INFO] Updated product | Context: {"external_id":1472981,"product_id":78397}
[2026-02-19 09:22:01] [INFO] Updated product | Context: {"external_id":1472971,"product_id":79154}
[2026-02-19 09:22:01] [INFO] Updated product | Context: {"external_id":1472949,"product_id":78113}
[2026-02-19 09:22:01] [INFO] Updated product | Context: {"external_id":1472925,"product_id":78610}
[2026-02-19 09:22:01] [INFO] Created product | Context: {"external_id":1472920,"product_id":81363}
[2026-02-19 09:22:01] [INFO] Updated product | Context: {"external_id":1472915,"product_id":79162}
[2026-02-19 09:22:02] [INFO] Updated product | Context: {"external_id":1472914,"product_id":79163}
[2026-02-19 09:22:02] [INFO] Updated product | Context: {"external_id":1472312,"product_id":78286}
[2026-02-19 09:22:02] [INFO] Updated product | Context: {"external_id":1472310,"product_id":78399}
[2026-02-19 09:22:02] [INFO] Updated product | Context: {"external_id":1472305,"product_id":78060}
[2026-02-19 09:22:02] [INFO] Updated product | Context: {"external_id":1472288,"product_id":79176}
[2026-02-19 09:22:02] [INFO] Updated product | Context: {"external_id":1472231,"product_id":79200}
[2026-02-19 09:22:02] [INFO] Updated product | Context: {"external_id":1472223,"product_id":79205}
[2026-02-19 09:22:02] [INFO] Updated product | Context: {"external_id":1472219,"product_id":78619}
[2026-02-19 09:22:02] [INFO] Updated product | Context: {"external_id":1472207,"product_id":79214}
[2026-02-19 09:22:02] [INFO] Updated product | Context: {"external_id":1472203,"product_id":78400}
[2026-02-19 09:22:02] [INFO] Updated product | Context: {"external_id":1472189,"product_id":79220}
[2026-02-19 09:22:02] [INFO] Updated product | Context: {"external_id":1472157,"product_id":78620}
[2026-02-19 09:22:02] [INFO] Updated product | Context: {"external_id":1472126,"product_id":78621}
[2026-02-19 09:22:02] [INFO] Created product | Context: {"external_id":1472115,"product_id":81364}
[2026-02-19 09:22:02] [INFO] Updated product | Context: {"external_id":1472102,"product_id":78624}
[2026-02-19 09:22:02] [INFO] Updated product | Context: {"external_id":1472067,"product_id":79230}
[2026-02-19 09:22:02] [INFO] Updated product | Context: {"external_id":1472032,"product_id":78626}
[2026-02-19 09:22:02] [INFO] Updated product | Context: {"external_id":1472031,"product_id":79233}
[2026-02-19 09:22:03] [INFO] Updated product | Context: {"external_id":1472029,"product_id":78627}
[2026-02-19 09:22:03] [INFO] Updated product | Context: {"external_id":1472013,"product_id":78628}
[2026-02-19 09:22:03] [INFO] Updated product | Context: {"external_id":1472000,"product_id":78406}
[2026-02-19 09:22:03] [INFO] Updated product | Context: {"external_id":1471345,"product_id":78630}
[2026-02-19 09:22:03] [INFO] Updated product | Context: {"external_id":1471220,"product_id":77850}
[2026-02-19 09:22:03] [INFO] Updated product | Context: {"external_id":1470728,"product_id":78062}
[2026-02-19 09:22:03] [INFO] Updated product | Context: {"external_id":1470720,"product_id":78634}
[2026-02-19 09:22:03] [INFO] Updated product | Context: {"external_id":1470718,"product_id":79241}
[2026-02-19 09:22:03] [INFO] Updated product | Context: {"external_id":1470717,"product_id":78290}
[2026-02-19 09:22:03] [INFO] Updated product | Context: {"external_id":1470543,"product_id":78412}
[2026-02-19 09:22:03] [INFO] Updated product | Context: {"external_id":1470535,"product_id":78637}
[2026-02-19 09:22:04] [INFO] Downloaded product image | Context: {"product_id":78413,"attachment_id":81365,"filename":"product-image-78413-6996d63bcc160.jpg"}
[2026-02-19 09:22:04] [INFO] Downloaded product image | Context: {"product_id":78413,"attachment_id":81366,"filename":"product-image-78413-6996d63c4eb82.jpg"}
[2026-02-19 09:22:04] [INFO] Downloaded product image | Context: {"product_id":78413,"attachment_id":81367,"filename":"product-image-78413-6996d63cc2a55.jpg"}
[2026-02-19 09:22:05] [INFO] Downloaded product image | Context: {"product_id":78413,"attachment_id":81368,"filename":"product-image-78413-6996d63d3efe2.jpg"}
[2026-02-19 09:22:05] [INFO] Downloaded product image | Context: {"product_id":78413,"attachment_id":81369,"filename":"product-image-78413-6996d63db35e7.jpg"}
[2026-02-19 09:22:05] [INFO] Updated product | Context: {"external_id":1470141,"product_id":78413}
[2026-02-19 09:22:05] [INFO] Updated product | Context: {"external_id":1455512,"product_id":78639}
[2026-02-19 09:22:05] [INFO] Updated product | Context: {"external_id":1455506,"product_id":79261}
[2026-02-19 09:22:06] [INFO] Updated product | Context: {"external_id":1455486,"product_id":79267}
[2026-02-19 09:22:06] [INFO] Updated product | Context: {"external_id":1455457,"product_id":79269}
[2026-02-19 09:22:06] [INFO] Updated product | Context: {"external_id":1455454,"product_id":78414}
[2026-02-19 09:22:06] [INFO] Updated product | Context: {"external_id":1455443,"product_id":79276}
[2026-02-19 09:22:06] [INFO] Updated product | Context: {"external_id":1454912,"product_id":78415}
[2026-02-19 09:22:06] [INFO] Updated product | Context: {"external_id":1454911,"product_id":78416}
[2026-02-19 09:22:06] [INFO] Created product | Context: {"external_id":1454787,"product_id":81370}
[2026-02-19 09:22:06] [INFO] Batch processed | Context: {"offset":1450,"total":3431}
[2026-02-19 09:22:08] [INFO] Updated product | Context: {"external_id":1454784,"product_id":78643}
[2026-02-19 09:22:08] [INFO] Updated product | Context: {"external_id":1454776,"product_id":79288}
[2026-02-19 09:22:08] [INFO] Updated product | Context: {"external_id":1454775,"product_id":78644}
[2026-02-19 09:22:08] [INFO] Updated product | Context: {"external_id":1454766,"product_id":78648}
[2026-02-19 09:22:08] [INFO] Updated product | Context: {"external_id":1454764,"product_id":78649}
[2026-02-19 09:22:08] [INFO] Updated product | Context: {"external_id":1454761,"product_id":79294}
[2026-02-19 09:22:08] [INFO] Updated product | Context: {"external_id":1454757,"product_id":79296}
[2026-02-19 09:22:08] [INFO] Updated product | Context: {"external_id":1454752,"product_id":79299}
[2026-02-19 09:22:08] [INFO] Updated product | Context: {"external_id":1454716,"product_id":79308}
[2026-02-19 09:22:08] [INFO] Updated product | Context: {"external_id":1454715,"product_id":78294}
[2026-02-19 09:22:08] [INFO] Updated product | Context: {"external_id":1454713,"product_id":79309}
[2026-02-19 09:22:08] [INFO] Updated product | Context: {"external_id":1454704,"product_id":78295}
[2026-02-19 09:22:08] [INFO] Updated product | Context: {"external_id":1454699,"product_id":79314}
[2026-02-19 09:22:08] [INFO] Updated product | Context: {"external_id":1454696,"product_id":78657}
[2026-02-19 09:22:09] [INFO] Downloaded product image | Context: {"product_id":79319,"attachment_id":81371,"filename":"product-image-79319-6996d64122a3d.jpg"}
[2026-02-19 09:22:09] [INFO] Updated product | Context: {"external_id":1454663,"product_id":79319}
[2026-02-19 09:22:09] [INFO] Updated product | Context: {"external_id":1454638,"product_id":78205}
[2026-02-19 09:22:09] [INFO] Updated product | Context: {"external_id":1421794,"product_id":79325}
[2026-02-19 09:22:09] [INFO] Updated product | Context: {"external_id":1418261,"product_id":78422}
[2026-02-19 09:22:09] [INFO] Updated product | Context: {"external_id":1418103,"product_id":79334}
[2026-02-19 09:22:09] [INFO] Updated product | Context: {"external_id":1418101,"product_id":78663}
[2026-02-19 09:22:09] [INFO] Updated product | Context: {"external_id":1418077,"product_id":78665}
[2026-02-19 09:22:09] [INFO] Updated product | Context: {"external_id":1417449,"product_id":79345}
[2026-02-19 09:22:09] [INFO] Updated product | Context: {"external_id":1417426,"product_id":79355}
[2026-02-19 09:22:09] [INFO] Updated product | Context: {"external_id":1417423,"product_id":79358}
[2026-02-19 09:22:09] [INFO] Updated product | Context: {"external_id":1416778,"product_id":78426}
[2026-02-19 09:22:09] [INFO] Updated product | Context: {"external_id":1416762,"product_id":79370}
[2026-02-19 09:22:09] [INFO] Updated product | Context: {"external_id":1416760,"product_id":78673}
[2026-02-19 09:22:09] [INFO] Updated product | Context: {"external_id":1416758,"product_id":79373}
[2026-02-19 09:22:09] [INFO] Updated product | Context: {"external_id":1416754,"product_id":78428}
[2026-02-19 09:22:09] [INFO] Updated product | Context: {"external_id":1416740,"product_id":78021}
[2026-02-19 09:22:09] [INFO] Updated product | Context: {"external_id":1373207,"product_id":78430}
[2026-02-19 09:22:09] [INFO] Updated product | Context: {"external_id":1373206,"product_id":78431}
[2026-02-19 09:22:10] [INFO] Updated product | Context: {"external_id":1373204,"product_id":78679}
[2026-02-19 09:22:10] [INFO] Updated product | Context: {"external_id":1373203,"product_id":78680}
[2026-02-19 09:22:10] [INFO] Updated product | Context: {"external_id":1373200,"product_id":78681}
[2026-02-19 09:22:10] [INFO] Updated product | Context: {"external_id":1371702,"product_id":79400}
[2026-02-19 09:22:10] [INFO] Updated product | Context: {"external_id":1371699,"product_id":79403}
[2026-02-19 09:22:10] [INFO] Updated product | Context: {"external_id":1371698,"product_id":78683}
[2026-02-19 09:22:10] [INFO] Updated product | Context: {"external_id":1371407,"product_id":79414}
[2026-02-19 09:22:10] [INFO] Updated product | Context: {"external_id":1371028,"product_id":78686}
[2026-02-19 09:22:10] [INFO] Updated product | Context: {"external_id":1368958,"product_id":79431}
[2026-02-19 09:22:10] [INFO] Updated product | Context: {"external_id":1368632,"product_id":78433}
[2026-02-19 09:22:10] [INFO] Updated product | Context: {"external_id":1368623,"product_id":78688}
[2026-02-19 09:22:10] [INFO] Updated product | Context: {"external_id":1368622,"product_id":78435}
[2026-02-19 09:22:10] [INFO] Updated product | Context: {"external_id":1368389,"product_id":78214}
[2026-02-19 09:22:10] [INFO] Updated product | Context: {"external_id":1367000,"product_id":78215}
[2026-02-19 09:22:10] [INFO] Updated product | Context: {"external_id":1366548,"product_id":79448}
[2026-02-19 09:22:10] [INFO] Updated product | Context: {"external_id":1366546,"product_id":79450}
[2026-02-19 09:22:10] [INFO] Updated product | Context: {"external_id":1366543,"product_id":78440}
[2026-02-19 09:22:10] [INFO] Updated product | Context: {"external_id":1366540,"product_id":79453}
[2026-02-19 09:22:10] [INFO] Batch processed | Context: {"offset":1500,"total":3431}
[2026-02-19 09:22:12] [INFO] Updated product | Context: {"external_id":1366501,"product_id":79454}
[2026-02-19 09:22:12] [INFO] Created product | Context: {"external_id":1366051,"product_id":81372}
[2026-02-19 09:22:12] [INFO] Created product | Context: {"external_id":1366049,"product_id":81373}
[2026-02-19 09:22:12] [INFO] Updated product | Context: {"external_id":1365971,"product_id":78702}
[2026-02-19 09:22:12] [INFO] Updated product | Context: {"external_id":1365953,"product_id":78703}
[2026-02-19 09:22:13] [INFO] Downloaded product image | Context: {"product_id":78705,"attachment_id":81374,"filename":"product-image-78705-6996d645255f9.jpg"}
[2026-02-19 09:22:13] [INFO] Downloaded product image | Context: {"product_id":78705,"attachment_id":81375,"filename":"product-image-78705-6996d645a1faf.jpg"}
[2026-02-19 09:22:14] [INFO] Downloaded product image | Context: {"product_id":78705,"attachment_id":81376,"filename":"product-image-78705-6996d64624e02.jpg"}
[2026-02-19 09:22:14] [INFO] Downloaded product image | Context: {"product_id":78705,"attachment_id":81377,"filename":"product-image-78705-6996d64696bf9.jpg"}
[2026-02-19 09:22:14] [INFO] Updated product | Context: {"external_id":1365912,"product_id":78705}
[2026-02-19 09:22:14] [INFO] Updated product | Context: {"external_id":1365870,"product_id":79472}
[2026-02-19 09:22:14] [INFO] Updated product | Context: {"external_id":1365868,"product_id":78707}
[2026-02-19 09:22:14] [INFO] Updated product | Context: {"external_id":1365862,"product_id":78709}
[2026-02-19 09:22:14] [INFO] Updated product | Context: {"external_id":1365843,"product_id":78075}
[2026-02-19 09:22:14] [INFO] Updated product | Context: {"external_id":1365838,"product_id":78714}
[2026-02-19 09:22:15] [INFO] Updated product | Context: {"external_id":1365006,"product_id":78716}
[2026-02-19 09:22:15] [INFO] Updated product | Context: {"external_id":1365004,"product_id":78717}
[2026-02-19 09:22:15] [INFO] Updated product | Context: {"external_id":1364999,"product_id":79489}
[2026-02-19 09:22:15] [INFO] Updated product | Context: {"external_id":1364998,"product_id":78448}
[2026-02-19 09:22:15] [INFO] Updated product | Context: {"external_id":1364997,"product_id":78449}
[2026-02-19 09:22:15] [INFO] Updated product | Context: {"external_id":1364996,"product_id":78718}
[2026-02-19 09:22:15] [INFO] Updated product | Context: {"external_id":1363777,"product_id":79496}
[2026-02-19 09:22:15] [INFO] Updated product | Context: {"external_id":1360372,"product_id":78720}
[2026-02-19 09:22:15] [INFO] Updated product | Context: {"external_id":1357719,"product_id":78724}
[2026-02-19 09:22:15] [INFO] Updated product | Context: {"external_id":1357716,"product_id":78726}
[2026-02-19 09:22:15] [INFO] Updated product | Context: {"external_id":1357714,"product_id":78314}
[2026-02-19 09:22:15] [INFO] Updated product | Context: {"external_id":1357707,"product_id":78728}
[2026-02-19 09:22:16] [INFO] Downloaded product image | Context: {"product_id":78730,"attachment_id":81378,"filename":"product-image-78730-6996d647d5b6c.jpg"}
[2026-02-19 09:22:16] [INFO] Updated product | Context: {"external_id":1357595,"product_id":78730}
[2026-02-19 09:22:16] [INFO] Updated product | Context: {"external_id":1357586,"product_id":78731}
[2026-02-19 09:22:16] [INFO] Updated product | Context: {"external_id":1357575,"product_id":78734}
[2026-02-19 09:22:16] [INFO] Downloaded product image | Context: {"product_id":79522,"attachment_id":81379,"filename":"product-image-79522-6996d64879337.jpg"}
[2026-02-19 09:22:17] [INFO] Downloaded product image | Context: {"product_id":79522,"attachment_id":81380,"filename":"product-image-79522-6996d648ed00b.jpg"}
[2026-02-19 09:22:17] [INFO] Downloaded product image | Context: {"product_id":79522,"attachment_id":81381,"filename":"product-image-79522-6996d649645b8.jpg"}
[2026-02-19 09:22:18] [INFO] Downloaded product image | Context: {"product_id":79522,"attachment_id":81382,"filename":"product-image-79522-6996d649def93.jpg"}
[2026-02-19 09:22:18] [INFO] Updated product | Context: {"external_id":1357565,"product_id":79522}
[2026-02-19 09:22:18] [INFO] Updated product | Context: {"external_id":1357478,"product_id":78456}
[2026-02-19 09:22:18] [INFO] Updated product | Context: {"external_id":1357458,"product_id":78457}
[2026-02-19 09:22:18] [INFO] Created product | Context: {"external_id":1357454,"product_id":81383}
[2026-02-19 09:22:18] [INFO] Created product | Context: {"external_id":1357384,"product_id":81384}
[2026-02-19 09:22:18] [INFO] Updated product | Context: {"external_id":1357328,"product_id":78220}
[2026-02-19 09:22:19] [INFO] Downloaded product image | Context: {"product_id":81385,"attachment_id":81386,"filename":"product-image-81385-6996d64b252db.jpg"}
[2026-02-19 09:22:19] [INFO] Created product | Context: {"external_id":1356550,"product_id":81385}
[2026-02-19 09:22:19] [INFO] Updated product | Context: {"external_id":1355945,"product_id":78461}
[2026-02-19 09:22:19] [INFO] Updated product | Context: {"external_id":1355943,"product_id":78319}
[2026-02-19 09:22:19] [INFO] Updated product | Context: {"external_id":1355940,"product_id":78078}
[2026-02-19 09:22:19] [INFO] Updated product | Context: {"external_id":1355939,"product_id":79539}
[2026-02-19 09:22:19] [INFO] Updated product | Context: {"external_id":1355937,"product_id":78741}
[2026-02-19 09:22:19] [INFO] Updated product | Context: {"external_id":1355936,"product_id":79540}
[2026-02-19 09:22:19] [INFO] Updated product | Context: {"external_id":1355935,"product_id":78742}
[2026-02-19 09:22:20] [INFO] Downloaded product image | Context: {"product_id":78743,"attachment_id":81387,"filename":"product-image-78743-6996d64bea04b.jpg"}
[2026-02-19 09:22:20] [INFO] Downloaded product image | Context: {"product_id":78743,"attachment_id":81388,"filename":"product-image-78743-6996d64c73d28.jpg"}
[2026-02-19 09:22:21] [INFO] Downloaded product image | Context: {"product_id":78743,"attachment_id":81389,"filename":"product-image-78743-6996d64cef73f.jpg"}
[2026-02-19 09:22:21] [INFO] Downloaded product image | Context: {"product_id":78743,"attachment_id":81390,"filename":"product-image-78743-6996d64d7452b.jpg"}
[2026-02-19 09:22:21] [INFO] Updated product | Context: {"external_id":1354853,"product_id":78743}
[2026-02-19 09:22:21] [INFO] Updated product | Context: {"external_id":1354852,"product_id":79544}
[2026-02-19 09:22:21] [INFO] Updated product | Context: {"external_id":1354807,"product_id":78320}
[2026-02-19 09:22:22] [INFO] Downloaded product image | Context: {"product_id":78321,"attachment_id":81391,"filename":"product-image-78321-6996d64e0d21c.jpg"}
[2026-02-19 09:22:22] [INFO] Downloaded product image | Context: {"product_id":78321,"attachment_id":81392,"filename":"product-image-78321-6996d64e7e288.jpg"}
[2026-02-19 09:22:23] [INFO] Downloaded product image | Context: {"product_id":78321,"attachment_id":81393,"filename":"product-image-78321-6996d64eedb8a.jpg"}
[2026-02-19 09:22:23] [INFO] Downloaded product image | Context: {"product_id":78321,"attachment_id":81394,"filename":"product-image-78321-6996d64f7c9c8.jpg"}
[2026-02-19 09:22:23] [INFO] Updated product | Context: {"external_id":1354778,"product_id":78321}
[2026-02-19 09:22:24] [INFO] Downloaded product image | Context: {"product_id":78462,"attachment_id":81395,"filename":"product-image-78462-6996d6500b31b.jpg"}
[2026-02-19 09:22:24] [INFO] Downloaded product image | Context: {"product_id":78462,"attachment_id":81396,"filename":"product-image-78462-6996d6507d54b.jpg"}
[2026-02-19 09:22:25] [INFO] Downloaded product image | Context: {"product_id":78462,"attachment_id":81397,"filename":"product-image-78462-6996d6510d0ef.jpg"}
[2026-02-19 09:22:25] [INFO] Downloaded product image | Context: {"product_id":78462,"attachment_id":81398,"filename":"product-image-78462-6996d6517e507.jpg"}
[2026-02-19 09:22:25] [INFO] Updated product | Context: {"external_id":1354775,"product_id":78462}
[2026-02-19 09:22:25] [INFO] Updated product | Context: {"external_id":1354697,"product_id":78463}
[2026-02-19 09:22:25] [INFO] Updated product | Context: {"external_id":1354650,"product_id":78465}
[2026-02-19 09:22:25] [INFO] Updated product | Context: {"external_id":1354649,"product_id":78466}
[2026-02-19 09:22:25] [INFO] Updated product | Context: {"external_id":1354648,"product_id":79545}
[2026-02-19 09:22:25] [INFO] Updated product | Context: {"external_id":1354637,"product_id":78747}
[2026-02-19 09:22:25] [INFO] Batch processed | Context: {"offset":1550,"total":3431}
[2026-02-19 09:22:28] [INFO] Updated product | Context: {"external_id":1354636,"product_id":78748}
[2026-02-19 09:22:28] [INFO] Updated product | Context: {"external_id":1354612,"product_id":78749}
[2026-02-19 09:22:28] [INFO] Updated product | Context: {"external_id":1354601,"product_id":78467}
[2026-02-19 09:22:28] [INFO] Updated product | Context: {"external_id":1354599,"product_id":78324}
[2026-02-19 09:22:28] [INFO] Updated product | Context: {"external_id":1354584,"product_id":78751}
[2026-02-19 09:22:28] [INFO] Updated product | Context: {"external_id":1354581,"product_id":78469}
[2026-02-19 09:22:28] [INFO] Updated product | Context: {"external_id":1354568,"product_id":78754}
[2026-02-19 09:22:28] [INFO] Updated product | Context: {"external_id":1354562,"product_id":78756}
[2026-02-19 09:22:28] [INFO] Updated product | Context: {"external_id":1354556,"product_id":79556}
[2026-02-19 09:22:28] [INFO] Updated product | Context: {"external_id":1354540,"product_id":78764}
[2026-02-19 09:22:28] [INFO] Updated product | Context: {"external_id":1354534,"product_id":78766}
[2026-02-19 09:22:29] [INFO] Downloaded product image | Context: {"product_id":78767,"attachment_id":81399,"filename":"product-image-78767-6996d655166ea.jpg"}
[2026-02-19 09:22:29] [INFO] Downloaded product image | Context: {"product_id":78767,"attachment_id":81400,"filename":"product-image-78767-6996d65595e64.jpg"}
[2026-02-19 09:22:30] [INFO] Downloaded product image | Context: {"product_id":78767,"attachment_id":81401,"filename":"product-image-78767-6996d6561a7ba.jpg"}
[2026-02-19 09:22:30] [INFO] Downloaded product image | Context: {"product_id":78767,"attachment_id":81402,"filename":"product-image-78767-6996d65684d7d.jpg"}
[2026-02-19 09:22:30] [INFO] Updated product | Context: {"external_id":1354405,"product_id":78767}
[2026-02-19 09:22:30] [INFO] Updated product | Context: {"external_id":1354099,"product_id":78768}
[2026-02-19 09:22:30] [INFO] Updated product | Context: {"external_id":1354092,"product_id":78770}
[2026-02-19 09:22:30] [INFO] Updated product | Context: {"external_id":1354088,"product_id":78472}
[2026-02-19 09:22:30] [INFO] Updated product | Context: {"external_id":1354081,"product_id":79586}
[2026-02-19 09:22:30] [INFO] Updated product | Context: {"external_id":1354080,"product_id":78772}
[2026-02-19 09:22:31] [INFO] Updated product | Context: {"external_id":1354075,"product_id":79590}
[2026-02-19 09:22:31] [INFO] Updated product | Context: {"external_id":1354073,"product_id":79592}
[2026-02-19 09:22:31] [INFO] Updated product | Context: {"external_id":1354072,"product_id":79593}
[2026-02-19 09:22:31] [INFO] Updated product | Context: {"external_id":1354062,"product_id":78474}
[2026-02-19 09:22:31] [INFO] Updated product | Context: {"external_id":1354050,"product_id":78774}
[2026-02-19 09:22:31] [INFO] Updated product | Context: {"external_id":1353979,"product_id":79630}
[2026-02-19 09:22:31] [INFO] Updated product | Context: {"external_id":1353885,"product_id":79634}
[2026-02-19 09:22:31] [INFO] Updated product | Context: {"external_id":1353807,"product_id":79656}
[2026-02-19 09:22:31] [INFO] Updated product | Context: {"external_id":1353803,"product_id":78481}
[2026-02-19 09:22:31] [INFO] Updated product | Context: {"external_id":1353723,"product_id":78783}
[2026-02-19 09:22:31] [INFO] Updated product | Context: {"external_id":1353716,"product_id":78784}
[2026-02-19 09:22:31] [INFO] Updated product | Context: {"external_id":1351915,"product_id":78485}
[2026-02-19 09:22:31] [INFO] Updated product | Context: {"external_id":1351907,"product_id":78486}
[2026-02-19 09:22:31] [INFO] Updated product | Context: {"external_id":1351906,"product_id":78487}
[2026-02-19 09:22:31] [INFO] Updated product | Context: {"external_id":1351897,"product_id":78141}
[2026-02-19 09:22:31] [INFO] Updated product | Context: {"external_id":1351229,"product_id":78490}
[2026-02-19 09:22:31] [INFO] Updated product | Context: {"external_id":1351219,"product_id":78081}
[2026-02-19 09:22:31] [INFO] Updated product | Context: {"external_id":1350363,"product_id":78790}
[2026-02-19 09:22:31] [INFO] Updated product | Context: {"external_id":1349814,"product_id":78146}
[2026-02-19 09:22:31] [INFO] Updated product | Context: {"external_id":1349449,"product_id":79719}
[2026-02-19 09:22:31] [INFO] Updated product | Context: {"external_id":1349447,"product_id":78792}
[2026-02-19 09:22:32] [INFO] Updated product | Context: {"external_id":1349446,"product_id":78793}
[2026-02-19 09:22:32] [INFO] Updated product | Context: {"external_id":1349427,"product_id":78796}
[2026-02-19 09:22:32] [INFO] Updated product | Context: {"external_id":1349413,"product_id":79731}
[2026-02-19 09:22:32] [INFO] Updated product | Context: {"external_id":1349411,"product_id":79733}
[2026-02-19 09:22:32] [INFO] Downloaded product image | Context: {"product_id":79741,"attachment_id":81404,"filename":"product-image-79741-6996d6587b67b.jpg"}
[2026-02-19 09:22:32] [INFO] Updated product | Context: {"external_id":1349394,"product_id":79741}
[2026-02-19 09:22:32] [INFO] Updated product | Context: {"external_id":1349389,"product_id":78802}
[2026-02-19 09:22:32] [INFO] Updated product | Context: {"external_id":1349384,"product_id":78803}
[2026-02-19 09:22:32] [INFO] Updated product | Context: {"external_id":1349383,"product_id":79748}
[2026-02-19 09:22:32] [INFO] Updated product | Context: {"external_id":1349382,"product_id":79749}
[2026-02-19 09:22:32] [INFO] Updated product | Context: {"external_id":1349381,"product_id":78334}
[2026-02-19 09:22:32] [INFO] Updated product | Context: {"external_id":1349349,"product_id":78806}
[2026-02-19 09:22:32] [INFO] Updated product | Context: {"external_id":1349346,"product_id":78807}
[2026-02-19 09:22:32] [INFO] Batch processed | Context: {"offset":1600,"total":3431}
[2026-02-19 09:22:34] [INFO] Updated product | Context: {"external_id":1349321,"product_id":78497}
[2026-02-19 09:22:34] [INFO] Updated product | Context: {"external_id":1349310,"product_id":79770}
[2026-02-19 09:22:34] [INFO] Updated product | Context: {"external_id":1349309,"product_id":78811}
[2026-02-19 09:22:34] [INFO] Updated product | Context: {"external_id":1349307,"product_id":78336}
[2026-02-19 09:22:34] [INFO] Updated product | Context: {"external_id":1349295,"product_id":78337}
[2026-02-19 09:22:34] [INFO] Updated product | Context: {"external_id":1349293,"product_id":78812}
[2026-02-19 09:22:34] [INFO] Updated product | Context: {"external_id":1349283,"product_id":78500}
[2026-02-19 09:22:34] [INFO] Updated product | Context: {"external_id":1349281,"product_id":79785}
[2026-02-19 09:22:34] [INFO] Updated product | Context: {"external_id":1349277,"product_id":78815}
[2026-02-19 09:22:34] [INFO] Updated product | Context: {"external_id":1349270,"product_id":78501}
[2026-02-19 09:22:34] [INFO] Updated product | Context: {"external_id":1349254,"product_id":78503}
[2026-02-19 09:22:34] [INFO] Updated product | Context: {"external_id":1349248,"product_id":78820}
[2026-02-19 09:22:34] [INFO] Updated product | Context: {"external_id":1348846,"product_id":78505}
[2026-02-19 09:22:34] [INFO] Updated product | Context: {"external_id":1347877,"product_id":78825}
[2026-02-19 09:22:34] [INFO] Updated product | Context: {"external_id":1347875,"product_id":78826}
[2026-02-19 09:22:35] [INFO] Updated product | Context: {"external_id":1347872,"product_id":78828}
[2026-02-19 09:22:35] [INFO] Created product | Context: {"external_id":1347845,"product_id":81405}
[2026-02-19 09:22:35] [INFO] Updated product | Context: {"external_id":1347750,"product_id":78508}
[2026-02-19 09:22:35] [INFO] Updated product | Context: {"external_id":1347741,"product_id":79818}
[2026-02-19 09:22:35] [INFO] Updated product | Context: {"external_id":1347734,"product_id":78832}
[2026-02-19 09:22:35] [INFO] Updated product | Context: {"external_id":1347716,"product_id":79829}
[2026-02-19 09:22:35] [INFO] Updated product | Context: {"external_id":1347715,"product_id":78835}
[2026-02-19 09:22:35] [INFO] Updated product | Context: {"external_id":1347709,"product_id":79834}
[2026-02-19 09:22:35] [INFO] Updated product | Context: {"external_id":1345790,"product_id":78511}
[2026-02-19 09:22:35] [INFO] Updated product | Context: {"external_id":1345786,"product_id":78843}
[2026-02-19 09:22:35] [INFO] Updated product | Context: {"external_id":1345766,"product_id":78844}
[2026-02-19 09:22:35] [INFO] Updated product | Context: {"external_id":1344964,"product_id":78240}
[2026-02-19 09:22:35] [INFO] Updated product | Context: {"external_id":1344910,"product_id":79839}
[2026-02-19 09:22:36] [INFO] Created product | Context: {"external_id":1344557,"product_id":81406}
[2026-02-19 09:22:36] [INFO] Created product | Context: {"external_id":1343071,"product_id":81407}
[2026-02-19 09:22:36] [INFO] Created product | Context: {"external_id":1343070,"product_id":81408}
[2026-02-19 09:22:36] [INFO] Created product | Context: {"external_id":1343063,"product_id":81409}
[2026-02-19 09:22:37] [INFO] Created product | Context: {"external_id":1343057,"product_id":81410}
[2026-02-19 09:22:37] [INFO] Updated product | Context: {"external_id":1343039,"product_id":79843}
[2026-02-19 09:22:37] [INFO] Updated product | Context: {"external_id":1343033,"product_id":79845}
[2026-02-19 09:22:37] [INFO] Downloaded product image | Context: {"product_id":81411,"attachment_id":81412,"filename":"product-image-81411-6996d65da9589.jpg"}
[2026-02-19 09:22:38] [INFO] Downloaded product image | Context: {"product_id":81411,"attachment_id":81413,"filename":"product-image-81411-6996d65e25c46.jpg"}
[2026-02-19 09:22:38] [INFO] Downloaded product image | Context: {"product_id":81411,"attachment_id":81414,"filename":"product-image-81411-6996d65ea2a27.jpg"}
[2026-02-19 09:22:39] [INFO] Downloaded product image | Context: {"product_id":81411,"attachment_id":81415,"filename":"product-image-81411-6996d65f29b88.jpg"}
[2026-02-19 09:22:39] [INFO] Created product | Context: {"external_id":1341690,"product_id":81411}
[2026-02-19 09:22:39] [INFO] Updated product | Context: {"external_id":1341660,"product_id":78349}
[2026-02-19 09:22:39] [INFO] Updated product | Context: {"external_id":1341318,"product_id":78518}
[2026-02-19 09:22:39] [INFO] Updated product | Context: {"external_id":1341298,"product_id":78519}
[2026-02-19 09:22:39] [INFO] Updated product | Context: {"external_id":1340441,"product_id":78244}
[2026-02-19 09:22:39] [INFO] Updated product | Context: {"external_id":1340440,"product_id":78852}
[2026-02-19 09:22:39] [INFO] Created product | Context: {"external_id":1340427,"product_id":81416}
[2026-02-19 09:22:39] [INFO] Updated product | Context: {"external_id":1339946,"product_id":79860}
[2026-02-19 09:22:39] [INFO] Updated product | Context: {"external_id":1339940,"product_id":79863}
[2026-02-19 09:22:40] [INFO] Downloaded product image | Context: {"product_id":79864,"attachment_id":81417,"filename":"product-image-79864-6996d66043246.jpg"}
[2026-02-19 09:22:40] [INFO] Downloaded product image | Context: {"product_id":79864,"attachment_id":81418,"filename":"product-image-79864-6996d660b6cf9.jpg"}
[2026-02-19 09:22:41] [INFO] Downloaded product image | Context: {"product_id":79864,"attachment_id":81419,"filename":"product-image-79864-6996d66137df7.jpg"}
[2026-02-19 09:22:41] [INFO] Downloaded product image | Context: {"product_id":79864,"attachment_id":81420,"filename":"product-image-79864-6996d66193fd3.jpg"}
[2026-02-19 09:22:41] [INFO] Updated product | Context: {"external_id":1339301,"product_id":79864}
[2026-02-19 09:22:41] [INFO] Updated product | Context: {"external_id":1339298,"product_id":79866}
[2026-02-19 09:22:42] [INFO] Downloaded product image | Context: {"product_id":78247,"attachment_id":81421,"filename":"product-image-78247-6996d6622df7a.jpg"}
[2026-02-19 09:22:42] [INFO] Downloaded product image | Context: {"product_id":78247,"attachment_id":81422,"filename":"product-image-78247-6996d662956b3.jpg"}
[2026-02-19 09:22:43] [INFO] Downloaded product image | Context: {"product_id":78247,"attachment_id":81423,"filename":"product-image-78247-6996d6631c776.jpg"}
[2026-02-19 09:22:43] [INFO] Downloaded product image | Context: {"product_id":78247,"attachment_id":81424,"filename":"product-image-78247-6996d66385a87.jpg"}
[2026-02-19 09:22:43] [INFO] Updated product | Context: {"external_id":1336891,"product_id":78247}
[2026-02-19 09:22:43] [INFO] Updated product | Context: {"external_id":1330348,"product_id":78252}
[2026-02-19 09:22:43] [INFO] Updated product | Context: {"external_id":1329511,"product_id":78253}
[2026-02-19 09:22:44] [INFO] Downloaded product image | Context: {"product_id":77978,"attachment_id":81425,"filename":"product-image-77978-6996d66430de7.jpg"}
[2026-02-19 09:22:44] [INFO] Downloaded product image | Context: {"product_id":77978,"attachment_id":81426,"filename":"product-image-77978-6996d664a7a4f.jpg"}
[2026-02-19 09:22:45] [INFO] Downloaded product image | Context: {"product_id":77978,"attachment_id":81427,"filename":"product-image-77978-6996d66537a76.jpg"}
[2026-02-19 09:22:45] [INFO] Downloaded product image | Context: {"product_id":77978,"attachment_id":81428,"filename":"product-image-77978-6996d665999fb.jpg"}
[2026-02-19 09:22:45] [INFO] Updated product | Context: {"external_id":1329502,"product_id":77978}
[2026-02-19 09:22:45] [INFO] Batch processed | Context: {"offset":1650,"total":3431}
[2026-02-19 09:22:47] [INFO] Downloaded product image | Context: {"product_id":79897,"attachment_id":81429,"filename":"product-image-79897-6996d66792e46.jpg"}
[2026-02-19 09:22:48] [INFO] Downloaded product image | Context: {"product_id":79897,"attachment_id":81430,"filename":"product-image-79897-6996d6681682a.jpg"}
[2026-02-19 09:22:48] [INFO] Downloaded product image | Context: {"product_id":79897,"attachment_id":81431,"filename":"product-image-79897-6996d6688ebbe.jpg"}
[2026-02-19 09:22:49] [INFO] Downloaded product image | Context: {"product_id":79897,"attachment_id":81432,"filename":"product-image-79897-6996d6690ca6b.jpg"}
[2026-02-19 09:22:49] [INFO] Updated product | Context: {"external_id":1327295,"product_id":79897}
[2026-02-19 09:22:49] [INFO] Updated product | Context: {"external_id":1326819,"product_id":78870}
[2026-02-19 09:22:49] [INFO] Updated product | Context: {"external_id":1324047,"product_id":78872}
[2026-02-19 09:22:49] [INFO] Updated product | Context: {"external_id":1324042,"product_id":78873}
[2026-02-19 09:22:49] [INFO] Downloaded product image | Context: {"product_id":78874,"attachment_id":81433,"filename":"product-image-78874-6996d6699951e.jpg"}
[2026-02-19 09:22:50] [INFO] Downloaded product image | Context: {"product_id":78874,"attachment_id":81434,"filename":"product-image-78874-6996d66a26370.jpg"}
[2026-02-19 09:22:50] [INFO] Downloaded product image | Context: {"product_id":78874,"attachment_id":81435,"filename":"product-image-78874-6996d66a805ad.jpg"}
[2026-02-19 09:22:50] [INFO] Updated product | Context: {"external_id":1322951,"product_id":78874}
[2026-02-19 09:22:50] [INFO] Updated product | Context: {"external_id":1322925,"product_id":78875}
[2026-02-19 09:22:50] [INFO] Updated product | Context: {"external_id":1322908,"product_id":79904}
[2026-02-19 09:22:50] [INFO] Updated product | Context: {"external_id":1322907,"product_id":78877}
[2026-02-19 09:22:50] [INFO] Updated product | Context: {"external_id":1322399,"product_id":78878}
[2026-02-19 09:22:50] [INFO] Updated product | Context: {"external_id":1322284,"product_id":78537}
[2026-02-19 09:22:51] [INFO] Downloaded product image | Context: {"product_id":78879,"attachment_id":81436,"filename":"product-image-78879-6996d66b4c967.jpg"}
[2026-02-19 09:22:51] [INFO] Downloaded product image | Context: {"product_id":78879,"attachment_id":81437,"filename":"product-image-78879-6996d66bc0904.jpg"}
[2026-02-19 09:22:52] [INFO] Downloaded product image | Context: {"product_id":78879,"attachment_id":81438,"filename":"product-image-78879-6996d66c300e7.jpg"}
[2026-02-19 09:22:52] [INFO] Downloaded product image | Context: {"product_id":78879,"attachment_id":81439,"filename":"product-image-78879-6996d66c9ddb9.jpg"}
[2026-02-19 09:22:52] [INFO] Updated product | Context: {"external_id":1321769,"product_id":78879}
[2026-02-19 09:22:52] [INFO] Updated product | Context: {"external_id":1321090,"product_id":79908}
[2026-02-19 09:22:52] [INFO] Updated product | Context: {"external_id":1321089,"product_id":78880}
[2026-02-19 09:22:53] [INFO] Downloaded product image | Context: {"product_id":79911,"attachment_id":81440,"filename":"product-image-79911-6996d66d2cf06.jpg"}
[2026-02-19 09:22:53] [INFO] Downloaded product image | Context: {"product_id":79911,"attachment_id":81441,"filename":"product-image-79911-6996d66da31e5.jpg"}
[2026-02-19 09:22:54] [INFO] Downloaded product image | Context: {"product_id":79911,"attachment_id":81442,"filename":"product-image-79911-6996d66e2e4e8.jpg"}
[2026-02-19 09:22:54] [INFO] Downloaded product image | Context: {"product_id":79911,"attachment_id":81443,"filename":"product-image-79911-6996d66ea7a23.jpg"}
[2026-02-19 09:22:54] [INFO] Updated product | Context: {"external_id":1317354,"product_id":79911}
[2026-02-19 09:22:54] [INFO] Updated product | Context: {"external_id":1316325,"product_id":78881}
[2026-02-19 09:22:54] [INFO] Updated product | Context: {"external_id":1308254,"product_id":78164}
[2026-02-19 09:22:55] [INFO] Downloaded product image | Context: {"product_id":78885,"attachment_id":81444,"filename":"product-image-78885-6996d66f55afb.jpg"}
[2026-02-19 09:22:55] [INFO] Downloaded product image | Context: {"product_id":78885,"attachment_id":81445,"filename":"product-image-78885-6996d66fc8564.jpg"}
[2026-02-19 09:22:56] [INFO] Downloaded product image | Context: {"product_id":78885,"attachment_id":81446,"filename":"product-image-78885-6996d6704b6e1.jpg"}
[2026-02-19 09:22:56] [INFO] Downloaded product image | Context: {"product_id":78885,"attachment_id":81447,"filename":"product-image-78885-6996d670b0355.jpg"}
[2026-02-19 09:22:56] [INFO] Updated product | Context: {"external_id":1301238,"product_id":78885}
[2026-02-19 09:22:57] [INFO] Downloaded product image | Context: {"product_id":78886,"attachment_id":81448,"filename":"product-image-78886-6996d6713f18c.jpg"}
[2026-02-19 09:22:57] [INFO] Downloaded product image | Context: {"product_id":78886,"attachment_id":81449,"filename":"product-image-78886-6996d6719bdfc.jpg"}
[2026-02-19 09:22:58] [INFO] Downloaded product image | Context: {"product_id":78886,"attachment_id":81450,"filename":"product-image-78886-6996d6721ed2f.jpg"}
[2026-02-19 09:22:58] [INFO] Downloaded product image | Context: {"product_id":78886,"attachment_id":81451,"filename":"product-image-78886-6996d67297271.jpg"}
[2026-02-19 09:22:58] [INFO] Updated product | Context: {"external_id":1299699,"product_id":78886}
[2026-02-19 09:22:58] [INFO] Updated product | Context: {"external_id":1297128,"product_id":78887}
[2026-02-19 09:22:58] [INFO] Updated product | Context: {"external_id":1297127,"product_id":79919}
[2026-02-19 09:22:58] [INFO] Updated product | Context: {"external_id":1293437,"product_id":78540}
[2026-02-19 09:22:59] [INFO] Downloaded product image | Context: {"product_id":78890,"attachment_id":81452,"filename":"product-image-78890-6996d67353722.jpg"}
[2026-02-19 09:22:59] [INFO] Downloaded product image | Context: {"product_id":78890,"attachment_id":81453,"filename":"product-image-78890-6996d673c56dd.jpg"}
[2026-02-19 09:23:00] [INFO] Downloaded product image | Context: {"product_id":78890,"attachment_id":81454,"filename":"product-image-78890-6996d67449d56.jpg"}
[2026-02-19 09:23:01] [INFO] Downloaded product image | Context: {"product_id":78890,"attachment_id":81455,"filename":"product-image-78890-6996d674c38e3.jpg"}
[2026-02-19 09:23:01] [INFO] Updated product | Context: {"external_id":1293421,"product_id":78890}
[2026-02-19 09:23:01] [INFO] Updated product | Context: {"external_id":1280236,"product_id":78891}
[2026-02-19 09:23:01] [INFO] Updated product | Context: {"external_id":1272189,"product_id":78545}
[2026-02-19 09:23:01] [INFO] Updated product | Context: {"external_id":1269261,"product_id":78546}
[2026-02-19 09:23:01] [INFO] Created product | Context: {"external_id":1262106,"product_id":81456}
[2026-02-19 09:23:01] [INFO] Updated product | Context: {"external_id":1243449,"product_id":79941}
[2026-02-19 09:23:01] [INFO] Updated product | Context: {"external_id":1230925,"product_id":78896}
[2026-02-19 09:23:03] [INFO] Downloaded product image | Context: {"product_id":81457,"attachment_id":81458,"filename":"product-image-81457-6996d677192aa.jpg"}
[2026-02-19 09:23:03] [INFO] Created product | Context: {"external_id":1501054,"product_id":81457}
[2026-02-19 09:23:03] [INFO] Downloaded product image | Context: {"product_id":81459,"attachment_id":81460,"filename":"product-image-81459-6996d677c8a42.jpg"}
[2026-02-19 09:23:04] [INFO] Downloaded product image | Context: {"product_id":81459,"attachment_id":81461,"filename":"product-image-81459-6996d67842b03.jpg"}
[2026-02-19 09:23:04] [INFO] Downloaded product image | Context: {"product_id":81459,"attachment_id":81462,"filename":"product-image-81459-6996d678b7bf7.jpg"}
[2026-02-19 09:23:05] [INFO] Downloaded product image | Context: {"product_id":81459,"attachment_id":81463,"filename":"product-image-81459-6996d6792afb0.jpg"}
[2026-02-19 09:23:05] [INFO] Downloaded product image | Context: {"product_id":81459,"attachment_id":81464,"filename":"product-image-81459-6996d67997546.jpg"}
[2026-02-19 09:23:05] [INFO] Created product | Context: {"external_id":1501041,"product_id":81459}
[2026-02-19 09:23:06] [INFO] Downloaded product image | Context: {"product_id":81465,"attachment_id":81466,"filename":"product-image-81465-6996d67a533bf.jpg"}
[2026-02-19 09:23:06] [INFO] Downloaded product image | Context: {"product_id":81465,"attachment_id":81467,"filename":"product-image-81465-6996d67ac922f.jpg"}
[2026-02-19 09:23:07] [INFO] Downloaded product image | Context: {"product_id":81465,"attachment_id":81468,"filename":"product-image-81465-6996d67b4f8c3.jpg"}
[2026-02-19 09:23:07] [INFO] Downloaded product image | Context: {"product_id":81465,"attachment_id":81469,"filename":"product-image-81465-6996d67bc79bd.jpg"}
[2026-02-19 09:23:08] [INFO] Downloaded product image | Context: {"product_id":81465,"attachment_id":81470,"filename":"product-image-81465-6996d67c3d30e.jpg"}
[2026-02-19 09:23:08] [INFO] Created product | Context: {"external_id":1500888,"product_id":81465}
[2026-02-19 09:23:08] [INFO] Created product | Context: {"external_id":1500887,"product_id":81471}
[2026-02-19 09:23:08] [INFO] Created product | Context: {"external_id":1500886,"product_id":81472}
[2026-02-19 09:23:09] [INFO] Created product | Context: {"external_id":1500885,"product_id":81473}
[2026-02-19 09:23:09] [INFO] Downloaded product image | Context: {"product_id":81474,"attachment_id":81475,"filename":"product-image-81474-6996d67dc81b1.jpg"}
[2026-02-19 09:23:10] [INFO] Downloaded product image | Context: {"product_id":81474,"attachment_id":81476,"filename":"product-image-81474-6996d67e57974.jpg"}
[2026-02-19 09:23:11] [INFO] Downloaded product image | Context: {"product_id":81474,"attachment_id":81477,"filename":"product-image-81474-6996d67ed04a4.jpg"}
[2026-02-19 09:23:11] [INFO] Downloaded product image | Context: {"product_id":81474,"attachment_id":81478,"filename":"product-image-81474-6996d67f59d41.jpg"}
[2026-02-19 09:23:11] [INFO] Created product | Context: {"external_id":1500872,"product_id":81474}
[2026-02-19 09:23:11] [INFO] Created product | Context: {"external_id":1500871,"product_id":81479}
[2026-02-19 09:23:11] [INFO] Created product | Context: {"external_id":1491073,"product_id":81480}
[2026-02-19 09:23:12] [INFO] Created product | Context: {"external_id":1491072,"product_id":81481}
[2026-02-19 09:23:12] [INFO] Created product | Context: {"external_id":1491071,"product_id":81482}
[2026-02-19 09:23:13] [INFO] Downloaded product image | Context: {"product_id":81483,"attachment_id":81484,"filename":"product-image-81483-6996d680dfdf4.jpg"}
[2026-02-19 09:23:13] [INFO] Downloaded product image | Context: {"product_id":81483,"attachment_id":81485,"filename":"product-image-81483-6996d6814f90c.jpg"}
[2026-02-19 09:23:13] [INFO] Downloaded product image | Context: {"product_id":81483,"attachment_id":81486,"filename":"product-image-81483-6996d681c00a7.jpg"}
[2026-02-19 09:23:14] [INFO] Downloaded product image | Context: {"product_id":81483,"attachment_id":81487,"filename":"product-image-81483-6996d6823bf3a.jpg"}
[2026-02-19 09:23:14] [INFO] Downloaded product image | Context: {"product_id":81483,"attachment_id":81488,"filename":"product-image-81483-6996d682aaff3.jpg"}
[2026-02-19 09:23:14] [INFO] Created product | Context: {"external_id":1489410,"product_id":81483}
[2026-02-19 09:23:15] [INFO] Downloaded product image | Context: {"product_id":81489,"attachment_id":81490,"filename":"product-image-81489-6996d683899ca.jpg"}
[2026-02-19 09:23:16] [INFO] Downloaded product image | Context: {"product_id":81489,"attachment_id":81491,"filename":"product-image-81489-6996d6840cc75.jpg"}
[2026-02-19 09:23:16] [INFO] Downloaded product image | Context: {"product_id":81489,"attachment_id":81492,"filename":"product-image-81489-6996d68475145.jpg"}
[2026-02-19 09:23:17] [INFO] Downloaded product image | Context: {"product_id":81489,"attachment_id":81493,"filename":"product-image-81489-6996d684eaa9a.jpg"}
[2026-02-19 09:23:17] [INFO] Downloaded product image | Context: {"product_id":81489,"attachment_id":81494,"filename":"product-image-81489-6996d6856bad5.jpg"}
[2026-02-19 09:23:17] [INFO] Created product | Context: {"external_id":1488796,"product_id":81489}
[2026-02-19 09:23:18] [INFO] Downloaded product image | Context: {"product_id":81495,"attachment_id":81496,"filename":"product-image-81495-6996d6862e7f5.jpg"}
[2026-02-19 09:23:18] [INFO] Created product | Context: {"external_id":1488255,"product_id":81495}
[2026-02-19 09:23:19] [INFO] Downloaded product image | Context: {"product_id":81497,"attachment_id":81498,"filename":"product-image-81497-6996d686dd741.jpg"}
[2026-02-19 09:23:19] [INFO] Downloaded product image | Context: {"product_id":81497,"attachment_id":81499,"filename":"product-image-81497-6996d687467bd.jpg"}
[2026-02-19 09:23:19] [INFO] Downloaded product image | Context: {"product_id":81497,"attachment_id":81500,"filename":"product-image-81497-6996d687cd676.jpg"}
[2026-02-19 09:23:20] [INFO] Downloaded product image | Context: {"product_id":81497,"attachment_id":81501,"filename":"product-image-81497-6996d6885b445.jpg"}
[2026-02-19 09:23:21] [INFO] Downloaded product image | Context: {"product_id":81497,"attachment_id":81502,"filename":"product-image-81497-6996d688d1b46.jpg"}
[2026-02-19 09:23:21] [INFO] Created product | Context: {"external_id":1487502,"product_id":81497}
[2026-02-19 09:23:21] [INFO] Created product | Context: {"external_id":1487500,"product_id":81503}
[2026-02-19 09:23:21] [INFO] Created product | Context: {"external_id":1487499,"product_id":81504}
[2026-02-19 09:23:21] [INFO] Created product | Context: {"external_id":1487493,"product_id":81505}
[2026-02-19 09:23:21] [INFO] Created product | Context: {"external_id":1487492,"product_id":81506}
[2026-02-19 09:23:21] [INFO] Created product | Context: {"external_id":1487491,"product_id":81507}
[2026-02-19 09:23:22] [INFO] Created product | Context: {"external_id":1487490,"product_id":81508}
[2026-02-19 09:23:22] [INFO] Created product | Context: {"external_id":1487489,"product_id":81509}
[2026-02-19 09:23:22] [INFO] Batch processed | Context: {"offset":1700,"total":3431}
[2026-02-19 09:23:24] [INFO] Updated product | Context: {"external_id":1485004,"product_id":78897}
[2026-02-19 09:23:24] [INFO] Created product | Context: {"external_id":1484840,"product_id":81510}
[2026-02-19 09:23:24] [INFO] Created product | Context: {"external_id":1484839,"product_id":81511}
[2026-02-19 09:23:24] [INFO] Created product | Context: {"external_id":1484838,"product_id":81512}
[2026-02-19 09:23:25] [INFO] Created product | Context: {"external_id":1484836,"product_id":81513}
[2026-02-19 09:23:25] [INFO] Downloaded product image | Context: {"product_id":78900,"attachment_id":81514,"filename":"product-image-78900-6996d68d75099.jpg"}
[2026-02-19 09:23:26] [INFO] Downloaded product image | Context: {"product_id":78900,"attachment_id":81515,"filename":"product-image-78900-6996d68de923d.jpg"}
[2026-02-19 09:23:26] [INFO] Downloaded product image | Context: {"product_id":78900,"attachment_id":81516,"filename":"product-image-78900-6996d68e679d8.jpg"}
[2026-02-19 09:23:27] [INFO] Downloaded product image | Context: {"product_id":78900,"attachment_id":81517,"filename":"product-image-78900-6996d68ee471e.jpg"}
[2026-02-19 09:23:27] [INFO] Updated product | Context: {"external_id":1483643,"product_id":78900}
[2026-02-19 09:23:27] [INFO] Created product | Context: {"external_id":1482917,"product_id":81518}
[2026-02-19 09:23:27] [INFO] Created product | Context: {"external_id":1482916,"product_id":81519}
[2026-02-19 09:23:27] [INFO] Created product | Context: {"external_id":1482915,"product_id":81520}
[2026-02-19 09:23:27] [INFO] Created product | Context: {"external_id":1482911,"product_id":81521}
[2026-02-19 09:23:28] [INFO] Created product | Context: {"external_id":1482910,"product_id":81522}
[2026-02-19 09:23:28] [INFO] Created product | Context: {"external_id":1482886,"product_id":81523}
[2026-02-19 09:23:28] [INFO] Created product | Context: {"external_id":1482879,"product_id":81524}
[2026-02-19 09:23:28] [INFO] Created product | Context: {"external_id":1482866,"product_id":81525}
[2026-02-19 09:23:29] [INFO] Created product | Context: {"external_id":1482865,"product_id":81526}
[2026-02-19 09:23:29] [INFO] Created product | Context: {"external_id":1482864,"product_id":81527}
[2026-02-19 09:23:29] [INFO] Updated product | Context: {"external_id":1482719,"product_id":78901}
[2026-02-19 09:23:29] [INFO] Updated product | Context: {"external_id":1482718,"product_id":78902}
[2026-02-19 09:23:29] [INFO] Updated product | Context: {"external_id":1482716,"product_id":78903}
[2026-02-19 09:23:29] [INFO] Updated product | Context: {"external_id":1482715,"product_id":78904}
[2026-02-19 09:23:29] [INFO] Updated product | Context: {"external_id":1482712,"product_id":78905}
[2026-02-19 09:23:29] [INFO] Updated product | Context: {"external_id":1481154,"product_id":78906}
[2026-02-19 09:23:29] [INFO] Updated product | Context: {"external_id":1481152,"product_id":78907}
[2026-02-19 09:23:29] [INFO] Updated product | Context: {"external_id":1481151,"product_id":78908}
[2026-02-19 09:23:29] [INFO] Updated product | Context: {"external_id":1481149,"product_id":78909}
[2026-02-19 09:23:29] [INFO] Updated product | Context: {"external_id":1481148,"product_id":78910}
[2026-02-19 09:23:29] [INFO] Updated product | Context: {"external_id":1481147,"product_id":78911}
[2026-02-19 09:23:29] [INFO] Updated product | Context: {"external_id":1481146,"product_id":78912}
[2026-02-19 09:23:29] [INFO] Updated product | Context: {"external_id":1481145,"product_id":78913}
[2026-02-19 09:23:29] [INFO] Updated product | Context: {"external_id":1481144,"product_id":78914}
[2026-02-19 09:23:29] [INFO] Updated product | Context: {"external_id":1481143,"product_id":78915}
[2026-02-19 09:23:29] [INFO] Updated product | Context: {"external_id":1481141,"product_id":78916}
[2026-02-19 09:23:29] [INFO] Updated product | Context: {"external_id":1481140,"product_id":78917}
[2026-02-19 09:23:30] [INFO] Updated product | Context: {"external_id":1481138,"product_id":78918}
[2026-02-19 09:23:30] [INFO] Updated product | Context: {"external_id":1481137,"product_id":78919}
[2026-02-19 09:23:30] [INFO] Updated product | Context: {"external_id":1481136,"product_id":78920}
[2026-02-19 09:23:30] [INFO] Updated product | Context: {"external_id":1481135,"product_id":78921}
[2026-02-19 09:23:30] [INFO] Updated product | Context: {"external_id":1481134,"product_id":78922}
[2026-02-19 09:23:30] [INFO] Updated product | Context: {"external_id":1481133,"product_id":78923}
[2026-02-19 09:23:30] [INFO] Updated product | Context: {"external_id":1481131,"product_id":78924}
[2026-02-19 09:23:30] [INFO] Updated product | Context: {"external_id":1481129,"product_id":78925}
[2026-02-19 09:23:30] [INFO] Updated product | Context: {"external_id":1481127,"product_id":78926}
[2026-02-19 09:23:30] [INFO] Updated product | Context: {"external_id":1481126,"product_id":78927}
[2026-02-19 09:23:30] [INFO] Updated product | Context: {"external_id":1481125,"product_id":78928}
[2026-02-19 09:23:30] [INFO] Updated product | Context: {"external_id":1481124,"product_id":78929}
[2026-02-19 09:23:30] [INFO] Updated product | Context: {"external_id":1481123,"product_id":78930}
[2026-02-19 09:23:30] [INFO] Updated product | Context: {"external_id":1481122,"product_id":78931}
[2026-02-19 09:23:31] [INFO] Downloaded product image | Context: {"product_id":81528,"attachment_id":81529,"filename":"product-image-81528-6996d6930550b.jpg"}
[2026-02-19 09:23:31] [INFO] Downloaded product image | Context: {"product_id":81528,"attachment_id":81530,"filename":"product-image-81528-6996d69365d59.jpg"}
[2026-02-19 09:23:32] [INFO] Downloaded product image | Context: {"product_id":81528,"attachment_id":81531,"filename":"product-image-81528-6996d693d6dc9.jpg"}
[2026-02-19 09:23:32] [INFO] Downloaded product image | Context: {"product_id":81528,"attachment_id":81532,"filename":"product-image-81528-6996d69453173.jpg"}
[2026-02-19 09:23:33] [INFO] Downloaded product image | Context: {"product_id":81528,"attachment_id":81533,"filename":"product-image-81528-6996d694d2e91.jpg"}
[2026-02-19 09:23:33] [INFO] Created product | Context: {"external_id":1481106,"product_id":81528}
[2026-02-19 09:23:33] [INFO] Downloaded product image | Context: {"product_id":81534,"attachment_id":81535,"filename":"product-image-81534-6996d6958e251.jpg"}
[2026-02-19 09:23:34] [INFO] Downloaded product image | Context: {"product_id":81534,"attachment_id":81536,"filename":"product-image-81534-6996d696262fb.jpg"}
[2026-02-19 09:23:34] [INFO] Downloaded product image | Context: {"product_id":81534,"attachment_id":81537,"filename":"product-image-81534-6996d6969f00e.jpg"}
[2026-02-19 09:23:35] [INFO] Downloaded product image | Context: {"product_id":81534,"attachment_id":81538,"filename":"product-image-81534-6996d697251c5.jpg"}
[2026-02-19 09:23:35] [INFO] Downloaded product image | Context: {"product_id":81534,"attachment_id":81539,"filename":"product-image-81534-6996d697a3f65.jpg"}
[2026-02-19 09:23:35] [INFO] Created product | Context: {"external_id":1481022,"product_id":81534}
[2026-02-19 09:23:35] [INFO] Updated product | Context: {"external_id":1481017,"product_id":80197}
[2026-02-19 09:23:35] [INFO] Batch processed | Context: {"offset":1750,"total":3431}
[2026-02-19 09:23:37] [INFO] Downloaded product image | Context: {"product_id":81540,"attachment_id":81541,"filename":"product-image-81540-6996d699c2401.jpg"}
[2026-02-19 09:23:38] [INFO] Downloaded product image | Context: {"product_id":81540,"attachment_id":81542,"filename":"product-image-81540-6996d69a4083c.jpg"}
[2026-02-19 09:23:38] [INFO] Downloaded product image | Context: {"product_id":81540,"attachment_id":81543,"filename":"product-image-81540-6996d69ab7bed.jpg"}
[2026-02-19 09:23:39] [INFO] Downloaded product image | Context: {"product_id":81540,"attachment_id":81544,"filename":"product-image-81540-6996d69b35901.jpg"}
[2026-02-19 09:23:39] [INFO] Downloaded product image | Context: {"product_id":81540,"attachment_id":81545,"filename":"product-image-81540-6996d69b9ae3e.jpg"}
[2026-02-19 09:23:39] [INFO] Created product | Context: {"external_id":1480959,"product_id":81540}
[2026-02-19 09:23:40] [INFO] Downloaded product image | Context: {"product_id":81546,"attachment_id":81547,"filename":"product-image-81546-6996d69c5183b.jpg"}
[2026-02-19 09:23:41] [INFO] Downloaded product image | Context: {"product_id":81546,"attachment_id":81548,"filename":"product-image-81546-6996d69cddab0.jpg"}
[2026-02-19 09:23:41] [INFO] Downloaded product image | Context: {"product_id":81546,"attachment_id":81549,"filename":"product-image-81546-6996d69d665c8.jpg"}
[2026-02-19 09:23:42] [INFO] Downloaded product image | Context: {"product_id":81546,"attachment_id":81550,"filename":"product-image-81546-6996d69dde788.jpg"}
[2026-02-19 09:23:42] [INFO] Downloaded product image | Context: {"product_id":81546,"attachment_id":81551,"filename":"product-image-81546-6996d69e591ec.jpg"}
[2026-02-19 09:23:42] [INFO] Created product | Context: {"external_id":1480951,"product_id":81546}
[2026-02-19 09:23:43] [INFO] Downloaded product image | Context: {"product_id":81552,"attachment_id":81553,"filename":"product-image-81552-6996d69f0f8ac.jpg"}
[2026-02-19 09:23:43] [INFO] Downloaded product image | Context: {"product_id":81552,"attachment_id":81554,"filename":"product-image-81552-6996d69f92d69.jpg"}
[2026-02-19 09:23:44] [INFO] Downloaded product image | Context: {"product_id":81552,"attachment_id":81555,"filename":"product-image-81552-6996d6a00415a.jpg"}
[2026-02-19 09:23:44] [INFO] Downloaded product image | Context: {"product_id":81552,"attachment_id":81556,"filename":"product-image-81552-6996d6a074f45.jpg"}
[2026-02-19 09:23:45] [INFO] Downloaded product image | Context: {"product_id":81552,"attachment_id":81557,"filename":"product-image-81552-6996d6a0debc6.jpg"}
[2026-02-19 09:23:45] [INFO] Created product | Context: {"external_id":1480933,"product_id":81552}
[2026-02-19 09:23:45] [INFO] Downloaded product image | Context: {"product_id":81558,"attachment_id":81559,"filename":"product-image-81558-6996d6a1b41e5.jpg"}
[2026-02-19 09:23:46] [INFO] Downloaded product image | Context: {"product_id":81558,"attachment_id":81560,"filename":"product-image-81558-6996d6a22075a.jpg"}
[2026-02-19 09:23:46] [INFO] Downloaded product image | Context: {"product_id":81558,"attachment_id":81561,"filename":"product-image-81558-6996d6a29668c.jpg"}
[2026-02-19 09:23:47] [INFO] Downloaded product image | Context: {"product_id":81558,"attachment_id":81562,"filename":"product-image-81558-6996d6a3151e4.jpg"}
[2026-02-19 09:23:47] [INFO] Downloaded product image | Context: {"product_id":81558,"attachment_id":81563,"filename":"product-image-81558-6996d6a386012.jpg"}
[2026-02-19 09:23:47] [INFO] Created product | Context: {"external_id":1480866,"product_id":81558}
[2026-02-19 09:23:48] [INFO] Downloaded product image | Context: {"product_id":81564,"attachment_id":81565,"filename":"product-image-81564-6996d6a431cd8.jpg"}
[2026-02-19 09:23:48] [INFO] Downloaded product image | Context: {"product_id":81564,"attachment_id":81566,"filename":"product-image-81564-6996d6a4a203c.jpg"}
[2026-02-19 09:23:49] [INFO] Downloaded product image | Context: {"product_id":81564,"attachment_id":81567,"filename":"product-image-81564-6996d6a51e56a.jpg"}
[2026-02-19 09:23:49] [INFO] Downloaded product image | Context: {"product_id":81564,"attachment_id":81568,"filename":"product-image-81564-6996d6a5953a1.jpg"}
[2026-02-19 09:23:50] [INFO] Downloaded product image | Context: {"product_id":81564,"attachment_id":81569,"filename":"product-image-81564-6996d6a6197e1.jpg"}
[2026-02-19 09:23:50] [INFO] Created product | Context: {"external_id":1480858,"product_id":81564}
[2026-02-19 09:23:50] [INFO] Updated product | Context: {"external_id":1479789,"product_id":78932}
[2026-02-19 09:23:50] [INFO] Updated product | Context: {"external_id":1479788,"product_id":78933}
[2026-02-19 09:23:50] [INFO] Updated product | Context: {"external_id":1479787,"product_id":78934}
[2026-02-19 09:23:50] [INFO] Updated product | Context: {"external_id":1479786,"product_id":78935}
[2026-02-19 09:23:50] [INFO] Updated product | Context: {"external_id":1479785,"product_id":78936}
[2026-02-19 09:23:50] [INFO] Updated product | Context: {"external_id":1479784,"product_id":78937}
[2026-02-19 09:23:50] [INFO] Updated product | Context: {"external_id":1479783,"product_id":78938}
[2026-02-19 09:23:50] [INFO] Updated product | Context: {"external_id":1479782,"product_id":78939}
[2026-02-19 09:23:50] [INFO] Updated product | Context: {"external_id":1479781,"product_id":78940}
[2026-02-19 09:23:50] [INFO] Updated product | Context: {"external_id":1479780,"product_id":78941}
[2026-02-19 09:23:50] [INFO] Updated product | Context: {"external_id":1479779,"product_id":78942}
[2026-02-19 09:23:50] [INFO] Updated product | Context: {"external_id":1479778,"product_id":78943}
[2026-02-19 09:23:50] [INFO] Updated product | Context: {"external_id":1479777,"product_id":78944}
[2026-02-19 09:23:50] [INFO] Updated product | Context: {"external_id":1479776,"product_id":78945}
[2026-02-19 09:23:50] [INFO] Updated product | Context: {"external_id":1479775,"product_id":78946}
[2026-02-19 09:23:50] [INFO] Updated product | Context: {"external_id":1479774,"product_id":78947}
[2026-02-19 09:23:51] [INFO] Updated product | Context: {"external_id":1479773,"product_id":78948}
[2026-02-19 09:23:51] [INFO] Updated product | Context: {"external_id":1479772,"product_id":78949}
[2026-02-19 09:23:51] [INFO] Updated product | Context: {"external_id":1479771,"product_id":78950}
[2026-02-19 09:23:51] [INFO] Updated product | Context: {"external_id":1479770,"product_id":78951}
[2026-02-19 09:23:51] [INFO] Updated product | Context: {"external_id":1479769,"product_id":78952}
[2026-02-19 09:23:51] [INFO] Updated product | Context: {"external_id":1479768,"product_id":78953}
[2026-02-19 09:23:51] [INFO] Updated product | Context: {"external_id":1479767,"product_id":78954}
[2026-02-19 09:23:51] [INFO] Updated product | Context: {"external_id":1479766,"product_id":78955}
[2026-02-19 09:23:51] [INFO] Updated product | Context: {"external_id":1479765,"product_id":78956}
[2026-02-19 09:23:51] [INFO] Updated product | Context: {"external_id":1479764,"product_id":78957}
[2026-02-19 09:23:51] [INFO] Updated product | Context: {"external_id":1479763,"product_id":78958}
[2026-02-19 09:23:51] [INFO] Updated product | Context: {"external_id":1479762,"product_id":78959}
[2026-02-19 09:23:51] [INFO] Updated product | Context: {"external_id":1479761,"product_id":78960}
[2026-02-19 09:23:51] [INFO] Updated product | Context: {"external_id":1479760,"product_id":78961}
[2026-02-19 09:23:51] [INFO] Updated product | Context: {"external_id":1479759,"product_id":78962}
[2026-02-19 09:23:51] [INFO] Updated product | Context: {"external_id":1479758,"product_id":78963}
[2026-02-19 09:23:52] [INFO] Downloaded product image | Context: {"product_id":81570,"attachment_id":81571,"filename":"product-image-81570-6996d6a828cfe.jpg"}
[2026-02-19 09:23:52] [INFO] Downloaded product image | Context: {"product_id":81570,"attachment_id":81572,"filename":"product-image-81570-6996d6a8ae29c.jpg"}
[2026-02-19 09:23:53] [INFO] Downloaded product image | Context: {"product_id":81570,"attachment_id":81573,"filename":"product-image-81570-6996d6a91f670.jpg"}
[2026-02-19 09:23:53] [INFO] Downloaded product image | Context: {"product_id":81570,"attachment_id":81574,"filename":"product-image-81570-6996d6a9a5dbc.jpg"}
[2026-02-19 09:23:54] [INFO] Downloaded product image | Context: {"product_id":81570,"attachment_id":81575,"filename":"product-image-81570-6996d6aa24cce.jpg"}
[2026-02-19 09:23:54] [INFO] Created product | Context: {"external_id":1479756,"product_id":81570}
[2026-02-19 09:23:54] [INFO] Created product | Context: {"external_id":1479755,"product_id":81576}
[2026-02-19 09:23:54] [INFO] Created product | Context: {"external_id":1479754,"product_id":81577}
[2026-02-19 09:23:54] [INFO] Created product | Context: {"external_id":1479753,"product_id":81578}
[2026-02-19 09:23:55] [INFO] Created product | Context: {"external_id":1479752,"product_id":81579}
[2026-02-19 09:23:55] [INFO] Created product | Context: {"external_id":1479751,"product_id":81580}
[2026-02-19 09:23:55] [INFO] Created product | Context: {"external_id":1479750,"product_id":81581}
[2026-02-19 09:23:55] [INFO] Created product | Context: {"external_id":1479749,"product_id":81582}
[2026-02-19 09:23:56] [INFO] Downloaded product image | Context: {"product_id":81583,"attachment_id":81584,"filename":"product-image-81583-6996d6ac4092d.jpg"}
[2026-02-19 09:23:56] [INFO] Downloaded product image | Context: {"product_id":81583,"attachment_id":81585,"filename":"product-image-81583-6996d6acb6437.jpg"}
[2026-02-19 09:23:57] [INFO] Downloaded product image | Context: {"product_id":81583,"attachment_id":81586,"filename":"product-image-81583-6996d6ad3df56.jpg"}
[2026-02-19 09:23:57] [INFO] Downloaded product image | Context: {"product_id":81583,"attachment_id":81587,"filename":"product-image-81583-6996d6adbcb6f.jpg"}
[2026-02-19 09:23:58] [INFO] Downloaded product image | Context: {"product_id":81583,"attachment_id":81588,"filename":"product-image-81583-6996d6ae4502b.jpg"}
[2026-02-19 09:23:58] [INFO] Created product | Context: {"external_id":1479748,"product_id":81583}
[2026-02-19 09:23:58] [INFO] Created product | Context: {"external_id":1479747,"product_id":81589}
[2026-02-19 09:23:58] [INFO] Created product | Context: {"external_id":1479746,"product_id":81590}
[2026-02-19 09:23:59] [INFO] Created product | Context: {"external_id":1479745,"product_id":81591}
[2026-02-19 09:23:59] [INFO] Created product | Context: {"external_id":1479744,"product_id":81592}
[2026-02-19 09:23:59] [INFO] Batch processed | Context: {"offset":1800,"total":3431}
[2026-02-19 09:24:00] [INFO] Created product | Context: {"external_id":1479743,"product_id":81593}
[2026-02-19 09:24:00] [INFO] Created product | Context: {"external_id":1479742,"product_id":81594}
[2026-02-19 09:24:00] [INFO] Created product | Context: {"external_id":1479741,"product_id":81595}
[2026-02-19 09:24:01] [INFO] Downloaded product image | Context: {"product_id":81596,"attachment_id":81597,"filename":"product-image-81596-6996d6b12ac81.jpg"}
[2026-02-19 09:24:01] [INFO] Downloaded product image | Context: {"product_id":81596,"attachment_id":81598,"filename":"product-image-81596-6996d6b1a421b.jpg"}
[2026-02-19 09:24:02] [INFO] Downloaded product image | Context: {"product_id":81596,"attachment_id":81599,"filename":"product-image-81596-6996d6b220038.jpg"}
[2026-02-19 09:24:02] [INFO] Downloaded product image | Context: {"product_id":81596,"attachment_id":81600,"filename":"product-image-81596-6996d6b2ab9c5.jpg"}
[2026-02-19 09:24:03] [INFO] Downloaded product image | Context: {"product_id":81596,"attachment_id":81601,"filename":"product-image-81596-6996d6b3363d5.jpg"}
[2026-02-19 09:24:03] [INFO] Created product | Context: {"external_id":1479740,"product_id":81596}
[2026-02-19 09:24:03] [INFO] Created product | Context: {"external_id":1479738,"product_id":81602}
[2026-02-19 09:24:03] [INFO] Created product | Context: {"external_id":1479737,"product_id":81603}
[2026-02-19 09:24:03] [INFO] Created product | Context: {"external_id":1479736,"product_id":81604}
[2026-02-19 09:24:04] [INFO] Created product | Context: {"external_id":1479735,"product_id":81605}
[2026-02-19 09:24:04] [INFO] Created product | Context: {"external_id":1479734,"product_id":81606}
[2026-02-19 09:24:04] [INFO] Created product | Context: {"external_id":1479733,"product_id":81607}
[2026-02-19 09:24:04] [INFO] Created product | Context: {"external_id":1479732,"product_id":81608}
[2026-02-19 09:24:04] [INFO] Updated product | Context: {"external_id":1479644,"product_id":78965}
[2026-02-19 09:24:04] [INFO] Updated product | Context: {"external_id":1479627,"product_id":78966}
[2026-02-19 09:24:04] [INFO] Updated product | Context: {"external_id":1476812,"product_id":78971}
[2026-02-19 09:24:04] [INFO] Updated product | Context: {"external_id":1476811,"product_id":78972}
[2026-02-19 09:24:04] [INFO] Updated product | Context: {"external_id":1476810,"product_id":78973}
[2026-02-19 09:24:05] [INFO] Updated product | Context: {"external_id":1476568,"product_id":78551}
[2026-02-19 09:24:05] [INFO] Updated product | Context: {"external_id":1476561,"product_id":78978}
[2026-02-19 09:24:05] [INFO] Updated product | Context: {"external_id":1476558,"product_id":78980}
[2026-02-19 09:24:05] [INFO] Updated product | Context: {"external_id":1476533,"product_id":78982}
[2026-02-19 09:24:05] [INFO] Updated product | Context: {"external_id":1476530,"product_id":78984}
[2026-02-19 09:24:05] [INFO] Updated product | Context: {"external_id":1476528,"product_id":78985}
[2026-02-19 09:24:05] [INFO] Updated product | Context: {"external_id":1476527,"product_id":78986}
[2026-02-19 09:24:05] [INFO] Updated product | Context: {"external_id":1476526,"product_id":78987}
[2026-02-19 09:24:05] [INFO] Updated product | Context: {"external_id":1476436,"product_id":78988}
[2026-02-19 09:24:05] [INFO] Updated product | Context: {"external_id":1476435,"product_id":78989}
[2026-02-19 09:24:05] [INFO] Updated product | Context: {"external_id":1476433,"product_id":78559}
[2026-02-19 09:24:05] [INFO] Updated product | Context: {"external_id":1476431,"product_id":78991}
[2026-02-19 09:24:05] [INFO] Updated product | Context: {"external_id":1476430,"product_id":78992}
[2026-02-19 09:24:05] [INFO] Updated product | Context: {"external_id":1476429,"product_id":78993}
[2026-02-19 09:24:05] [INFO] Updated product | Context: {"external_id":1476428,"product_id":78994}
[2026-02-19 09:24:05] [INFO] Updated product | Context: {"external_id":1476406,"product_id":78996}
[2026-02-19 09:24:05] [INFO] Updated product | Context: {"external_id":1476405,"product_id":78997}
[2026-02-19 09:24:05] [INFO] Created product | Context: {"external_id":1476403,"product_id":81609}
[2026-02-19 09:24:06] [INFO] Created product | Context: {"external_id":1476402,"product_id":81610}
[2026-02-19 09:24:06] [INFO] Updated product | Context: {"external_id":1476401,"product_id":78998}
[2026-02-19 09:24:06] [INFO] Updated product | Context: {"external_id":1476399,"product_id":78999}
[2026-02-19 09:24:06] [INFO] Updated product | Context: {"external_id":1476398,"product_id":79000}
[2026-02-19 09:24:06] [INFO] Updated product | Context: {"external_id":1476395,"product_id":79002}
[2026-02-19 09:24:06] [INFO] Updated product | Context: {"external_id":1476394,"product_id":79003}
[2026-02-19 09:24:06] [INFO] Updated product | Context: {"external_id":1476393,"product_id":79004}
[2026-02-19 09:24:06] [INFO] Updated product | Context: {"external_id":1476387,"product_id":78563}
[2026-02-19 09:24:06] [INFO] Updated product | Context: {"external_id":1476386,"product_id":79007}
[2026-02-19 09:24:06] [INFO] Created product | Context: {"external_id":1476378,"product_id":81611}
[2026-02-19 09:24:06] [INFO] Created product | Context: {"external_id":1476359,"product_id":81612}
[2026-02-19 09:24:06] [INFO] Updated product | Context: {"external_id":1476358,"product_id":78564}
[2026-02-19 09:24:07] [INFO] Updated product | Context: {"external_id":1476357,"product_id":78565}
[2026-02-19 09:24:07] [INFO] Updated product | Context: {"external_id":1476327,"product_id":79009}
[2026-02-19 09:24:07] [INFO] Updated product | Context: {"external_id":1476326,"product_id":79010}
[2026-02-19 09:24:07] [INFO] Updated product | Context: {"external_id":1476325,"product_id":79011}
[2026-02-19 09:24:07] [INFO] Batch processed | Context: {"offset":1850,"total":3431}
[2026-02-19 09:24:07] [INFO] Updated product | Context: {"external_id":1476323,"product_id":79013}
[2026-02-19 09:24:08] [INFO] Updated product | Context: {"external_id":1476321,"product_id":79014}
[2026-02-19 09:24:08] [INFO] Updated product | Context: {"external_id":1476320,"product_id":78567}
[2026-02-19 09:24:08] [INFO] Updated product | Context: {"external_id":1476319,"product_id":79015}
[2026-02-19 09:24:08] [INFO] Updated product | Context: {"external_id":1476317,"product_id":79016}
[2026-02-19 09:24:08] [INFO] Updated product | Context: {"external_id":1476311,"product_id":79017}
[2026-02-19 09:24:08] [INFO] Updated product | Context: {"external_id":1476308,"product_id":79018}
[2026-02-19 09:24:08] [INFO] Updated product | Context: {"external_id":1476306,"product_id":79019}
[2026-02-19 09:24:08] [INFO] Updated product | Context: {"external_id":1476302,"product_id":79021}
[2026-02-19 09:24:08] [INFO] Updated product | Context: {"external_id":1476301,"product_id":79022}
[2026-02-19 09:24:08] [INFO] Updated product | Context: {"external_id":1476300,"product_id":79023}
[2026-02-19 09:24:08] [INFO] Updated product | Context: {"external_id":1476259,"product_id":79024}
[2026-02-19 09:24:08] [INFO] Updated product | Context: {"external_id":1476256,"product_id":79025}
[2026-02-19 09:24:08] [INFO] Created product | Context: {"external_id":1476251,"product_id":81613}
[2026-02-19 09:24:08] [INFO] Created product | Context: {"external_id":1476250,"product_id":81614}
[2026-02-19 09:24:09] [INFO] Updated product | Context: {"external_id":1476248,"product_id":79026}
[2026-02-19 09:24:09] [INFO] Updated product | Context: {"external_id":1476247,"product_id":79027}
[2026-02-19 09:24:09] [INFO] Updated product | Context: {"external_id":1476246,"product_id":79028}
[2026-02-19 09:24:09] [INFO] Updated product | Context: {"external_id":1476243,"product_id":79031}
[2026-02-19 09:24:09] [INFO] Updated product | Context: {"external_id":1476223,"product_id":79035}
[2026-02-19 09:24:09] [INFO] Updated product | Context: {"external_id":1476220,"product_id":78577}
[2026-02-19 09:24:09] [INFO] Updated product | Context: {"external_id":1476217,"product_id":79037}
[2026-02-19 09:24:09] [INFO] Updated product | Context: {"external_id":1476215,"product_id":78579}
[2026-02-19 09:24:09] [INFO] Updated product | Context: {"external_id":1476200,"product_id":79039}
[2026-02-19 09:24:09] [INFO] Updated product | Context: {"external_id":1476199,"product_id":79040}
[2026-02-19 09:24:09] [INFO] Updated product | Context: {"external_id":1476198,"product_id":79041}
[2026-02-19 09:24:09] [INFO] Updated product | Context: {"external_id":1476196,"product_id":79042}
[2026-02-19 09:24:09] [INFO] Updated product | Context: {"external_id":1476195,"product_id":79043}
[2026-02-19 09:24:09] [INFO] Updated product | Context: {"external_id":1476186,"product_id":79044}
[2026-02-19 09:24:09] [INFO] Updated product | Context: {"external_id":1476185,"product_id":79045}
[2026-02-19 09:24:09] [INFO] Updated product | Context: {"external_id":1476184,"product_id":79046}
[2026-02-19 09:24:09] [INFO] Updated product | Context: {"external_id":1476183,"product_id":79047}
[2026-02-19 09:24:09] [INFO] Updated product | Context: {"external_id":1476182,"product_id":79048}
[2026-02-19 09:24:09] [INFO] Updated product | Context: {"external_id":1476181,"product_id":79049}
[2026-02-19 09:24:09] [INFO] Updated product | Context: {"external_id":1476180,"product_id":79050}
[2026-02-19 09:24:10] [INFO] Updated product | Context: {"external_id":1476179,"product_id":79051}
[2026-02-19 09:24:10] [INFO] Updated product | Context: {"external_id":1476174,"product_id":79053}
[2026-02-19 09:24:10] [INFO] Updated product | Context: {"external_id":1476173,"product_id":79054}
[2026-02-19 09:24:10] [INFO] Updated product | Context: {"external_id":1476172,"product_id":79055}
[2026-02-19 09:24:10] [INFO] Updated product | Context: {"external_id":1476168,"product_id":79057}
[2026-02-19 09:24:10] [INFO] Updated product | Context: {"external_id":1476165,"product_id":78176}
[2026-02-19 09:24:10] [INFO] Updated product | Context: {"external_id":1476162,"product_id":79058}
[2026-02-19 09:24:10] [INFO] Updated product | Context: {"external_id":1476161,"product_id":79059}
[2026-02-19 09:24:10] [INFO] Updated product | Context: {"external_id":1476159,"product_id":78178}
[2026-02-19 09:24:10] [INFO] Updated product | Context: {"external_id":1476155,"product_id":79060}
[2026-02-19 09:24:10] [INFO] Updated product | Context: {"external_id":1476154,"product_id":79061}
[2026-02-19 09:24:10] [INFO] Updated product | Context: {"external_id":1476152,"product_id":78587}
[2026-02-19 09:24:10] [INFO] Updated product | Context: {"external_id":1476151,"product_id":79063}
[2026-02-19 09:24:10] [INFO] Updated product | Context: {"external_id":1476150,"product_id":79064}
[2026-02-19 09:24:10] [INFO] Updated product | Context: {"external_id":1476149,"product_id":79065}
[2026-02-19 09:24:10] [INFO] Batch processed | Context: {"offset":1900,"total":3431}
[2026-02-19 09:24:11] [INFO] Updated product | Context: {"external_id":1476147,"product_id":79067}
[2026-02-19 09:24:11] [INFO] Updated product | Context: {"external_id":1476146,"product_id":79068}
[2026-02-19 09:24:11] [INFO] Updated product | Context: {"external_id":1476143,"product_id":79070}
[2026-02-19 09:24:11] [INFO] Updated product | Context: {"external_id":1476142,"product_id":79071}
[2026-02-19 09:24:11] [INFO] Updated product | Context: {"external_id":1476141,"product_id":79072}
[2026-02-19 09:24:11] [INFO] Updated product | Context: {"external_id":1476140,"product_id":79073}
[2026-02-19 09:24:11] [INFO] Updated product | Context: {"external_id":1476137,"product_id":79075}
[2026-02-19 09:24:11] [INFO] Updated product | Context: {"external_id":1476136,"product_id":79076}
[2026-02-19 09:24:11] [INFO] Updated product | Context: {"external_id":1476135,"product_id":79077}
[2026-02-19 09:24:11] [INFO] Updated product | Context: {"external_id":1476134,"product_id":79078}
[2026-02-19 09:24:11] [INFO] Updated product | Context: {"external_id":1476133,"product_id":79079}
[2026-02-19 09:24:11] [INFO] Updated product | Context: {"external_id":1476117,"product_id":79083}
[2026-02-19 09:24:11] [INFO] Updated product | Context: {"external_id":1476113,"product_id":79087}
[2026-02-19 09:24:12] [INFO] Updated product | Context: {"external_id":1476112,"product_id":79088}
[2026-02-19 09:24:12] [INFO] Updated product | Context: {"external_id":1476111,"product_id":79089}
[2026-02-19 09:24:12] [INFO] Updated product | Context: {"external_id":1476110,"product_id":79090}
[2026-02-19 09:24:12] [INFO] Updated product | Context: {"external_id":1476109,"product_id":79091}
[2026-02-19 09:24:12] [INFO] Created product | Context: {"external_id":1476098,"product_id":81615}
[2026-02-19 09:24:12] [INFO] Created product | Context: {"external_id":1476097,"product_id":81616}
[2026-02-19 09:24:12] [INFO] Created product | Context: {"external_id":1476096,"product_id":81617}
[2026-02-19 09:24:13] [INFO] Created product | Context: {"external_id":1476095,"product_id":81618}
[2026-02-19 09:24:13] [INFO] Updated product | Context: {"external_id":1476088,"product_id":78385}
[2026-02-19 09:24:13] [INFO] Updated product | Context: {"external_id":1476087,"product_id":79094}
[2026-02-19 09:24:13] [INFO] Updated product | Context: {"external_id":1476079,"product_id":79097}
[2026-02-19 09:24:13] [INFO] Updated product | Context: {"external_id":1476078,"product_id":79098}
[2026-02-19 09:24:13] [INFO] Created product | Context: {"external_id":1476071,"product_id":81619}
[2026-02-19 09:24:13] [INFO] Created product | Context: {"external_id":1476050,"product_id":81620}
[2026-02-19 09:24:13] [INFO] Updated product | Context: {"external_id":1476049,"product_id":79100}
[2026-02-19 09:24:13] [INFO] Updated product | Context: {"external_id":1476048,"product_id":79101}
[2026-02-19 09:24:13] [INFO] Updated product | Context: {"external_id":1476044,"product_id":79102}
[2026-02-19 09:24:14] [INFO] Created product | Context: {"external_id":1475461,"product_id":81621}
[2026-02-19 09:24:14] [INFO] Created product | Context: {"external_id":1475460,"product_id":81622}
[2026-02-19 09:24:14] [INFO] Created product | Context: {"external_id":1475459,"product_id":81623}
[2026-02-19 09:24:14] [INFO] Created product | Context: {"external_id":1475458,"product_id":81624}
[2026-02-19 09:24:14] [INFO] Created product | Context: {"external_id":1475457,"product_id":81625}
[2026-02-19 09:24:15] [INFO] Created product | Context: {"external_id":1475456,"product_id":81626}
[2026-02-19 09:24:15] [INFO] Created product | Context: {"external_id":1475455,"product_id":81627}
[2026-02-19 09:24:15] [INFO] Created product | Context: {"external_id":1475454,"product_id":81628}
[2026-02-19 09:24:15] [INFO] Created product | Context: {"external_id":1475453,"product_id":81629}
[2026-02-19 09:24:15] [INFO] Created product | Context: {"external_id":1475452,"product_id":81630}
[2026-02-19 09:24:16] [INFO] Created product | Context: {"external_id":1475451,"product_id":81631}
[2026-02-19 09:24:16] [INFO] Created product | Context: {"external_id":1475450,"product_id":81632}
[2026-02-19 09:24:16] [INFO] Created product | Context: {"external_id":1475449,"product_id":81633}
[2026-02-19 09:24:16] [INFO] Created product | Context: {"external_id":1475448,"product_id":81634}
[2026-02-19 09:24:16] [INFO] Created product | Context: {"external_id":1475447,"product_id":81635}
[2026-02-19 09:24:17] [INFO] Created product | Context: {"external_id":1475445,"product_id":81636}
[2026-02-19 09:24:17] [INFO] Created product | Context: {"external_id":1475444,"product_id":81637}
[2026-02-19 09:24:17] [INFO] Created product | Context: {"external_id":1475443,"product_id":81638}
[2026-02-19 09:24:17] [INFO] Created product | Context: {"external_id":1475442,"product_id":81639}
[2026-02-19 09:24:18] [INFO] Created product | Context: {"external_id":1475441,"product_id":81640}
[2026-02-19 09:24:18] [INFO] Batch processed | Context: {"offset":1950,"total":3431}
[2026-02-19 09:24:19] [INFO] Created product | Context: {"external_id":1475440,"product_id":81641}
[2026-02-19 09:24:19] [INFO] Created product | Context: {"external_id":1475439,"product_id":81642}
[2026-02-19 09:24:19] [INFO] Created product | Context: {"external_id":1475438,"product_id":81643}
[2026-02-19 09:24:19] [INFO] Created product | Context: {"external_id":1475437,"product_id":81644}
[2026-02-19 09:24:20] [INFO] Created product | Context: {"external_id":1475436,"product_id":81645}
[2026-02-19 09:24:20] [INFO] Created product | Context: {"external_id":1475435,"product_id":81646}
[2026-02-19 09:24:20] [INFO] Created product | Context: {"external_id":1475434,"product_id":81647}
[2026-02-19 09:24:20] [INFO] Created product | Context: {"external_id":1475433,"product_id":81648}
[2026-02-19 09:24:20] [INFO] Created product | Context: {"external_id":1475432,"product_id":81649}
[2026-02-19 09:24:21] [INFO] Created product | Context: {"external_id":1475431,"product_id":81650}
[2026-02-19 09:24:21] [INFO] Updated product | Context: {"external_id":1475426,"product_id":79104}
[2026-02-19 09:24:21] [INFO] Updated product | Context: {"external_id":1475418,"product_id":79108}
[2026-02-19 09:24:21] [INFO] Updated product | Context: {"external_id":1475415,"product_id":79109}
[2026-02-19 09:24:21] [INFO] Updated product | Context: {"external_id":1474056,"product_id":79112}
[2026-02-19 09:24:21] [INFO] Updated product | Context: {"external_id":1474055,"product_id":79113}
[2026-02-19 09:24:21] [INFO] Updated product | Context: {"external_id":1474054,"product_id":79114}
[2026-02-19 09:24:21] [INFO] Updated product | Context: {"external_id":1474052,"product_id":78598}
[2026-02-19 09:24:21] [INFO] Updated product | Context: {"external_id":1474049,"product_id":79115}
[2026-02-19 09:24:21] [INFO] Updated product | Context: {"external_id":1473312,"product_id":79116}
[2026-02-19 09:24:21] [INFO] Updated product | Context: {"external_id":1473301,"product_id":79117}
[2026-02-19 09:24:21] [INFO] Updated product | Context: {"external_id":1473298,"product_id":78601}
[2026-02-19 09:24:21] [INFO] Updated product | Context: {"external_id":1473068,"product_id":78604}
[2026-02-19 09:24:21] [INFO] Updated product | Context: {"external_id":1473066,"product_id":78605}
[2026-02-19 09:24:21] [INFO] Updated product | Context: {"external_id":1473065,"product_id":79119}
[2026-02-19 09:24:21] [INFO] Updated product | Context: {"external_id":1473062,"product_id":79121}
[2026-02-19 09:24:21] [INFO] Updated product | Context: {"external_id":1473060,"product_id":79123}
[2026-02-19 09:24:21] [INFO] Updated product | Context: {"external_id":1473059,"product_id":79124}
[2026-02-19 09:24:21] [INFO] Updated product | Context: {"external_id":1473048,"product_id":79125}
[2026-02-19 09:24:21] [INFO] Updated product | Context: {"external_id":1473047,"product_id":79126}
[2026-02-19 09:24:21] [INFO] Updated product | Context: {"external_id":1473041,"product_id":79127}
[2026-02-19 09:24:21] [INFO] Updated product | Context: {"external_id":1473040,"product_id":79128}
[2026-02-19 09:24:22] [INFO] Created product | Context: {"external_id":1473039,"product_id":81651}
[2026-02-19 09:24:22] [INFO] Created product | Context: {"external_id":1473038,"product_id":81652}
[2026-02-19 09:24:22] [INFO] Updated product | Context: {"external_id":1473037,"product_id":79129}
[2026-02-19 09:24:22] [INFO] Updated product | Context: {"external_id":1473036,"product_id":79130}
[2026-02-19 09:24:22] [INFO] Updated product | Context: {"external_id":1473033,"product_id":79131}
[2026-02-19 09:24:22] [INFO] Updated product | Context: {"external_id":1473032,"product_id":79132}
[2026-02-19 09:24:22] [INFO] Updated product | Context: {"external_id":1473029,"product_id":79134}
[2026-02-19 09:24:22] [INFO] Updated product | Context: {"external_id":1473027,"product_id":79136}
[2026-02-19 09:24:22] [INFO] Updated product | Context: {"external_id":1473026,"product_id":79137}
[2026-02-19 09:24:22] [INFO] Updated product | Context: {"external_id":1473025,"product_id":79138}
[2026-02-19 09:24:22] [INFO] Updated product | Context: {"external_id":1473022,"product_id":79139}
[2026-02-19 09:24:22] [INFO] Updated product | Context: {"external_id":1473021,"product_id":79140}
[2026-02-19 09:24:22] [INFO] Updated product | Context: {"external_id":1473020,"product_id":78606}
[2026-02-19 09:24:22] [INFO] Updated product | Context: {"external_id":1473016,"product_id":79141}
[2026-02-19 09:24:22] [INFO] Updated product | Context: {"external_id":1473013,"product_id":78187}
[2026-02-19 09:24:22] [INFO] Updated product | Context: {"external_id":1473011,"product_id":79142}
[2026-02-19 09:24:22] [INFO] Updated product | Context: {"external_id":1473010,"product_id":79143}
[2026-02-19 09:24:23] [INFO] Updated product | Context: {"external_id":1473009,"product_id":79144}
[2026-02-19 09:24:23] [INFO] Updated product | Context: {"external_id":1473008,"product_id":79145}
[2026-02-19 09:24:23] [INFO] Batch processed | Context: {"offset":2000,"total":3431}
[2026-02-19 09:24:24] [INFO] Updated product | Context: {"external_id":1473007,"product_id":79146}
[2026-02-19 09:24:24] [INFO] Updated product | Context: {"external_id":1473006,"product_id":79147}
[2026-02-19 09:24:25] [INFO] Updated product | Context: {"external_id":1472987,"product_id":79149}
[2026-02-19 09:24:25] [INFO] Updated product | Context: {"external_id":1472986,"product_id":79150}
[2026-02-19 09:24:25] [INFO] Updated product | Context: {"external_id":1472982,"product_id":79151}
[2026-02-19 09:24:25] [INFO] Updated product | Context: {"external_id":1472980,"product_id":79152}
[2026-02-19 09:24:25] [INFO] Updated product | Context: {"external_id":1472972,"product_id":79153}
[2026-02-19 09:24:25] [INFO] Updated product | Context: {"external_id":1472948,"product_id":78398}
[2026-02-19 09:24:25] [INFO] Updated product | Context: {"external_id":1472946,"product_id":78607}
[2026-02-19 09:24:25] [INFO] Updated product | Context: {"external_id":1472944,"product_id":79155}
[2026-02-19 09:24:25] [INFO] Updated product | Context: {"external_id":1472932,"product_id":78608}
[2026-02-19 09:24:25] [INFO] Updated product | Context: {"external_id":1472931,"product_id":79156}
[2026-02-19 09:24:25] [INFO] Updated product | Context: {"external_id":1472930,"product_id":79157}
[2026-02-19 09:24:25] [INFO] Updated product | Context: {"external_id":1472929,"product_id":79158}
[2026-02-19 09:24:25] [INFO] Updated product | Context: {"external_id":1472928,"product_id":79159}
[2026-02-19 09:24:25] [INFO] Updated product | Context: {"external_id":1472927,"product_id":79160}
[2026-02-19 09:24:25] [INFO] Updated product | Context: {"external_id":1472924,"product_id":79161}
[2026-02-19 09:24:25] [INFO] Created product | Context: {"external_id":1472922,"product_id":81653}
[2026-02-19 09:24:26] [INFO] Created product | Context: {"external_id":1472921,"product_id":81654}
[2026-02-19 09:24:26] [INFO] Updated product | Context: {"external_id":1472855,"product_id":78612}
[2026-02-19 09:24:26] [INFO] Updated product | Context: {"external_id":1472851,"product_id":79164}
[2026-02-19 09:24:26] [INFO] Updated product | Context: {"external_id":1472579,"product_id":79165}
[2026-02-19 09:24:26] [INFO] Updated product | Context: {"external_id":1472319,"product_id":79166}
[2026-02-19 09:24:26] [INFO] Updated product | Context: {"external_id":1472318,"product_id":78613}
[2026-02-19 09:24:26] [INFO] Updated product | Context: {"external_id":1472315,"product_id":78614}
[2026-02-19 09:24:26] [INFO] Updated product | Context: {"external_id":1472311,"product_id":79167}
[2026-02-19 09:24:26] [INFO] Updated product | Context: {"external_id":1472309,"product_id":79168}
[2026-02-19 09:24:26] [INFO] Updated product | Context: {"external_id":1472307,"product_id":78615}
[2026-02-19 09:24:26] [INFO] Updated product | Context: {"external_id":1472304,"product_id":79169}
[2026-02-19 09:24:26] [INFO] Updated product | Context: {"external_id":1472303,"product_id":79170}
[2026-02-19 09:24:26] [INFO] Updated product | Context: {"external_id":1472302,"product_id":79171}
[2026-02-19 09:24:26] [INFO] Updated product | Context: {"external_id":1472300,"product_id":79172}
[2026-02-19 09:24:26] [INFO] Updated product | Context: {"external_id":1472299,"product_id":79173}
[2026-02-19 09:24:26] [INFO] Updated product | Context: {"external_id":1472298,"product_id":79174}
[2026-02-19 09:24:26] [INFO] Updated product | Context: {"external_id":1472297,"product_id":79175}
[2026-02-19 09:24:26] [INFO] Updated product | Context: {"external_id":1472267,"product_id":79177}
[2026-02-19 09:24:27] [INFO] Updated product | Context: {"external_id":1472265,"product_id":79178}
[2026-02-19 09:24:27] [INFO] Updated product | Context: {"external_id":1472264,"product_id":79179}
[2026-02-19 09:24:27] [INFO] Updated product | Context: {"external_id":1472263,"product_id":79180}
[2026-02-19 09:24:27] [INFO] Updated product | Context: {"external_id":1472262,"product_id":79181}
[2026-02-19 09:24:27] [INFO] Updated product | Context: {"external_id":1472261,"product_id":79182}
[2026-02-19 09:24:27] [INFO] Updated product | Context: {"external_id":1472257,"product_id":79183}
[2026-02-19 09:24:27] [INFO] Updated product | Context: {"external_id":1472255,"product_id":79184}
[2026-02-19 09:24:27] [INFO] Updated product | Context: {"external_id":1472254,"product_id":79185}
[2026-02-19 09:24:27] [INFO] Updated product | Context: {"external_id":1472252,"product_id":79186}
[2026-02-19 09:24:27] [INFO] Updated product | Context: {"external_id":1472251,"product_id":79187}
[2026-02-19 09:24:27] [INFO] Updated product | Context: {"external_id":1472250,"product_id":79188}
[2026-02-19 09:24:27] [INFO] Updated product | Context: {"external_id":1472249,"product_id":79189}
[2026-02-19 09:24:27] [INFO] Updated product | Context: {"external_id":1472247,"product_id":79190}
[2026-02-19 09:24:27] [INFO] Updated product | Context: {"external_id":1472246,"product_id":79191}
[2026-02-19 09:24:27] [INFO] Batch processed | Context: {"offset":2050,"total":3431}
[2026-02-19 09:24:28] [INFO] Updated product | Context: {"external_id":1472245,"product_id":79192}
[2026-02-19 09:24:28] [INFO] Updated product | Context: {"external_id":1472243,"product_id":79193}
[2026-02-19 09:24:28] [INFO] Updated product | Context: {"external_id":1472241,"product_id":79194}
[2026-02-19 09:24:28] [INFO] Updated product | Context: {"external_id":1472240,"product_id":79195}
[2026-02-19 09:24:28] [INFO] Updated product | Context: {"external_id":1472237,"product_id":79197}
[2026-02-19 09:24:28] [INFO] Updated product | Context: {"external_id":1472236,"product_id":79198}
[2026-02-19 09:24:28] [INFO] Updated product | Context: {"external_id":1472234,"product_id":79199}
[2026-02-19 09:24:28] [INFO] Updated product | Context: {"external_id":1472233,"product_id":78617}
[2026-02-19 09:24:28] [INFO] Updated product | Context: {"external_id":1472230,"product_id":79201}
[2026-02-19 09:24:28] [INFO] Updated product | Context: {"external_id":1472225,"product_id":79203}
[2026-02-19 09:24:28] [INFO] Updated product | Context: {"external_id":1472224,"product_id":79204}
[2026-02-19 09:24:29] [INFO] Updated product | Context: {"external_id":1472221,"product_id":79206}
[2026-02-19 09:24:29] [INFO] Updated product | Context: {"external_id":1472218,"product_id":79207}
[2026-02-19 09:24:29] [INFO] Updated product | Context: {"external_id":1472213,"product_id":79210}
[2026-02-19 09:24:29] [INFO] Updated product | Context: {"external_id":1472212,"product_id":79211}
[2026-02-19 09:24:29] [INFO] Updated product | Context: {"external_id":1472209,"product_id":79212}
[2026-02-19 09:24:29] [INFO] Updated product | Context: {"external_id":1472208,"product_id":79213}
[2026-02-19 09:24:29] [INFO] Updated product | Context: {"external_id":1472206,"product_id":79215}
[2026-02-19 09:24:29] [INFO] Updated product | Context: {"external_id":1472196,"product_id":79216}
[2026-02-19 09:24:29] [INFO] Updated product | Context: {"external_id":1472195,"product_id":79217}
[2026-02-19 09:24:29] [INFO] Updated product | Context: {"external_id":1472191,"product_id":79218}
[2026-02-19 09:24:29] [INFO] Updated product | Context: {"external_id":1472190,"product_id":79219}
[2026-02-19 09:24:29] [INFO] Updated product | Context: {"external_id":1472188,"product_id":79221}
[2026-02-19 09:24:29] [INFO] Updated product | Context: {"external_id":1472187,"product_id":79222}
[2026-02-19 09:24:29] [INFO] Updated product | Context: {"external_id":1472165,"product_id":79224}
[2026-02-19 09:24:29] [INFO] Updated product | Context: {"external_id":1472164,"product_id":79225}
[2026-02-19 09:24:29] [INFO] Updated product | Context: {"external_id":1472163,"product_id":79226}
[2026-02-19 09:24:29] [INFO] Updated product | Context: {"external_id":1472154,"product_id":79227}
[2026-02-19 09:24:29] [INFO] Created product | Context: {"external_id":1472152,"product_id":81655}
[2026-02-19 09:24:30] [INFO] Created product | Context: {"external_id":1472150,"product_id":81656}
[2026-02-19 09:24:30] [INFO] Created product | Context: {"external_id":1472149,"product_id":81657}
[2026-02-19 09:24:30] [INFO] Created product | Context: {"external_id":1472148,"product_id":81658}
[2026-02-19 09:24:30] [INFO] Created product | Context: {"external_id":1472145,"product_id":81659}
[2026-02-19 09:24:31] [INFO] Created product | Context: {"external_id":1472144,"product_id":81660}
[2026-02-19 09:24:31] [INFO] Created product | Context: {"external_id":1472143,"product_id":81661}
[2026-02-19 09:24:31] [INFO] Created product | Context: {"external_id":1472141,"product_id":81662}
[2026-02-19 09:24:31] [INFO] Created product | Context: {"external_id":1472140,"product_id":81663}
[2026-02-19 09:24:31] [INFO] Created product | Context: {"external_id":1472138,"product_id":81664}
[2026-02-19 09:24:31] [INFO] Updated product | Context: {"external_id":1472127,"product_id":79228}
[2026-02-19 09:24:32] [INFO] Updated product | Context: {"external_id":1472125,"product_id":78622}
[2026-02-19 09:24:32] [INFO] Updated product | Context: {"external_id":1472124,"product_id":78623}
[2026-02-19 09:24:32] [INFO] Updated product | Context: {"external_id":1472101,"product_id":78625}
[2026-02-19 09:24:32] [INFO] Updated product | Context: {"external_id":1472099,"product_id":79229}
[2026-02-19 09:24:32] [INFO] Created product | Context: {"external_id":1472093,"product_id":81665}
[2026-02-19 09:24:32] [INFO] Updated product | Context: {"external_id":1472059,"product_id":78404}
[2026-02-19 09:24:32] [INFO] Created product | Context: {"external_id":1472038,"product_id":81666}
[2026-02-19 09:24:32] [INFO] Created product | Context: {"external_id":1472037,"product_id":81667}
[2026-02-19 09:24:32] [INFO] Updated product | Context: {"external_id":1472035,"product_id":79231}
[2026-02-19 09:24:33] [INFO] Updated product | Context: {"external_id":1472033,"product_id":79232}
[2026-02-19 09:24:33] [INFO] Updated product | Context: {"external_id":1472030,"product_id":79234}
[2026-02-19 09:24:33] [INFO] Batch processed | Context: {"offset":2100,"total":3431}
[2026-02-19 09:24:33] [INFO] Updated product | Context: {"external_id":1472011,"product_id":78405}
[2026-02-19 09:24:33] [INFO] Updated product | Context: {"external_id":1471993,"product_id":79235}
[2026-02-19 09:24:34] [INFO] Updated product | Context: {"external_id":1471346,"product_id":79236}
[2026-02-19 09:24:34] [INFO] Updated product | Context: {"external_id":1471344,"product_id":79237}
[2026-02-19 09:24:34] [INFO] Updated product | Context: {"external_id":1471343,"product_id":79238}
[2026-02-19 09:24:34] [INFO] Updated product | Context: {"external_id":1471339,"product_id":79239}
[2026-02-19 09:24:34] [INFO] Created product | Context: {"external_id":1471225,"product_id":81668}
[2026-02-19 09:24:34] [INFO] Updated product | Context: {"external_id":1470730,"product_id":78631}
[2026-02-19 09:24:34] [INFO] Updated product | Context: {"external_id":1470727,"product_id":78632}
[2026-02-19 09:24:34] [INFO] Updated product | Context: {"external_id":1470725,"product_id":79240}
[2026-02-19 09:24:34] [INFO] Updated product | Context: {"external_id":1470724,"product_id":78409}
[2026-02-19 09:24:34] [INFO] Updated product | Context: {"external_id":1470723,"product_id":78289}
[2026-02-19 09:24:34] [INFO] Updated product | Context: {"external_id":1470722,"product_id":78633}
[2026-02-19 09:24:34] [INFO] Updated product | Context: {"external_id":1470599,"product_id":79242}
[2026-02-19 09:24:34] [INFO] Updated product | Context: {"external_id":1470598,"product_id":79243}
[2026-02-19 09:24:34] [INFO] Updated product | Context: {"external_id":1470597,"product_id":79244}
[2026-02-19 09:24:34] [INFO] Updated product | Context: {"external_id":1470596,"product_id":79245}
[2026-02-19 09:24:34] [INFO] Updated product | Context: {"external_id":1470595,"product_id":79246}
[2026-02-19 09:24:34] [INFO] Updated product | Context: {"external_id":1470594,"product_id":79247}
[2026-02-19 09:24:34] [INFO] Updated product | Context: {"external_id":1470593,"product_id":79248}
[2026-02-19 09:24:34] [INFO] Updated product | Context: {"external_id":1470592,"product_id":79249}
[2026-02-19 09:24:34] [INFO] Updated product | Context: {"external_id":1470591,"product_id":79250}
[2026-02-19 09:24:35] [INFO] Updated product | Context: {"external_id":1470590,"product_id":78636}
[2026-02-19 09:24:35] [INFO] Updated product | Context: {"external_id":1470589,"product_id":79251}
[2026-02-19 09:24:35] [INFO] Updated product | Context: {"external_id":1470578,"product_id":79252}
[2026-02-19 09:24:35] [INFO] Updated product | Context: {"external_id":1470577,"product_id":79253}
[2026-02-19 09:24:35] [INFO] Updated product | Context: {"external_id":1470576,"product_id":79254}
[2026-02-19 09:24:35] [INFO] Updated product | Context: {"external_id":1470575,"product_id":79255}
[2026-02-19 09:24:35] [INFO] Updated product | Context: {"external_id":1470555,"product_id":78291}
[2026-02-19 09:24:35] [INFO] Updated product | Context: {"external_id":1455678,"product_id":79256}
[2026-02-19 09:24:35] [INFO] Updated product | Context: {"external_id":1455675,"product_id":79257}
[2026-02-19 09:24:35] [INFO] Updated product | Context: {"external_id":1455672,"product_id":79258}
[2026-02-19 09:24:35] [INFO] Created product | Context: {"external_id":1455660,"product_id":81669}
[2026-02-19 09:24:35] [INFO] Updated product | Context: {"external_id":1455514,"product_id":79259}
[2026-02-19 09:24:35] [INFO] Updated product | Context: {"external_id":1455507,"product_id":79260}
[2026-02-19 09:24:35] [INFO] Updated product | Context: {"external_id":1455501,"product_id":79263}
[2026-02-19 09:24:35] [INFO] Updated product | Context: {"external_id":1455500,"product_id":79264}
[2026-02-19 09:24:35] [INFO] Updated product | Context: {"external_id":1455490,"product_id":78641}
[2026-02-19 09:24:35] [INFO] Updated product | Context: {"external_id":1455488,"product_id":79265}
[2026-02-19 09:24:35] [INFO] Updated product | Context: {"external_id":1455487,"product_id":79266}
[2026-02-19 09:24:35] [INFO] Updated product | Context: {"external_id":1455456,"product_id":79270}
[2026-02-19 09:24:36] [INFO] Updated product | Context: {"external_id":1455455,"product_id":79271}
[2026-02-19 09:24:36] [INFO] Updated product | Context: {"external_id":1455453,"product_id":79272}
[2026-02-19 09:24:36] [INFO] Updated product | Context: {"external_id":1455446,"product_id":79273}
[2026-02-19 09:24:36] [INFO] Updated product | Context: {"external_id":1454836,"product_id":79278}
[2026-02-19 09:24:36] [INFO] Downloaded product image | Context: {"product_id":81670,"attachment_id":81671,"filename":"product-image-81670-6996d6d4b2bcc.jpg"}
[2026-02-19 09:24:37] [INFO] Downloaded product image | Context: {"product_id":81670,"attachment_id":81672,"filename":"product-image-81670-6996d6d53f532.jpg"}
[2026-02-19 09:24:37] [INFO] Downloaded product image | Context: {"product_id":81670,"attachment_id":81673,"filename":"product-image-81670-6996d6d5b885d.jpg"}
[2026-02-19 09:24:38] [INFO] Downloaded product image | Context: {"product_id":81670,"attachment_id":81674,"filename":"product-image-81670-6996d6d63f832.jpg"}
[2026-02-19 09:24:38] [INFO] Downloaded product image | Context: {"product_id":81670,"attachment_id":81675,"filename":"product-image-81670-6996d6d6b7686.jpg"}
[2026-02-19 09:24:38] [INFO] Created product | Context: {"external_id":1454824,"product_id":81670}
[2026-02-19 09:24:39] [INFO] Created product | Context: {"external_id":1454815,"product_id":81676}
[2026-02-19 09:24:39] [INFO] Created product | Context: {"external_id":1454814,"product_id":81677}
[2026-02-19 09:24:39] [INFO] Created product | Context: {"external_id":1454813,"product_id":81678}
[2026-02-19 09:24:39] [INFO] Created product | Context: {"external_id":1454812,"product_id":81679}
[2026-02-19 09:24:39] [INFO] Batch processed | Context: {"offset":2150,"total":3431}
[2026-02-19 09:24:41] [INFO] Created product | Context: {"external_id":1454811,"product_id":81680}
[2026-02-19 09:24:42] [INFO] Created product | Context: {"external_id":1454810,"product_id":81681}
[2026-02-19 09:24:42] [INFO] Created product | Context: {"external_id":1454809,"product_id":81682}
[2026-02-19 09:24:42] [INFO] Created product | Context: {"external_id":1454808,"product_id":81683}
[2026-02-19 09:24:42] [INFO] Created product | Context: {"external_id":1454807,"product_id":81684}
[2026-02-19 09:24:42] [INFO] Updated product | Context: {"external_id":1454806,"product_id":79279}
[2026-02-19 09:24:43] [INFO] Created product | Context: {"external_id":1454789,"product_id":81685}
[2026-02-19 09:24:43] [INFO] Created product | Context: {"external_id":1454786,"product_id":81686}
[2026-02-19 09:24:43] [INFO] Created product | Context: {"external_id":1454785,"product_id":81687}
[2026-02-19 09:24:43] [INFO] Updated product | Context: {"external_id":1454783,"product_id":79281}
[2026-02-19 09:24:43] [INFO] Updated product | Context: {"external_id":1454782,"product_id":79282}
[2026-02-19 09:24:43] [INFO] Updated product | Context: {"external_id":1454781,"product_id":79283}
[2026-02-19 09:24:43] [INFO] Updated product | Context: {"external_id":1454780,"product_id":79284}
[2026-02-19 09:24:43] [INFO] Updated product | Context: {"external_id":1454778,"product_id":79286}
[2026-02-19 09:24:43] [INFO] Updated product | Context: {"external_id":1454777,"product_id":79287}
[2026-02-19 09:24:43] [INFO] Updated product | Context: {"external_id":1454774,"product_id":78645}
[2026-02-19 09:24:43] [INFO] Updated product | Context: {"external_id":1454773,"product_id":78646}
[2026-02-19 09:24:43] [INFO] Updated product | Context: {"external_id":1454772,"product_id":79289}
[2026-02-19 09:24:43] [INFO] Updated product | Context: {"external_id":1454771,"product_id":78647}
[2026-02-19 09:24:44] [INFO] Updated product | Context: {"external_id":1454769,"product_id":79291}
[2026-02-19 09:24:44] [INFO] Updated product | Context: {"external_id":1454768,"product_id":79292}
[2026-02-19 09:24:44] [INFO] Updated product | Context: {"external_id":1454767,"product_id":79293}
[2026-02-19 09:24:44] [INFO] Updated product | Context: {"external_id":1454765,"product_id":78417}
[2026-02-19 09:24:44] [INFO] Updated product | Context: {"external_id":1454759,"product_id":79295}
[2026-02-19 09:24:44] [INFO] Updated product | Context: {"external_id":1454756,"product_id":79297}
[2026-02-19 09:24:44] [INFO] Updated product | Context: {"external_id":1454753,"product_id":79298}
[2026-02-19 09:24:44] [INFO] Updated product | Context: {"external_id":1454750,"product_id":79301}
[2026-02-19 09:24:44] [INFO] Updated product | Context: {"external_id":1454749,"product_id":79302}
[2026-02-19 09:24:44] [INFO] Updated product | Context: {"external_id":1454748,"product_id":79303}
[2026-02-19 09:24:44] [INFO] Updated product | Context: {"external_id":1454747,"product_id":79304}
[2026-02-19 09:24:44] [INFO] Updated product | Context: {"external_id":1454746,"product_id":79305}
[2026-02-19 09:24:44] [INFO] Updated product | Context: {"external_id":1454735,"product_id":79306}
[2026-02-19 09:24:44] [INFO] Updated product | Context: {"external_id":1454734,"product_id":79307}
[2026-02-19 09:24:44] [INFO] Updated product | Context: {"external_id":1454710,"product_id":78655}
[2026-02-19 09:24:44] [INFO] Updated product | Context: {"external_id":1454708,"product_id":78420}
[2026-02-19 09:24:44] [INFO] Updated product | Context: {"external_id":1454707,"product_id":78656}
[2026-02-19 09:24:44] [INFO] Updated product | Context: {"external_id":1454703,"product_id":79310}
[2026-02-19 09:24:44] [INFO] Updated product | Context: {"external_id":1454698,"product_id":79315}
[2026-02-19 09:24:44] [INFO] Updated product | Context: {"external_id":1454697,"product_id":79316}
[2026-02-19 09:24:44] [INFO] Updated product | Context: {"external_id":1454672,"product_id":79318}
[2026-02-19 09:24:45] [INFO] Downloaded product image | Context: {"product_id":81688,"attachment_id":81689,"filename":"product-image-81688-6996d6dd6a072.jpg"}
[2026-02-19 09:24:46] [INFO] Downloaded product image | Context: {"product_id":81688,"attachment_id":81690,"filename":"product-image-81688-6996d6dde7af1.jpg"}
[2026-02-19 09:24:46] [INFO] Downloaded product image | Context: {"product_id":81688,"attachment_id":81691,"filename":"product-image-81688-6996d6de5b311.jpg"}
[2026-02-19 09:24:47] [INFO] Downloaded product image | Context: {"product_id":81688,"attachment_id":81692,"filename":"product-image-81688-6996d6ded6148.jpg"}
[2026-02-19 09:24:47] [INFO] Created product | Context: {"external_id":1454662,"product_id":81688}
[2026-02-19 09:24:47] [INFO] Created product | Context: {"external_id":1454661,"product_id":81693}
[2026-02-19 09:24:47] [INFO] Created product | Context: {"external_id":1454660,"product_id":81694}
[2026-02-19 09:24:47] [INFO] Created product | Context: {"external_id":1454659,"product_id":81695}
[2026-02-19 09:24:48] [INFO] Downloaded product image | Context: {"product_id":81696,"attachment_id":81697,"filename":"product-image-81696-6996d6e04b402.jpg"}
[2026-02-19 09:24:48] [INFO] Downloaded product image | Context: {"product_id":81696,"attachment_id":81698,"filename":"product-image-81696-6996d6e0c1ab4.jpg"}
[2026-02-19 09:24:49] [INFO] Downloaded product image | Context: {"product_id":81696,"attachment_id":81699,"filename":"product-image-81696-6996d6e14772b.jpg"}
[2026-02-19 09:24:49] [INFO] Downloaded product image | Context: {"product_id":81696,"attachment_id":81700,"filename":"product-image-81696-6996d6e1b11f1.jpg"}
[2026-02-19 09:24:49] [INFO] Created product | Context: {"external_id":1454658,"product_id":81696}
[2026-02-19 09:24:50] [INFO] Created product | Context: {"external_id":1454657,"product_id":81701}
[2026-02-19 09:24:50] [INFO] Created product | Context: {"external_id":1454656,"product_id":81702}
[2026-02-19 09:24:50] [INFO] Updated product | Context: {"external_id":1454635,"product_id":78660}
[2026-02-19 09:24:50] [INFO] Updated product | Context: {"external_id":1418258,"product_id":79327}
[2026-02-19 09:24:50] [INFO] Updated product | Context: {"external_id":1418257,"product_id":79328}
[2026-02-19 09:24:50] [INFO] Batch processed | Context: {"offset":2200,"total":3431}
[2026-02-19 09:24:51] [INFO] Updated product | Context: {"external_id":1418255,"product_id":79329}
[2026-02-19 09:24:51] [INFO] Updated product | Context: {"external_id":1418254,"product_id":79330}
[2026-02-19 09:24:51] [INFO] Updated product | Context: {"external_id":1418109,"product_id":78661}
[2026-02-19 09:24:51] [INFO] Updated product | Context: {"external_id":1418108,"product_id":79331}
[2026-02-19 09:24:51] [INFO] Updated product | Context: {"external_id":1418106,"product_id":79332}
[2026-02-19 09:24:51] [INFO] Updated product | Context: {"external_id":1418105,"product_id":78662}
[2026-02-19 09:24:51] [INFO] Updated product | Context: {"external_id":1418104,"product_id":79333}
[2026-02-19 09:24:51] [INFO] Updated product | Context: {"external_id":1418102,"product_id":78298}
[2026-02-19 09:24:51] [INFO] Updated product | Context: {"external_id":1418100,"product_id":79335}
[2026-02-19 09:24:51] [INFO] Updated product | Context: {"external_id":1418099,"product_id":79336}
[2026-02-19 09:24:51] [INFO] Updated product | Context: {"external_id":1418098,"product_id":79337}
[2026-02-19 09:24:51] [INFO] Updated product | Context: {"external_id":1418097,"product_id":79338}
[2026-02-19 09:24:51] [INFO] Updated product | Context: {"external_id":1418080,"product_id":79339}
[2026-02-19 09:24:51] [INFO] Updated product | Context: {"external_id":1418079,"product_id":79340}
[2026-02-19 09:24:52] [INFO] Updated product | Context: {"external_id":1418078,"product_id":79341}
[2026-02-19 09:24:52] [INFO] Updated product | Context: {"external_id":1418075,"product_id":79342}
[2026-02-19 09:24:52] [INFO] Updated product | Context: {"external_id":1417833,"product_id":79343}
[2026-02-19 09:24:52] [INFO] Updated product | Context: {"external_id":1417832,"product_id":78666}
[2026-02-19 09:24:52] [INFO] Updated product | Context: {"external_id":1417455,"product_id":79344}
[2026-02-19 09:24:52] [INFO] Updated product | Context: {"external_id":1417447,"product_id":79346}
[2026-02-19 09:24:52] [INFO] Created product | Context: {"external_id":1417445,"product_id":81703}
[2026-02-19 09:24:52] [INFO] Created product | Context: {"external_id":1417444,"product_id":81704}
[2026-02-19 09:24:52] [INFO] Created product | Context: {"external_id":1417443,"product_id":81705}
[2026-02-19 09:24:53] [INFO] Created product | Context: {"external_id":1417442,"product_id":81706}
[2026-02-19 09:24:53] [INFO] Downloaded product image | Context: {"product_id":79347,"attachment_id":81707,"filename":"product-image-79347-6996d6e58d538.jpg"}
[2026-02-19 09:24:54] [INFO] Downloaded product image | Context: {"product_id":79347,"attachment_id":81708,"filename":"product-image-79347-6996d6e607652.jpg"}
[2026-02-19 09:24:54] [INFO] Downloaded product image | Context: {"product_id":79347,"attachment_id":81709,"filename":"product-image-79347-6996d6e67c3aa.jpg"}
[2026-02-19 09:24:55] [INFO] Downloaded product image | Context: {"product_id":79347,"attachment_id":81710,"filename":"product-image-79347-6996d6e6e1f9d.jpg"}
[2026-02-19 09:24:55] [INFO] Updated product | Context: {"external_id":1417441,"product_id":79347}
[2026-02-19 09:24:55] [INFO] Updated product | Context: {"external_id":1417440,"product_id":79348}
[2026-02-19 09:24:55] [INFO] Updated product | Context: {"external_id":1417439,"product_id":79349}
[2026-02-19 09:24:55] [INFO] Updated product | Context: {"external_id":1417438,"product_id":79350}
[2026-02-19 09:24:55] [INFO] Updated product | Context: {"external_id":1417432,"product_id":79351}
[2026-02-19 09:24:55] [INFO] Updated product | Context: {"external_id":1417431,"product_id":79352}
[2026-02-19 09:24:55] [INFO] Updated product | Context: {"external_id":1417429,"product_id":79353}
[2026-02-19 09:24:55] [INFO] Updated product | Context: {"external_id":1417425,"product_id":79356}
[2026-02-19 09:24:55] [INFO] Updated product | Context: {"external_id":1417424,"product_id":79357}
[2026-02-19 09:24:55] [INFO] Updated product | Context: {"external_id":1416782,"product_id":79365}
[2026-02-19 09:24:55] [INFO] Updated product | Context: {"external_id":1416781,"product_id":78671}
[2026-02-19 09:24:55] [INFO] Updated product | Context: {"external_id":1416780,"product_id":78672}
[2026-02-19 09:24:55] [INFO] Updated product | Context: {"external_id":1416779,"product_id":79366}
[2026-02-19 09:24:55] [INFO] Updated product | Context: {"external_id":1416777,"product_id":79367}
[2026-02-19 09:24:55] [INFO] Updated product | Context: {"external_id":1416776,"product_id":79368}
[2026-02-19 09:24:55] [INFO] Updated product | Context: {"external_id":1416775,"product_id":78208}
[2026-02-19 09:24:55] [INFO] Updated product | Context: {"external_id":1416763,"product_id":79369}
[2026-02-19 09:24:55] [INFO] Updated product | Context: {"external_id":1416761,"product_id":79371}
[2026-02-19 09:24:55] [INFO] Updated product | Context: {"external_id":1416759,"product_id":79372}
[2026-02-19 09:24:55] [INFO] Updated product | Context: {"external_id":1416756,"product_id":79374}
[2026-02-19 09:24:56] [INFO] Updated product | Context: {"external_id":1416755,"product_id":79375}
[2026-02-19 09:24:56] [INFO] Updated product | Context: {"external_id":1416753,"product_id":79376}
[2026-02-19 09:24:56] [INFO] Updated product | Context: {"external_id":1416752,"product_id":79377}
[2026-02-19 09:24:56] [INFO] Updated product | Context: {"external_id":1416751,"product_id":79378}
[2026-02-19 09:24:56] [INFO] Updated product | Context: {"external_id":1416750,"product_id":79379}
[2026-02-19 09:24:56] [INFO] Updated product | Context: {"external_id":1416749,"product_id":79380}
[2026-02-19 09:24:56] [INFO] Batch processed | Context: {"offset":2250,"total":3431}
[2026-02-19 09:24:57] [INFO] Updated product | Context: {"external_id":1416748,"product_id":78675}
[2026-02-19 09:24:57] [INFO] Updated product | Context: {"external_id":1416747,"product_id":78676}
[2026-02-19 09:24:57] [INFO] Updated product | Context: {"external_id":1416746,"product_id":79381}
[2026-02-19 09:24:57] [INFO] Updated product | Context: {"external_id":1416745,"product_id":79382}
[2026-02-19 09:24:57] [INFO] Updated product | Context: {"external_id":1416744,"product_id":78677}
[2026-02-19 09:24:57] [INFO] Updated product | Context: {"external_id":1416743,"product_id":79383}
[2026-02-19 09:24:57] [INFO] Updated product | Context: {"external_id":1416741,"product_id":79384}
[2026-02-19 09:24:57] [INFO] Updated product | Context: {"external_id":1416732,"product_id":79385}
[2026-02-19 09:24:57] [INFO] Updated product | Context: {"external_id":1416723,"product_id":79386}
[2026-02-19 09:24:58] [INFO] Downloaded product image | Context: {"product_id":78429,"attachment_id":81711,"filename":"product-image-78429-6996d6e9ea2a8.jpg"}
[2026-02-19 09:24:58] [INFO] Downloaded product image | Context: {"product_id":78429,"attachment_id":81712,"filename":"product-image-78429-6996d6ea72ce7.jpg"}
[2026-02-19 09:24:59] [INFO] Downloaded product image | Context: {"product_id":78429,"attachment_id":81713,"filename":"product-image-78429-6996d6eae8286.jpg"}
[2026-02-19 09:24:59] [INFO] Downloaded product image | Context: {"product_id":78429,"attachment_id":81714,"filename":"product-image-78429-6996d6eb63b6b.jpg"}
[2026-02-19 09:24:59] [INFO] Updated product | Context: {"external_id":1416692,"product_id":78429}
[2026-02-19 09:24:59] [INFO] Updated product | Context: {"external_id":1373205,"product_id":78678}
[2026-02-19 09:24:59] [INFO] Updated product | Context: {"external_id":1373202,"product_id":79387}
[2026-02-19 09:24:59] [INFO] Updated product | Context: {"external_id":1373188,"product_id":79388}
[2026-02-19 09:24:59] [INFO] Updated product | Context: {"external_id":1371748,"product_id":79389}
[2026-02-19 09:24:59] [INFO] Updated product | Context: {"external_id":1371747,"product_id":79390}
[2026-02-19 09:24:59] [INFO] Updated product | Context: {"external_id":1371746,"product_id":79391}
[2026-02-19 09:24:59] [INFO] Updated product | Context: {"external_id":1371745,"product_id":79392}
[2026-02-19 09:24:59] [INFO] Updated product | Context: {"external_id":1371744,"product_id":79393}
[2026-02-19 09:25:00] [INFO] Updated product | Context: {"external_id":1371743,"product_id":79394}
[2026-02-19 09:25:00] [INFO] Updated product | Context: {"external_id":1371742,"product_id":79395}
[2026-02-19 09:25:00] [INFO] Updated product | Context: {"external_id":1371741,"product_id":79396}
[2026-02-19 09:25:00] [INFO] Updated product | Context: {"external_id":1371740,"product_id":79397}
[2026-02-19 09:25:00] [INFO] Updated product | Context: {"external_id":1371739,"product_id":79398}
[2026-02-19 09:25:00] [INFO] Updated product | Context: {"external_id":1371704,"product_id":79399}
[2026-02-19 09:25:00] [INFO] Updated product | Context: {"external_id":1371701,"product_id":79401}
[2026-02-19 09:25:00] [INFO] Updated product | Context: {"external_id":1371700,"product_id":79402}
[2026-02-19 09:25:00] [INFO] Updated product | Context: {"external_id":1371696,"product_id":79404}
[2026-02-19 09:25:00] [INFO] Updated product | Context: {"external_id":1371661,"product_id":78684}
[2026-02-19 09:25:00] [INFO] Updated product | Context: {"external_id":1371660,"product_id":79406}
[2026-02-19 09:25:00] [INFO] Updated product | Context: {"external_id":1371659,"product_id":79407}
[2026-02-19 09:25:00] [INFO] Updated product | Context: {"external_id":1371658,"product_id":78685}
[2026-02-19 09:25:00] [INFO] Updated product | Context: {"external_id":1371657,"product_id":79408}
[2026-02-19 09:25:00] [INFO] Updated product | Context: {"external_id":1371656,"product_id":79409}
[2026-02-19 09:25:00] [INFO] Updated product | Context: {"external_id":1371411,"product_id":79410}
[2026-02-19 09:25:00] [INFO] Updated product | Context: {"external_id":1371409,"product_id":79412}
[2026-02-19 09:25:01] [INFO] Updated product | Context: {"external_id":1371408,"product_id":79413}
[2026-02-19 09:25:01] [INFO] Updated product | Context: {"external_id":1371039,"product_id":78432}
[2026-02-19 09:25:01] [INFO] Updated product | Context: {"external_id":1371029,"product_id":79415}
[2026-02-19 09:25:01] [INFO] Updated product | Context: {"external_id":1371026,"product_id":79416}
[2026-02-19 09:25:01] [INFO] Updated product | Context: {"external_id":1370586,"product_id":79417}
[2026-02-19 09:25:01] [INFO] Updated product | Context: {"external_id":1370584,"product_id":79418}
[2026-02-19 09:25:01] [INFO] Updated product | Context: {"external_id":1370583,"product_id":79419}
[2026-02-19 09:25:01] [INFO] Updated product | Context: {"external_id":1370582,"product_id":79420}
[2026-02-19 09:25:02] [INFO] Updated product | Context: {"external_id":1370580,"product_id":79421}
[2026-02-19 09:25:02] [INFO] Downloaded product image | Context: {"product_id":79422,"attachment_id":81715,"filename":"product-image-79422-6996d6ee75c67.jpg"}
[2026-02-19 09:25:02] [INFO] Updated product | Context: {"external_id":1369284,"product_id":79422}
[2026-02-19 09:25:03] [INFO] Downloaded product image | Context: {"product_id":79423,"attachment_id":81716,"filename":"product-image-79423-6996d6eef0934.jpg"}
[2026-02-19 09:25:03] [INFO] Updated product | Context: {"external_id":1369278,"product_id":79423}
[2026-02-19 09:25:03] [INFO] Updated product | Context: {"external_id":1369013,"product_id":79424}
[2026-02-19 09:25:03] [INFO] Updated product | Context: {"external_id":1369012,"product_id":79425}
[2026-02-19 09:25:03] [INFO] Updated product | Context: {"external_id":1369011,"product_id":79426}
[2026-02-19 09:25:03] [INFO] Updated product | Context: {"external_id":1369010,"product_id":79427}
[2026-02-19 09:25:03] [INFO] Batch processed | Context: {"offset":2300,"total":3431}
[2026-02-19 09:25:04] [INFO] Updated product | Context: {"external_id":1369009,"product_id":79428}
[2026-02-19 09:25:04] [INFO] Updated product | Context: {"external_id":1369008,"product_id":79429}
[2026-02-19 09:25:04] [INFO] Updated product | Context: {"external_id":1369007,"product_id":79430}
[2026-02-19 09:25:04] [INFO] Updated product | Context: {"external_id":1368631,"product_id":79432}
[2026-02-19 09:25:04] [INFO] Updated product | Context: {"external_id":1368630,"product_id":79433}
[2026-02-19 09:25:04] [INFO] Updated product | Context: {"external_id":1368629,"product_id":79434}
[2026-02-19 09:25:04] [INFO] Updated product | Context: {"external_id":1368628,"product_id":79435}
[2026-02-19 09:25:04] [INFO] Updated product | Context: {"external_id":1368627,"product_id":78687}
[2026-02-19 09:25:04] [INFO] Updated product | Context: {"external_id":1368626,"product_id":79436}
[2026-02-19 09:25:04] [INFO] Updated product | Context: {"external_id":1368625,"product_id":79437}
[2026-02-19 09:25:04] [INFO] Updated product | Context: {"external_id":1368624,"product_id":78434}
[2026-02-19 09:25:04] [INFO] Updated product | Context: {"external_id":1368620,"product_id":79438}
[2026-02-19 09:25:04] [INFO] Updated product | Context: {"external_id":1368610,"product_id":79440}
[2026-02-19 09:25:04] [INFO] Updated product | Context: {"external_id":1368609,"product_id":79441}
[2026-02-19 09:25:05] [INFO] Updated product | Context: {"external_id":1368608,"product_id":79442}
[2026-02-19 09:25:05] [INFO] Updated product | Context: {"external_id":1368607,"product_id":79443}
[2026-02-19 09:25:05] [INFO] Updated product | Context: {"external_id":1367003,"product_id":78437}
[2026-02-19 09:25:05] [INFO] Updated product | Context: {"external_id":1366998,"product_id":79444}
[2026-02-19 09:25:05] [INFO] Updated product | Context: {"external_id":1366997,"product_id":78689}
[2026-02-19 09:25:05] [INFO] Updated product | Context: {"external_id":1366995,"product_id":79445}
[2026-02-19 09:25:05] [INFO] Updated product | Context: {"external_id":1366573,"product_id":78691}
[2026-02-19 09:25:05] [INFO] Updated product | Context: {"external_id":1366569,"product_id":78693}
[2026-02-19 09:25:05] [INFO] Updated product | Context: {"external_id":1366550,"product_id":78694}
[2026-02-19 09:25:05] [INFO] Updated product | Context: {"external_id":1366549,"product_id":79447}
[2026-02-19 09:25:05] [INFO] Updated product | Context: {"external_id":1366547,"product_id":79449}
[2026-02-19 09:25:05] [INFO] Updated product | Context: {"external_id":1366545,"product_id":79451}
[2026-02-19 09:25:05] [INFO] Updated product | Context: {"external_id":1366544,"product_id":78439}
[2026-02-19 09:25:05] [INFO] Updated product | Context: {"external_id":1366542,"product_id":78695}
[2026-02-19 09:25:05] [INFO] Updated product | Context: {"external_id":1366541,"product_id":79452}
[2026-02-19 09:25:05] [INFO] Updated product | Context: {"external_id":1366539,"product_id":78441}
[2026-02-19 09:25:05] [INFO] Updated product | Context: {"external_id":1366538,"product_id":78696}
[2026-02-19 09:25:06] [INFO] Created product | Context: {"external_id":1366536,"product_id":81717}
[2026-02-19 09:25:06] [INFO] Created product | Context: {"external_id":1366535,"product_id":81718}
[2026-02-19 09:25:06] [INFO] Created product | Context: {"external_id":1366534,"product_id":81719}
[2026-02-19 09:25:07] [INFO] Downloaded product image | Context: {"product_id":81720,"attachment_id":81721,"filename":"product-image-81720-6996d6f32a35b.jpg"}
[2026-02-19 09:25:07] [INFO] Created product | Context: {"external_id":1366524,"product_id":81720}
[2026-02-19 09:25:07] [INFO] Created product | Context: {"external_id":1366523,"product_id":81722}
[2026-02-19 09:25:07] [INFO] Created product | Context: {"external_id":1366522,"product_id":81723}
[2026-02-19 09:25:08] [INFO] Created product | Context: {"external_id":1366521,"product_id":81724}
[2026-02-19 09:25:08] [INFO] Created product | Context: {"external_id":1366520,"product_id":81725}
[2026-02-19 09:25:08] [INFO] Created product | Context: {"external_id":1366519,"product_id":81726}
[2026-02-19 09:25:08] [INFO] Created product | Context: {"external_id":1366518,"product_id":81727}
[2026-02-19 09:25:08] [INFO] Created product | Context: {"external_id":1366517,"product_id":81728}
[2026-02-19 09:25:09] [INFO] Created product | Context: {"external_id":1366516,"product_id":81729}
[2026-02-19 09:25:09] [INFO] Updated product | Context: {"external_id":1366500,"product_id":79455}
[2026-02-19 09:25:09] [INFO] Created product | Context: {"external_id":1366114,"product_id":81730}
[2026-02-19 09:25:09] [INFO] Updated product | Context: {"external_id":1366113,"product_id":79457}
[2026-02-19 09:25:09] [INFO] Created product | Context: {"external_id":1366112,"product_id":81731}
[2026-02-19 09:25:09] [INFO] Updated product | Context: {"external_id":1366111,"product_id":78697}
[2026-02-19 09:25:09] [INFO] Created product | Context: {"external_id":1366073,"product_id":81732}
[2026-02-19 09:25:09] [INFO] Updated product | Context: {"external_id":1366072,"product_id":78699}
[2026-02-19 09:25:09] [INFO] Batch processed | Context: {"offset":2350,"total":3431}
[2026-02-19 09:25:10] [INFO] Created product | Context: {"external_id":1366050,"product_id":81733}
[2026-02-19 09:25:10] [INFO] Updated product | Context: {"external_id":1366039,"product_id":79458}
[2026-02-19 09:25:10] [INFO] Updated product | Context: {"external_id":1366037,"product_id":78444}
[2026-02-19 09:25:11] [INFO] Updated product | Context: {"external_id":1366031,"product_id":79459}
[2026-02-19 09:25:11] [INFO] Updated product | Context: {"external_id":1366029,"product_id":79460}
[2026-02-19 09:25:11] [INFO] Updated product | Context: {"external_id":1366025,"product_id":79461}
[2026-02-19 09:25:11] [INFO] Updated product | Context: {"external_id":1366021,"product_id":79462}
[2026-02-19 09:25:11] [INFO] Updated product | Context: {"external_id":1366019,"product_id":79464}
[2026-02-19 09:25:11] [INFO] Updated product | Context: {"external_id":1366017,"product_id":79465}
[2026-02-19 09:25:11] [INFO] Updated product | Context: {"external_id":1366014,"product_id":79466}
[2026-02-19 09:25:11] [INFO] Updated product | Context: {"external_id":1366012,"product_id":78701}
[2026-02-19 09:25:11] [INFO] Updated product | Context: {"external_id":1366010,"product_id":79467}
[2026-02-19 09:25:11] [INFO] Updated product | Context: {"external_id":1365979,"product_id":79468}
[2026-02-19 09:25:11] [INFO] Updated product | Context: {"external_id":1365957,"product_id":79469}
[2026-02-19 09:25:11] [INFO] Updated product | Context: {"external_id":1365914,"product_id":79470}
[2026-02-19 09:25:11] [INFO] Updated product | Context: {"external_id":1365913,"product_id":78704}
[2026-02-19 09:25:11] [INFO] Created product | Context: {"external_id":1365895,"product_id":81734}
[2026-02-19 09:25:12] [INFO] Created product | Context: {"external_id":1365894,"product_id":81735}
[2026-02-19 09:25:12] [INFO] Created product | Context: {"external_id":1365893,"product_id":81736}
[2026-02-19 09:25:12] [INFO] Updated product | Context: {"external_id":1365887,"product_id":79471}
[2026-02-19 09:25:12] [INFO] Updated product | Context: {"external_id":1365883,"product_id":78706}
[2026-02-19 09:25:12] [INFO] Updated product | Context: {"external_id":1365869,"product_id":79473}
[2026-02-19 09:25:12] [INFO] Updated product | Context: {"external_id":1365867,"product_id":78708}
[2026-02-19 09:25:12] [INFO] Created product | Context: {"external_id":1365866,"product_id":81737}
[2026-02-19 09:25:12] [INFO] Created product | Context: {"external_id":1365865,"product_id":81738}
[2026-02-19 09:25:13] [INFO] Created product | Context: {"external_id":1365864,"product_id":81739}
[2026-02-19 09:25:13] [INFO] Updated product | Context: {"external_id":1365863,"product_id":79474}
[2026-02-19 09:25:13] [INFO] Updated product | Context: {"external_id":1365861,"product_id":78710}
[2026-02-19 09:25:13] [INFO] Updated product | Context: {"external_id":1365860,"product_id":78711}
[2026-02-19 09:25:13] [INFO] Updated product | Context: {"external_id":1365844,"product_id":79475}
[2026-02-19 09:25:13] [INFO] Updated product | Context: {"external_id":1365842,"product_id":79476}
[2026-02-19 09:25:13] [INFO] Updated product | Context: {"external_id":1365010,"product_id":79480}
[2026-02-19 09:25:13] [INFO] Updated product | Context: {"external_id":1365009,"product_id":79481}
[2026-02-19 09:25:13] [INFO] Updated product | Context: {"external_id":1365008,"product_id":79482}
[2026-02-19 09:25:13] [INFO] Updated product | Context: {"external_id":1365007,"product_id":79483}
[2026-02-19 09:25:13] [INFO] Updated product | Context: {"external_id":1365005,"product_id":79484}
[2026-02-19 09:25:13] [INFO] Updated product | Context: {"external_id":1365003,"product_id":79485}
[2026-02-19 09:25:13] [INFO] Updated product | Context: {"external_id":1365001,"product_id":79487}
[2026-02-19 09:25:13] [INFO] Updated product | Context: {"external_id":1365000,"product_id":79488}
[2026-02-19 09:25:14] [INFO] Downloaded product image | Context: {"product_id":81740,"attachment_id":81741,"filename":"product-image-81740-6996d6fa392d0.jpg"}
[2026-02-19 09:25:14] [INFO] Downloaded product image | Context: {"product_id":81740,"attachment_id":81742,"filename":"product-image-81740-6996d6fab725b.jpg"}
[2026-02-19 09:25:15] [INFO] Downloaded product image | Context: {"product_id":81740,"attachment_id":81743,"filename":"product-image-81740-6996d6fb45f75.jpg"}
[2026-02-19 09:25:15] [INFO] Downloaded product image | Context: {"product_id":81740,"attachment_id":81744,"filename":"product-image-81740-6996d6fba9b23.jpg"}
[2026-02-19 09:25:15] [INFO] Created product | Context: {"external_id":1364872,"product_id":81740}
[2026-02-19 09:25:15] [INFO] Updated product | Context: {"external_id":1363784,"product_id":79490}
[2026-02-19 09:25:15] [INFO] Updated product | Context: {"external_id":1363783,"product_id":79491}
[2026-02-19 09:25:15] [INFO] Updated product | Context: {"external_id":1363782,"product_id":79492}
[2026-02-19 09:25:16] [INFO] Updated product | Context: {"external_id":1363781,"product_id":79493}
[2026-02-19 09:25:16] [INFO] Updated product | Context: {"external_id":1363780,"product_id":79494}
[2026-02-19 09:25:16] [INFO] Updated product | Context: {"external_id":1363779,"product_id":79495}
[2026-02-19 09:25:16] [INFO] Updated product | Context: {"external_id":1363775,"product_id":79497}
[2026-02-19 09:25:16] [INFO] Updated product | Context: {"external_id":1363774,"product_id":78312}
[2026-02-19 09:25:16] [INFO] Updated product | Context: {"external_id":1363773,"product_id":79498}
[2026-02-19 09:25:16] [INFO] Updated product | Context: {"external_id":1361676,"product_id":79500}
[2026-02-19 09:25:16] [INFO] Batch processed | Context: {"offset":2400,"total":3431}
[2026-02-19 09:25:17] [INFO] Updated product | Context: {"external_id":1360371,"product_id":79501}
[2026-02-19 09:25:17] [INFO] Updated product | Context: {"external_id":1360369,"product_id":79502}
[2026-02-19 09:25:17] [INFO] Updated product | Context: {"external_id":1357718,"product_id":79506}
[2026-02-19 09:25:17] [INFO] Updated product | Context: {"external_id":1357717,"product_id":78725}
[2026-02-19 09:25:17] [INFO] Updated product | Context: {"external_id":1357713,"product_id":79507}
[2026-02-19 09:25:17] [INFO] Updated product | Context: {"external_id":1357710,"product_id":79508}
[2026-02-19 09:25:17] [INFO] Downloaded product image | Context: {"product_id":79509,"attachment_id":81745,"filename":"product-image-79509-6996d6fdbfb92.jpg"}
[2026-02-19 09:25:18] [INFO] Downloaded product image | Context: {"product_id":79509,"attachment_id":81746,"filename":"product-image-79509-6996d6fe3d16c.jpg"}
[2026-02-19 09:25:18] [INFO] Downloaded product image | Context: {"product_id":79509,"attachment_id":81747,"filename":"product-image-79509-6996d6feb9e9f.jpg"}
[2026-02-19 09:25:19] [INFO] Downloaded product image | Context: {"product_id":79509,"attachment_id":81748,"filename":"product-image-79509-6996d6ff2faf1.jpg"}
[2026-02-19 09:25:19] [INFO] Downloaded product image | Context: {"product_id":79509,"attachment_id":81749,"filename":"product-image-79509-6996d6ff9c604.jpg"}
[2026-02-19 09:25:19] [INFO] Updated product | Context: {"external_id":1357600,"product_id":79509}
[2026-02-19 09:25:20] [INFO] Downloaded product image | Context: {"product_id":79510,"attachment_id":81750,"filename":"product-image-79510-6996d700184c0.jpg"}
[2026-02-19 09:25:20] [INFO] Downloaded product image | Context: {"product_id":79510,"attachment_id":81751,"filename":"product-image-79510-6996d7009a57d.jpg"}
[2026-02-19 09:25:21] [INFO] Downloaded product image | Context: {"product_id":79510,"attachment_id":81752,"filename":"product-image-79510-6996d70118d55.jpg"}
[2026-02-19 09:25:21] [INFO] Downloaded product image | Context: {"product_id":79510,"attachment_id":81753,"filename":"product-image-79510-6996d701980c8.jpg"}
[2026-02-19 09:25:22] [INFO] Downloaded product image | Context: {"product_id":79510,"attachment_id":81754,"filename":"product-image-79510-6996d7021484e.jpg"}
[2026-02-19 09:25:22] [INFO] Updated product | Context: {"external_id":1357599,"product_id":79510}
[2026-02-19 09:25:22] [INFO] Downloaded product image | Context: {"product_id":78729,"attachment_id":81755,"filename":"product-image-78729-6996d7028a4cf.jpg"}
[2026-02-19 09:25:22] [INFO] Updated product | Context: {"external_id":1357598,"product_id":78729}
[2026-02-19 09:25:22] [INFO] Updated product | Context: {"external_id":1357585,"product_id":78453}
[2026-02-19 09:25:22] [INFO] Updated product | Context: {"external_id":1357584,"product_id":79512}
[2026-02-19 09:25:22] [INFO] Updated product | Context: {"external_id":1357582,"product_id":79513}
[2026-02-19 09:25:22] [INFO] Updated product | Context: {"external_id":1357579,"product_id":79514}
[2026-02-19 09:25:22] [INFO] Updated product | Context: {"external_id":1357578,"product_id":78732}
[2026-02-19 09:25:23] [INFO] Updated product | Context: {"external_id":1357573,"product_id":79515}
[2026-02-19 09:25:23] [INFO] Updated product | Context: {"external_id":1357572,"product_id":79516}
[2026-02-19 09:25:23] [INFO] Downloaded product image | Context: {"product_id":79517,"attachment_id":81756,"filename":"product-image-79517-6996d7037226a.jpg"}
[2026-02-19 09:25:24] [INFO] Downloaded product image | Context: {"product_id":79517,"attachment_id":81757,"filename":"product-image-79517-6996d703f009c.jpg"}
[2026-02-19 09:25:24] [INFO] Downloaded product image | Context: {"product_id":79517,"attachment_id":81758,"filename":"product-image-79517-6996d70477dd3.jpg"}
[2026-02-19 09:25:25] [INFO] Downloaded product image | Context: {"product_id":79517,"attachment_id":81759,"filename":"product-image-79517-6996d704eaeab.jpg"}
[2026-02-19 09:25:25] [INFO] Updated product | Context: {"external_id":1357571,"product_id":79517}
[2026-02-19 09:25:25] [INFO] Updated product | Context: {"external_id":1357570,"product_id":79518}
[2026-02-19 09:25:25] [INFO] Updated product | Context: {"external_id":1357569,"product_id":79519}
[2026-02-19 09:25:25] [INFO] Updated product | Context: {"external_id":1357568,"product_id":79520}
[2026-02-19 09:25:25] [INFO] Updated product | Context: {"external_id":1357567,"product_id":79521}
[2026-02-19 09:25:25] [INFO] Updated product | Context: {"external_id":1357566,"product_id":78736}
[2026-02-19 09:25:25] [INFO] Updated product | Context: {"external_id":1357477,"product_id":79523}
[2026-02-19 09:25:25] [INFO] Updated product | Context: {"external_id":1357472,"product_id":79524}
[2026-02-19 09:25:25] [INFO] Created product | Context: {"external_id":1357455,"product_id":81760}
[2026-02-19 09:25:25] [INFO] Created product | Context: {"external_id":1357389,"product_id":81761}
[2026-02-19 09:25:26] [INFO] Created product | Context: {"external_id":1357386,"product_id":81762}
[2026-02-19 09:25:26] [INFO] Created product | Context: {"external_id":1357375,"product_id":81763}
[2026-02-19 09:25:26] [INFO] Updated product | Context: {"external_id":1357360,"product_id":79525}
[2026-02-19 09:25:26] [INFO] Updated product | Context: {"external_id":1357325,"product_id":78459}
[2026-02-19 09:25:26] [INFO] Updated product | Context: {"external_id":1356578,"product_id":79527}
[2026-02-19 09:25:26] [INFO] Updated product | Context: {"external_id":1356569,"product_id":79528}
[2026-02-19 09:25:26] [INFO] Updated product | Context: {"external_id":1356568,"product_id":79529}
[2026-02-19 09:25:26] [INFO] Updated product | Context: {"external_id":1356562,"product_id":79530}
[2026-02-19 09:25:26] [INFO] Updated product | Context: {"external_id":1356557,"product_id":78460}
[2026-02-19 09:25:26] [INFO] Updated product | Context: {"external_id":1356551,"product_id":79532}
[2026-02-19 09:25:26] [INFO] Updated product | Context: {"external_id":1356548,"product_id":79533}
[2026-02-19 09:25:26] [INFO] Updated product | Context: {"external_id":1356021,"product_id":78738}
[2026-02-19 09:25:26] [INFO] Updated product | Context: {"external_id":1356020,"product_id":79534}
[2026-02-19 09:25:26] [INFO] Updated product | Context: {"external_id":1356019,"product_id":79535}
[2026-02-19 09:25:27] [INFO] Created product | Context: {"external_id":1355982,"product_id":81764}
[2026-02-19 09:25:27] [INFO] Updated product | Context: {"external_id":1355948,"product_id":79536}
[2026-02-19 09:25:27] [INFO] Updated product | Context: {"external_id":1355947,"product_id":78318}
[2026-02-19 09:25:27] [INFO] Updated product | Context: {"external_id":1355946,"product_id":79537}
[2026-02-19 09:25:27] [INFO] Updated product | Context: {"external_id":1355941,"product_id":79538}
[2026-02-19 09:25:27] [INFO] Updated product | Context: {"external_id":1355934,"product_id":79541}
[2026-02-19 09:25:27] [INFO] Updated product | Context: {"external_id":1355932,"product_id":79542}
[2026-02-19 09:25:28] [INFO] Downloaded product image | Context: {"product_id":81765,"attachment_id":81766,"filename":"product-image-81765-6996d707ead71.jpg"}
[2026-02-19 09:25:28] [INFO] Downloaded product image | Context: {"product_id":81765,"attachment_id":81767,"filename":"product-image-81765-6996d7086cab2.jpg"}
[2026-02-19 09:25:29] [INFO] Downloaded product image | Context: {"product_id":81765,"attachment_id":81768,"filename":"product-image-81765-6996d708e6ef3.jpg"}
[2026-02-19 09:25:29] [INFO] Downloaded product image | Context: {"product_id":81765,"attachment_id":81769,"filename":"product-image-81765-6996d70967466.jpg"}
[2026-02-19 09:25:29] [INFO] Created product | Context: {"external_id":1354857,"product_id":81765}
[2026-02-19 09:25:29] [INFO] Updated product | Context: {"external_id":1354805,"product_id":78744}
[2026-02-19 09:25:29] [INFO] Updated product | Context: {"external_id":1354699,"product_id":78745}
[2026-02-19 09:25:29] [INFO] Batch processed | Context: {"offset":2450,"total":3431}
[2026-02-19 09:25:30] [INFO] Updated product | Context: {"external_id":1354698,"product_id":78746}
[2026-02-19 09:25:30] [INFO] Updated product | Context: {"external_id":1354614,"product_id":78323}
[2026-02-19 09:25:30] [INFO] Updated product | Context: {"external_id":1354600,"product_id":79547}
[2026-02-19 09:25:30] [INFO] Updated product | Context: {"external_id":1354588,"product_id":78325}
[2026-02-19 09:25:30] [INFO] Updated product | Context: {"external_id":1354587,"product_id":79548}
[2026-02-19 09:25:30] [INFO] Updated product | Context: {"external_id":1354585,"product_id":79549}
[2026-02-19 09:25:30] [INFO] Updated product | Context: {"external_id":1354580,"product_id":78752}
[2026-02-19 09:25:30] [INFO] Updated product | Context: {"external_id":1354565,"product_id":79551}
[2026-02-19 09:25:30] [INFO] Updated product | Context: {"external_id":1354563,"product_id":79552}
[2026-02-19 09:25:30] [INFO] Updated product | Context: {"external_id":1354560,"product_id":79554}
[2026-02-19 09:25:30] [INFO] Updated product | Context: {"external_id":1354559,"product_id":79555}
[2026-02-19 09:25:31] [INFO] Updated product | Context: {"external_id":1354555,"product_id":78757}
[2026-02-19 09:25:31] [INFO] Updated product | Context: {"external_id":1354553,"product_id":78758}
[2026-02-19 09:25:31] [INFO] Updated product | Context: {"external_id":1354552,"product_id":79557}
[2026-02-19 09:25:31] [INFO] Updated product | Context: {"external_id":1354551,"product_id":79558}
[2026-02-19 09:25:31] [INFO] Updated product | Context: {"external_id":1354550,"product_id":78759}
[2026-02-19 09:25:31] [INFO] Updated product | Context: {"external_id":1354549,"product_id":78760}
[2026-02-19 09:25:31] [INFO] Updated product | Context: {"external_id":1354548,"product_id":78761}
[2026-02-19 09:25:31] [INFO] Updated product | Context: {"external_id":1354547,"product_id":78762}
[2026-02-19 09:25:31] [INFO] Updated product | Context: {"external_id":1354541,"product_id":78763}
[2026-02-19 09:25:31] [INFO] Updated product | Context: {"external_id":1354536,"product_id":78765}
[2026-02-19 09:25:31] [INFO] Updated product | Context: {"external_id":1354535,"product_id":78471}
[2026-02-19 09:25:31] [INFO] Updated product | Context: {"external_id":1354113,"product_id":79559}
[2026-02-19 09:25:31] [INFO] Updated product | Context: {"external_id":1354112,"product_id":79560}
[2026-02-19 09:25:31] [INFO] Updated product | Context: {"external_id":1354111,"product_id":79561}
[2026-02-19 09:25:31] [INFO] Updated product | Context: {"external_id":1354110,"product_id":79562}
[2026-02-19 09:25:31] [INFO] Updated product | Context: {"external_id":1354109,"product_id":79563}
[2026-02-19 09:25:31] [INFO] Updated product | Context: {"external_id":1354108,"product_id":79564}
[2026-02-19 09:25:31] [INFO] Updated product | Context: {"external_id":1354107,"product_id":79565}
[2026-02-19 09:25:31] [INFO] Updated product | Context: {"external_id":1354106,"product_id":79566}
[2026-02-19 09:25:31] [INFO] Updated product | Context: {"external_id":1354105,"product_id":79567}
[2026-02-19 09:25:31] [INFO] Updated product | Context: {"external_id":1354104,"product_id":79568}
[2026-02-19 09:25:31] [INFO] Updated product | Context: {"external_id":1354103,"product_id":79569}
[2026-02-19 09:25:31] [INFO] Updated product | Context: {"external_id":1354102,"product_id":79570}
[2026-02-19 09:25:31] [INFO] Updated product | Context: {"external_id":1354101,"product_id":79571}
[2026-02-19 09:25:32] [INFO] Updated product | Context: {"external_id":1354100,"product_id":79572}
[2026-02-19 09:25:32] [INFO] Updated product | Context: {"external_id":1354097,"product_id":79573}
[2026-02-19 09:25:32] [INFO] Updated product | Context: {"external_id":1354096,"product_id":79574}
[2026-02-19 09:25:32] [INFO] Updated product | Context: {"external_id":1354095,"product_id":79575}
[2026-02-19 09:25:32] [INFO] Updated product | Context: {"external_id":1354094,"product_id":79576}
[2026-02-19 09:25:32] [INFO] Updated product | Context: {"external_id":1354093,"product_id":79577}
[2026-02-19 09:25:32] [INFO] Updated product | Context: {"external_id":1354091,"product_id":79578}
[2026-02-19 09:25:32] [INFO] Updated product | Context: {"external_id":1354090,"product_id":79579}
[2026-02-19 09:25:32] [INFO] Updated product | Context: {"external_id":1354089,"product_id":78771}
[2026-02-19 09:25:32] [INFO] Updated product | Context: {"external_id":1354087,"product_id":79580}
[2026-02-19 09:25:32] [INFO] Updated product | Context: {"external_id":1354086,"product_id":79581}
[2026-02-19 09:25:32] [INFO] Updated product | Context: {"external_id":1354085,"product_id":79582}
[2026-02-19 09:25:32] [INFO] Updated product | Context: {"external_id":1354083,"product_id":79584}
[2026-02-19 09:25:32] [INFO] Updated product | Context: {"external_id":1354082,"product_id":79585}
[2026-02-19 09:25:32] [INFO] Updated product | Context: {"external_id":1354079,"product_id":79587}
[2026-02-19 09:25:32] [INFO] Batch processed | Context: {"offset":2500,"total":3431}
[2026-02-19 09:25:33] [INFO] Updated product | Context: {"external_id":1354078,"product_id":79588}
[2026-02-19 09:25:33] [INFO] Updated product | Context: {"external_id":1354077,"product_id":79589}
[2026-02-19 09:25:33] [INFO] Updated product | Context: {"external_id":1354074,"product_id":79591}
[2026-02-19 09:25:33] [INFO] Updated product | Context: {"external_id":1354071,"product_id":79594}
[2026-02-19 09:25:33] [INFO] Updated product | Context: {"external_id":1354070,"product_id":79595}
[2026-02-19 09:25:33] [INFO] Updated product | Context: {"external_id":1354069,"product_id":78773}
[2026-02-19 09:25:33] [INFO] Updated product | Context: {"external_id":1354066,"product_id":79596}
[2026-02-19 09:25:33] [INFO] Updated product | Context: {"external_id":1354065,"product_id":79597}
[2026-02-19 09:25:33] [INFO] Updated product | Context: {"external_id":1354064,"product_id":79598}
[2026-02-19 09:25:33] [INFO] Updated product | Context: {"external_id":1354061,"product_id":79599}
[2026-02-19 09:25:34] [INFO] Updated product | Context: {"external_id":1354060,"product_id":79600}
[2026-02-19 09:25:34] [INFO] Updated product | Context: {"external_id":1354059,"product_id":79601}
[2026-02-19 09:25:34] [INFO] Updated product | Context: {"external_id":1354057,"product_id":79602}
[2026-02-19 09:25:34] [INFO] Updated product | Context: {"external_id":1354056,"product_id":79603}
[2026-02-19 09:25:34] [INFO] Updated product | Context: {"external_id":1354055,"product_id":79604}
[2026-02-19 09:25:34] [INFO] Updated product | Context: {"external_id":1354053,"product_id":79605}
[2026-02-19 09:25:34] [INFO] Updated product | Context: {"external_id":1354052,"product_id":79606}
[2026-02-19 09:25:34] [INFO] Updated product | Context: {"external_id":1354051,"product_id":79607}
[2026-02-19 09:25:34] [INFO] Updated product | Context: {"external_id":1354049,"product_id":79608}
[2026-02-19 09:25:34] [INFO] Updated product | Context: {"external_id":1354048,"product_id":79609}
[2026-02-19 09:25:34] [INFO] Updated product | Context: {"external_id":1354047,"product_id":79610}
[2026-02-19 09:25:34] [INFO] Updated product | Context: {"external_id":1354046,"product_id":79611}
[2026-02-19 09:25:34] [INFO] Updated product | Context: {"external_id":1354045,"product_id":79612}
[2026-02-19 09:25:34] [INFO] Updated product | Context: {"external_id":1354044,"product_id":79613}
[2026-02-19 09:25:34] [INFO] Updated product | Context: {"external_id":1354043,"product_id":79614}
[2026-02-19 09:25:34] [INFO] Updated product | Context: {"external_id":1354042,"product_id":79615}
[2026-02-19 09:25:34] [INFO] Updated product | Context: {"external_id":1354041,"product_id":79616}
[2026-02-19 09:25:34] [INFO] Updated product | Context: {"external_id":1354040,"product_id":79617}
[2026-02-19 09:25:34] [INFO] Updated product | Context: {"external_id":1354039,"product_id":79618}
[2026-02-19 09:25:34] [INFO] Updated product | Context: {"external_id":1354038,"product_id":79619}
[2026-02-19 09:25:34] [INFO] Updated product | Context: {"external_id":1354037,"product_id":79620}
[2026-02-19 09:25:35] [INFO] Updated product | Context: {"external_id":1354036,"product_id":79621}
[2026-02-19 09:25:35] [INFO] Updated product | Context: {"external_id":1354035,"product_id":79622}
[2026-02-19 09:25:35] [INFO] Updated product | Context: {"external_id":1354005,"product_id":79623}
[2026-02-19 09:25:35] [INFO] Updated product | Context: {"external_id":1353985,"product_id":79624}
[2026-02-19 09:25:35] [INFO] Updated product | Context: {"external_id":1353984,"product_id":79625}
[2026-02-19 09:25:35] [INFO] Updated product | Context: {"external_id":1353983,"product_id":79626}
[2026-02-19 09:25:35] [INFO] Updated product | Context: {"external_id":1353982,"product_id":79627}
[2026-02-19 09:25:35] [INFO] Updated product | Context: {"external_id":1353981,"product_id":79628}
[2026-02-19 09:25:35] [INFO] Updated product | Context: {"external_id":1353980,"product_id":79629}
[2026-02-19 09:25:35] [INFO] Updated product | Context: {"external_id":1353976,"product_id":79631}
[2026-02-19 09:25:35] [INFO] Updated product | Context: {"external_id":1353975,"product_id":79632}
[2026-02-19 09:25:35] [INFO] Updated product | Context: {"external_id":1353974,"product_id":79633}
[2026-02-19 09:25:35] [INFO] Updated product | Context: {"external_id":1353849,"product_id":79635}
[2026-02-19 09:25:35] [INFO] Updated product | Context: {"external_id":1353848,"product_id":78776}
[2026-02-19 09:25:35] [INFO] Updated product | Context: {"external_id":1353847,"product_id":79636}
[2026-02-19 09:25:35] [INFO] Updated product | Context: {"external_id":1353846,"product_id":79637}
[2026-02-19 09:25:35] [INFO] Updated product | Context: {"external_id":1353845,"product_id":79638}
[2026-02-19 09:25:35] [INFO] Updated product | Context: {"external_id":1353844,"product_id":78777}
[2026-02-19 09:25:35] [INFO] Updated product | Context: {"external_id":1353843,"product_id":79639}
[2026-02-19 09:25:35] [INFO] Batch processed | Context: {"offset":2550,"total":3431}
[2026-02-19 09:25:36] [INFO] Updated product | Context: {"external_id":1353842,"product_id":78479}
[2026-02-19 09:25:36] [INFO] Updated product | Context: {"external_id":1353841,"product_id":79640}
[2026-02-19 09:25:36] [INFO] Updated product | Context: {"external_id":1353840,"product_id":78778}
[2026-02-19 09:25:36] [INFO] Updated product | Context: {"external_id":1353839,"product_id":79641}
[2026-02-19 09:25:36] [INFO] Updated product | Context: {"external_id":1353838,"product_id":78779}
[2026-02-19 09:25:37] [INFO] Updated product | Context: {"external_id":1353836,"product_id":79642}
[2026-02-19 09:25:37] [INFO] Updated product | Context: {"external_id":1353834,"product_id":79643}
[2026-02-19 09:25:37] [INFO] Updated product | Context: {"external_id":1353833,"product_id":79644}
[2026-02-19 09:25:37] [INFO] Updated product | Context: {"external_id":1353832,"product_id":79645}
[2026-02-19 09:25:37] [INFO] Updated product | Context: {"external_id":1353831,"product_id":79646}
[2026-02-19 09:25:37] [INFO] Updated product | Context: {"external_id":1353830,"product_id":79647}
[2026-02-19 09:25:37] [INFO] Updated product | Context: {"external_id":1353829,"product_id":79648}
[2026-02-19 09:25:37] [INFO] Updated product | Context: {"external_id":1353828,"product_id":79649}
[2026-02-19 09:25:37] [INFO] Updated product | Context: {"external_id":1353827,"product_id":79650}
[2026-02-19 09:25:37] [INFO] Updated product | Context: {"external_id":1353825,"product_id":79651}
[2026-02-19 09:25:37] [INFO] Updated product | Context: {"external_id":1353824,"product_id":79652}
[2026-02-19 09:25:37] [INFO] Updated product | Context: {"external_id":1353808,"product_id":79655}
[2026-02-19 09:25:37] [INFO] Updated product | Context: {"external_id":1353805,"product_id":78782}
[2026-02-19 09:25:37] [INFO] Updated product | Context: {"external_id":1353804,"product_id":79658}
[2026-02-19 09:25:37] [INFO] Updated product | Context: {"external_id":1353802,"product_id":79659}
[2026-02-19 09:25:37] [INFO] Updated product | Context: {"external_id":1353800,"product_id":79660}
[2026-02-19 09:25:37] [INFO] Updated product | Context: {"external_id":1353799,"product_id":79661}
[2026-02-19 09:25:37] [INFO] Updated product | Context: {"external_id":1353798,"product_id":79662}
[2026-02-19 09:25:37] [INFO] Updated product | Context: {"external_id":1353795,"product_id":79663}
[2026-02-19 09:25:37] [INFO] Updated product | Context: {"external_id":1353794,"product_id":79664}
[2026-02-19 09:25:37] [INFO] Updated product | Context: {"external_id":1353793,"product_id":79665}
[2026-02-19 09:25:38] [INFO] Updated product | Context: {"external_id":1353792,"product_id":79666}
[2026-02-19 09:25:38] [INFO] Updated product | Context: {"external_id":1353791,"product_id":79667}
[2026-02-19 09:25:38] [INFO] Updated product | Context: {"external_id":1353790,"product_id":79668}
[2026-02-19 09:25:38] [INFO] Updated product | Context: {"external_id":1353789,"product_id":79669}
[2026-02-19 09:25:38] [INFO] Updated product | Context: {"external_id":1353788,"product_id":79670}
[2026-02-19 09:25:38] [INFO] Updated product | Context: {"external_id":1353787,"product_id":79671}
[2026-02-19 09:25:38] [INFO] Updated product | Context: {"external_id":1353786,"product_id":79672}
[2026-02-19 09:25:38] [INFO] Updated product | Context: {"external_id":1353785,"product_id":79673}
[2026-02-19 09:25:38] [INFO] Updated product | Context: {"external_id":1353784,"product_id":79674}
[2026-02-19 09:25:38] [INFO] Updated product | Context: {"external_id":1353783,"product_id":79675}
[2026-02-19 09:25:38] [INFO] Updated product | Context: {"external_id":1353782,"product_id":79676}
[2026-02-19 09:25:38] [INFO] Updated product | Context: {"external_id":1353759,"product_id":79677}
[2026-02-19 09:25:38] [INFO] Updated product | Context: {"external_id":1353755,"product_id":79678}
[2026-02-19 09:25:38] [INFO] Updated product | Context: {"external_id":1353754,"product_id":79679}
[2026-02-19 09:25:38] [INFO] Updated product | Context: {"external_id":1353753,"product_id":79680}
[2026-02-19 09:25:38] [INFO] Updated product | Context: {"external_id":1353752,"product_id":79681}
[2026-02-19 09:25:38] [INFO] Updated product | Context: {"external_id":1353751,"product_id":79682}
[2026-02-19 09:25:38] [INFO] Updated product | Context: {"external_id":1353750,"product_id":79683}
[2026-02-19 09:25:38] [INFO] Updated product | Context: {"external_id":1353749,"product_id":79684}
[2026-02-19 09:25:38] [INFO] Updated product | Context: {"external_id":1353748,"product_id":79685}
[2026-02-19 09:25:38] [INFO] Updated product | Context: {"external_id":1353747,"product_id":79686}
[2026-02-19 09:25:39] [INFO] Updated product | Context: {"external_id":1353746,"product_id":79687}
[2026-02-19 09:25:39] [INFO] Updated product | Context: {"external_id":1353745,"product_id":79688}
[2026-02-19 09:25:39] [INFO] Updated product | Context: {"external_id":1353744,"product_id":79689}
[2026-02-19 09:25:39] [INFO] Batch processed | Context: {"offset":2600,"total":3431}
[2026-02-19 09:25:39] [INFO] Updated product | Context: {"external_id":1353743,"product_id":79690}
[2026-02-19 09:25:40] [INFO] Updated product | Context: {"external_id":1353742,"product_id":79691}
[2026-02-19 09:25:40] [INFO] Updated product | Context: {"external_id":1353727,"product_id":79692}
[2026-02-19 09:25:40] [INFO] Updated product | Context: {"external_id":1353726,"product_id":79693}
[2026-02-19 09:25:40] [INFO] Updated product | Context: {"external_id":1353725,"product_id":79694}
[2026-02-19 09:25:40] [INFO] Updated product | Context: {"external_id":1353724,"product_id":79695}
[2026-02-19 09:25:40] [INFO] Updated product | Context: {"external_id":1353722,"product_id":79696}
[2026-02-19 09:25:40] [INFO] Updated product | Context: {"external_id":1353721,"product_id":79697}
[2026-02-19 09:25:40] [INFO] Updated product | Context: {"external_id":1353720,"product_id":79698}
[2026-02-19 09:25:40] [INFO] Updated product | Context: {"external_id":1353719,"product_id":79699}
[2026-02-19 09:25:40] [INFO] Updated product | Context: {"external_id":1353718,"product_id":79700}
[2026-02-19 09:25:40] [INFO] Updated product | Context: {"external_id":1353717,"product_id":79701}
[2026-02-19 09:25:40] [INFO] Updated product | Context: {"external_id":1351914,"product_id":79703}
[2026-02-19 09:25:40] [INFO] Updated product | Context: {"external_id":1351912,"product_id":79704}
[2026-02-19 09:25:40] [INFO] Updated product | Context: {"external_id":1351910,"product_id":79705}
[2026-02-19 09:25:40] [INFO] Updated product | Context: {"external_id":1351903,"product_id":78785}
[2026-02-19 09:25:40] [INFO] Updated product | Context: {"external_id":1351902,"product_id":79706}
[2026-02-19 09:25:40] [INFO] Updated product | Context: {"external_id":1351901,"product_id":78786}
[2026-02-19 09:25:40] [INFO] Updated product | Context: {"external_id":1351899,"product_id":78788}
[2026-02-19 09:25:40] [INFO] Updated product | Context: {"external_id":1351898,"product_id":79707}
[2026-02-19 09:25:40] [INFO] Updated product | Context: {"external_id":1351896,"product_id":79708}
[2026-02-19 09:25:40] [INFO] Updated product | Context: {"external_id":1351320,"product_id":78489}
[2026-02-19 09:25:41] [INFO] Updated product | Context: {"external_id":1351231,"product_id":79709}
[2026-02-19 09:25:41] [INFO] Updated product | Context: {"external_id":1351230,"product_id":79710}
[2026-02-19 09:25:41] [INFO] Updated product | Context: {"external_id":1351228,"product_id":79711}
[2026-02-19 09:25:41] [INFO] Updated product | Context: {"external_id":1351221,"product_id":78789}
[2026-02-19 09:25:41] [INFO] Updated product | Context: {"external_id":1351220,"product_id":79712}
[2026-02-19 09:25:41] [INFO] Updated product | Context: {"external_id":1351217,"product_id":79713}
[2026-02-19 09:25:41] [INFO] Updated product | Context: {"external_id":1350365,"product_id":79715}
[2026-02-19 09:25:41] [INFO] Updated product | Context: {"external_id":1350328,"product_id":78332}
[2026-02-19 09:25:41] [INFO] Updated product | Context: {"external_id":1350204,"product_id":79716}
[2026-02-19 09:25:41] [INFO] Updated product | Context: {"external_id":1350201,"product_id":79717}
[2026-02-19 09:25:41] [INFO] Updated product | Context: {"external_id":1350171,"product_id":79718}
[2026-02-19 09:25:41] [INFO] Updated product | Context: {"external_id":1349815,"product_id":78492}
[2026-02-19 09:25:41] [INFO] Created product | Context: {"external_id":1349494,"product_id":81770}
[2026-02-19 09:25:41] [INFO] Updated product | Context: {"external_id":1349451,"product_id":78791}
[2026-02-19 09:25:41] [INFO] Updated product | Context: {"external_id":1349445,"product_id":79720}
[2026-02-19 09:25:41] [INFO] Updated product | Context: {"external_id":1349444,"product_id":78794}
[2026-02-19 09:25:41] [INFO] Updated product | Context: {"external_id":1349431,"product_id":78795}
[2026-02-19 09:25:41] [INFO] Updated product | Context: {"external_id":1349429,"product_id":79721}
[2026-02-19 09:25:41] [INFO] Updated product | Context: {"external_id":1349428,"product_id":78333}
[2026-02-19 09:25:42] [INFO] Updated product | Context: {"external_id":1349426,"product_id":79722}
[2026-02-19 09:25:42] [INFO] Updated product | Context: {"external_id":1349425,"product_id":79723}
[2026-02-19 09:25:42] [INFO] Updated product | Context: {"external_id":1349424,"product_id":79724}
[2026-02-19 09:25:42] [INFO] Updated product | Context: {"external_id":1349423,"product_id":79725}
[2026-02-19 09:25:42] [INFO] Updated product | Context: {"external_id":1349422,"product_id":78797}
[2026-02-19 09:25:42] [INFO] Updated product | Context: {"external_id":1349421,"product_id":78798}
[2026-02-19 09:25:42] [INFO] Updated product | Context: {"external_id":1349420,"product_id":79726}
[2026-02-19 09:25:42] [INFO] Updated product | Context: {"external_id":1349419,"product_id":78799}
[2026-02-19 09:25:42] [INFO] Updated product | Context: {"external_id":1349417,"product_id":79727}
[2026-02-19 09:25:42] [INFO] Batch processed | Context: {"offset":2650,"total":3431}
[2026-02-19 09:25:44] [INFO] Updated product | Context: {"external_id":1349416,"product_id":79728}
[2026-02-19 09:25:44] [INFO] Updated product | Context: {"external_id":1349415,"product_id":79729}
[2026-02-19 09:25:44] [INFO] Updated product | Context: {"external_id":1349414,"product_id":79730}
[2026-02-19 09:25:44] [INFO] Updated product | Context: {"external_id":1349412,"product_id":79732}
[2026-02-19 09:25:45] [INFO] Downloaded product image | Context: {"product_id":79734,"attachment_id":81772,"filename":"product-image-79734-6996d7195f7f4.jpg"}
[2026-02-19 09:25:46] [INFO] Downloaded product image | Context: {"product_id":79734,"attachment_id":81773,"filename":"product-image-79734-6996d719d7d08.jpg"}
[2026-02-19 09:25:46] [INFO] Downloaded product image | Context: {"product_id":79734,"attachment_id":81774,"filename":"product-image-79734-6996d71a5cda1.jpg"}
[2026-02-19 09:25:46] [INFO] Downloaded product image | Context: {"product_id":79734,"attachment_id":81775,"filename":"product-image-79734-6996d71ac3f1c.jpg"}
[2026-02-19 09:25:46] [INFO] Updated product | Context: {"external_id":1349405,"product_id":79734}
[2026-02-19 09:25:47] [INFO] Updated product | Context: {"external_id":1349404,"product_id":79735}
[2026-02-19 09:25:47] [INFO] Updated product | Context: {"external_id":1349403,"product_id":79736}
[2026-02-19 09:25:47] [INFO] Updated product | Context: {"external_id":1349402,"product_id":79737}
[2026-02-19 09:25:47] [INFO] Updated product | Context: {"external_id":1349401,"product_id":78801}
[2026-02-19 09:25:47] [INFO] Updated product | Context: {"external_id":1349399,"product_id":79738}
[2026-02-19 09:25:47] [INFO] Updated product | Context: {"external_id":1349398,"product_id":79739}
[2026-02-19 09:25:47] [INFO] Updated product | Context: {"external_id":1349397,"product_id":79740}
[2026-02-19 09:25:47] [INFO] Updated product | Context: {"external_id":1349393,"product_id":79742}
[2026-02-19 09:25:47] [INFO] Updated product | Context: {"external_id":1349392,"product_id":79743}
[2026-02-19 09:25:47] [INFO] Updated product | Context: {"external_id":1349391,"product_id":79744}
[2026-02-19 09:25:47] [INFO] Updated product | Context: {"external_id":1349390,"product_id":79745}
[2026-02-19 09:25:47] [INFO] Updated product | Context: {"external_id":1349387,"product_id":79746}
[2026-02-19 09:25:47] [INFO] Updated product | Context: {"external_id":1349386,"product_id":78496}
[2026-02-19 09:25:47] [INFO] Updated product | Context: {"external_id":1349385,"product_id":79747}
[2026-02-19 09:25:47] [INFO] Updated product | Context: {"external_id":1349363,"product_id":78805}
[2026-02-19 09:25:47] [INFO] Updated product | Context: {"external_id":1349351,"product_id":79751}
[2026-02-19 09:25:47] [INFO] Updated product | Context: {"external_id":1349350,"product_id":79752}
[2026-02-19 09:25:47] [INFO] Updated product | Context: {"external_id":1349348,"product_id":79753}
[2026-02-19 09:25:47] [INFO] Updated product | Context: {"external_id":1349347,"product_id":79754}
[2026-02-19 09:25:47] [INFO] Updated product | Context: {"external_id":1349344,"product_id":79755}
[2026-02-19 09:25:47] [INFO] Updated product | Context: {"external_id":1349342,"product_id":79756}
[2026-02-19 09:25:47] [INFO] Updated product | Context: {"external_id":1349341,"product_id":79757}
[2026-02-19 09:25:47] [INFO] Updated product | Context: {"external_id":1349339,"product_id":79758}
[2026-02-19 09:25:47] [INFO] Updated product | Context: {"external_id":1349338,"product_id":79759}
[2026-02-19 09:25:47] [INFO] Updated product | Context: {"external_id":1349337,"product_id":78809}
[2026-02-19 09:25:47] [INFO] Updated product | Context: {"external_id":1349336,"product_id":79760}
[2026-02-19 09:25:48] [INFO] Updated product | Context: {"external_id":1349335,"product_id":79761}
[2026-02-19 09:25:48] [INFO] Updated product | Context: {"external_id":1349330,"product_id":79762}
[2026-02-19 09:25:48] [INFO] Created product | Context: {"external_id":1349329,"product_id":81776}
[2026-02-19 09:25:48] [INFO] Updated product | Context: {"external_id":1349320,"product_id":79763}
[2026-02-19 09:25:48] [INFO] Updated product | Context: {"external_id":1349317,"product_id":79764}
[2026-02-19 09:25:48] [INFO] Updated product | Context: {"external_id":1349315,"product_id":79765}
[2026-02-19 09:25:48] [INFO] Updated product | Context: {"external_id":1349314,"product_id":79766}
[2026-02-19 09:25:48] [INFO] Updated product | Context: {"external_id":1349313,"product_id":79767}
[2026-02-19 09:25:48] [INFO] Updated product | Context: {"external_id":1349312,"product_id":79768}
[2026-02-19 09:25:48] [INFO] Updated product | Context: {"external_id":1349311,"product_id":79769}
[2026-02-19 09:25:48] [INFO] Updated product | Context: {"external_id":1349306,"product_id":79771}
[2026-02-19 09:25:48] [INFO] Updated product | Context: {"external_id":1349305,"product_id":79772}
[2026-02-19 09:25:48] [INFO] Updated product | Context: {"external_id":1349302,"product_id":79773}
[2026-02-19 09:25:48] [INFO] Updated product | Context: {"external_id":1349297,"product_id":79774}
[2026-02-19 09:25:48] [INFO] Updated product | Context: {"external_id":1349296,"product_id":79775}
[2026-02-19 09:25:48] [INFO] Updated product | Context: {"external_id":1349294,"product_id":79776}
[2026-02-19 09:25:48] [INFO] Updated product | Context: {"external_id":1349292,"product_id":79777}
[2026-02-19 09:25:48] [INFO] Updated product | Context: {"external_id":1349291,"product_id":79778}
[2026-02-19 09:25:48] [INFO] Updated product | Context: {"external_id":1349290,"product_id":79779}
[2026-02-19 09:25:48] [INFO] Batch processed | Context: {"offset":2700,"total":3431}
[2026-02-19 09:25:49] [INFO] Updated product | Context: {"external_id":1349288,"product_id":79780}
[2026-02-19 09:25:49] [INFO] Updated product | Context: {"external_id":1349285,"product_id":79782}
[2026-02-19 09:25:49] [INFO] Updated product | Context: {"external_id":1349284,"product_id":79783}
[2026-02-19 09:25:50] [INFO] Updated product | Context: {"external_id":1349282,"product_id":79784}
[2026-02-19 09:25:50] [INFO] Updated product | Context: {"external_id":1349279,"product_id":79786}
[2026-02-19 09:25:50] [INFO] Updated product | Context: {"external_id":1349278,"product_id":79787}
[2026-02-19 09:25:50] [INFO] Updated product | Context: {"external_id":1349276,"product_id":79788}
[2026-02-19 09:25:50] [INFO] Updated product | Context: {"external_id":1349273,"product_id":79791}
[2026-02-19 09:25:50] [INFO] Updated product | Context: {"external_id":1349272,"product_id":79792}
[2026-02-19 09:25:50] [INFO] Updated product | Context: {"external_id":1349267,"product_id":79795}
[2026-02-19 09:25:50] [INFO] Updated product | Context: {"external_id":1349266,"product_id":79796}
[2026-02-19 09:25:50] [INFO] Updated product | Context: {"external_id":1349265,"product_id":78816}
[2026-02-19 09:25:50] [INFO] Updated product | Context: {"external_id":1349264,"product_id":79797}
[2026-02-19 09:25:50] [INFO] Updated product | Context: {"external_id":1349263,"product_id":79798}
[2026-02-19 09:25:50] [INFO] Updated product | Context: {"external_id":1349261,"product_id":78817}
[2026-02-19 09:25:50] [INFO] Updated product | Context: {"external_id":1349260,"product_id":79800}
[2026-02-19 09:25:50] [INFO] Updated product | Context: {"external_id":1349259,"product_id":79801}
[2026-02-19 09:25:50] [INFO] Updated product | Context: {"external_id":1349258,"product_id":79802}
[2026-02-19 09:25:50] [INFO] Updated product | Context: {"external_id":1349253,"product_id":78819}
[2026-02-19 09:25:50] [INFO] Updated product | Context: {"external_id":1349252,"product_id":79804}
[2026-02-19 09:25:50] [INFO] Updated product | Context: {"external_id":1349249,"product_id":79805}
[2026-02-19 09:25:50] [INFO] Updated product | Context: {"external_id":1349247,"product_id":79806}
[2026-02-19 09:25:50] [INFO] Updated product | Context: {"external_id":1349246,"product_id":79807}
[2026-02-19 09:25:51] [INFO] Updated product | Context: {"external_id":1349245,"product_id":79808}
[2026-02-19 09:25:51] [INFO] Updated product | Context: {"external_id":1347890,"product_id":79810}
[2026-02-19 09:25:51] [INFO] Updated product | Context: {"external_id":1347878,"product_id":78824}
[2026-02-19 09:25:51] [INFO] Updated product | Context: {"external_id":1347876,"product_id":79812}
[2026-02-19 09:25:51] [INFO] Updated product | Context: {"external_id":1347874,"product_id":78827}
[2026-02-19 09:25:51] [INFO] Created product | Context: {"external_id":1347851,"product_id":81777}
[2026-02-19 09:25:51] [INFO] Created product | Context: {"external_id":1347850,"product_id":81778}
[2026-02-19 09:25:52] [INFO] Created product | Context: {"external_id":1347847,"product_id":81779}
[2026-02-19 09:25:52] [INFO] Downloaded product image | Context: {"product_id":81780,"attachment_id":81781,"filename":"product-image-81780-6996d7209092a.jpg"}
[2026-02-19 09:25:52] [INFO] Created product | Context: {"external_id":1347833,"product_id":81780}
[2026-02-19 09:25:53] [INFO] Created product | Context: {"external_id":1347820,"product_id":81782}
[2026-02-19 09:25:53] [INFO] Created product | Context: {"external_id":1347806,"product_id":81783}
[2026-02-19 09:25:53] [INFO] Created product | Context: {"external_id":1347801,"product_id":81784}
[2026-02-19 09:25:53] [INFO] Updated product | Context: {"external_id":1347757,"product_id":78507}
[2026-02-19 09:25:53] [INFO] Updated product | Context: {"external_id":1347754,"product_id":79814}
[2026-02-19 09:25:53] [INFO] Updated product | Context: {"external_id":1347747,"product_id":79815}
[2026-02-19 09:25:53] [INFO] Updated product | Context: {"external_id":1347746,"product_id":78830}
[2026-02-19 09:25:53] [INFO] Updated product | Context: {"external_id":1347744,"product_id":79816}
[2026-02-19 09:25:53] [INFO] Updated product | Context: {"external_id":1347742,"product_id":79817}
[2026-02-19 09:25:53] [INFO] Updated product | Context: {"external_id":1347738,"product_id":79819}
[2026-02-19 09:25:53] [INFO] Updated product | Context: {"external_id":1347736,"product_id":79820}
[2026-02-19 09:25:54] [INFO] Updated product | Context: {"external_id":1347731,"product_id":79822}
[2026-02-19 09:25:54] [INFO] Updated product | Context: {"external_id":1347730,"product_id":79823}
[2026-02-19 09:25:54] [INFO] Updated product | Context: {"external_id":1347728,"product_id":79824}
[2026-02-19 09:25:54] [INFO] Updated product | Context: {"external_id":1347727,"product_id":79825}
[2026-02-19 09:25:54] [INFO] Updated product | Context: {"external_id":1347726,"product_id":78833}
[2026-02-19 09:25:54] [INFO] Updated product | Context: {"external_id":1347724,"product_id":79826}
[2026-02-19 09:25:54] [INFO] Updated product | Context: {"external_id":1347720,"product_id":79827}
[2026-02-19 09:25:54] [INFO] Batch processed | Context: {"offset":2750,"total":3431}
[2026-02-19 09:25:55] [INFO] Updated product | Context: {"external_id":1347718,"product_id":78834}
[2026-02-19 09:25:55] [INFO] Updated product | Context: {"external_id":1347717,"product_id":79828}
[2026-02-19 09:25:55] [INFO] Updated product | Context: {"external_id":1347713,"product_id":79830}
[2026-02-19 09:25:55] [INFO] Updated product | Context: {"external_id":1347712,"product_id":79831}
[2026-02-19 09:25:55] [INFO] Updated product | Context: {"external_id":1347711,"product_id":79832}
[2026-02-19 09:25:55] [INFO] Updated product | Context: {"external_id":1347710,"product_id":79833}
[2026-02-19 09:25:55] [INFO] Updated product | Context: {"external_id":1346978,"product_id":78510}
[2026-02-19 09:25:55] [INFO] Updated product | Context: {"external_id":1346947,"product_id":79835}
[2026-02-19 09:25:55] [INFO] Updated product | Context: {"external_id":1346940,"product_id":78842}
[2026-02-19 09:25:55] [INFO] Created product | Context: {"external_id":1346874,"product_id":81785}
[2026-02-19 09:25:55] [INFO] Updated product | Context: {"external_id":1345201,"product_id":79837}
[2026-02-19 09:25:55] [INFO] Updated product | Context: {"external_id":1344961,"product_id":78846}
[2026-02-19 09:25:56] [INFO] Updated product | Context: {"external_id":1344895,"product_id":79840}
[2026-02-19 09:25:56] [INFO] Updated product | Context: {"external_id":1344893,"product_id":79841}
[2026-02-19 09:25:56] [INFO] Created product | Context: {"external_id":1344559,"product_id":81786}
[2026-02-19 09:25:56] [INFO] Created product | Context: {"external_id":1344556,"product_id":81787}
[2026-02-19 09:25:56] [INFO] Created product | Context: {"external_id":1344555,"product_id":81788}
[2026-02-19 09:25:57] [INFO] Created product | Context: {"external_id":1344554,"product_id":81789}
[2026-02-19 09:25:57] [INFO] Created product | Context: {"external_id":1343068,"product_id":81790}
[2026-02-19 09:25:57] [INFO] Created product | Context: {"external_id":1343066,"product_id":81791}
[2026-02-19 09:25:57] [INFO] Created product | Context: {"external_id":1343065,"product_id":81792}
[2026-02-19 09:25:58] [INFO] Created product | Context: {"external_id":1343064,"product_id":81793}
[2026-02-19 09:25:58] [INFO] Created product | Context: {"external_id":1343062,"product_id":81794}
[2026-02-19 09:25:58] [INFO] Updated product | Context: {"external_id":1343034,"product_id":79844}
[2026-02-19 09:25:58] [INFO] Created product | Context: {"external_id":1341700,"product_id":81795}
[2026-02-19 09:25:58] [INFO] Updated product | Context: {"external_id":1341659,"product_id":78516}
[2026-02-19 09:25:58] [INFO] Updated product | Context: {"external_id":1341320,"product_id":79846}
[2026-02-19 09:25:58] [INFO] Updated product | Context: {"external_id":1341319,"product_id":79847}
[2026-02-19 09:25:58] [INFO] Updated product | Context: {"external_id":1341317,"product_id":79848}
[2026-02-19 09:25:58] [INFO] Updated product | Context: {"external_id":1341306,"product_id":79849}
[2026-02-19 09:25:58] [INFO] Updated product | Context: {"external_id":1341301,"product_id":79851}
[2026-02-19 09:25:58] [INFO] Updated product | Context: {"external_id":1341292,"product_id":79852}
[2026-02-19 09:25:59] [INFO] Updated product | Context: {"external_id":1341038,"product_id":78851}
[2026-02-19 09:25:59] [INFO] Updated product | Context: {"external_id":1341037,"product_id":79853}
[2026-02-19 09:25:59] [INFO] Updated product | Context: {"external_id":1340442,"product_id":79854}
[2026-02-19 09:25:59] [INFO] Updated product | Context: {"external_id":1340437,"product_id":79855}
[2026-02-19 09:25:59] [INFO] Updated product | Context: {"external_id":1340436,"product_id":79856}
[2026-02-19 09:25:59] [INFO] Created product | Context: {"external_id":1340429,"product_id":81796}
[2026-02-19 09:25:59] [INFO] Created product | Context: {"external_id":1340428,"product_id":81797}
[2026-02-19 09:25:59] [INFO] Updated product | Context: {"external_id":1340163,"product_id":79857}
[2026-02-19 09:25:59] [INFO] Created product | Context: {"external_id":1340076,"product_id":81798}
[2026-02-19 09:26:00] [INFO] Downloaded product image | Context: {"product_id":79859,"attachment_id":81799,"filename":"product-image-79859-6996d7286b6fb.jpg"}
[2026-02-19 09:26:01] [INFO] Downloaded product image | Context: {"product_id":79859,"attachment_id":81800,"filename":"product-image-79859-6996d728e777c.jpg"}
[2026-02-19 09:26:01] [INFO] Downloaded product image | Context: {"product_id":79859,"attachment_id":81801,"filename":"product-image-79859-6996d7295f038.jpg"}
[2026-02-19 09:26:02] [INFO] Downloaded product image | Context: {"product_id":79859,"attachment_id":81802,"filename":"product-image-79859-6996d729dd2ac.jpg"}
[2026-02-19 09:26:02] [INFO] Updated product | Context: {"external_id":1339952,"product_id":79859}
[2026-02-19 09:26:02] [INFO] Updated product | Context: {"external_id":1339941,"product_id":79862}
[2026-02-19 09:26:02] [INFO] Updated product | Context: {"external_id":1339299,"product_id":79865}
[2026-02-19 09:26:02] [INFO] Updated product | Context: {"external_id":1339296,"product_id":79867}
[2026-02-19 09:26:02] [INFO] Updated product | Context: {"external_id":1337571,"product_id":79868}
[2026-02-19 09:26:02] [INFO] Updated product | Context: {"external_id":1337561,"product_id":79869}
[2026-02-19 09:26:02] [INFO] Updated product | Context: {"external_id":1335247,"product_id":79870}
[2026-02-19 09:26:02] [INFO] Updated product | Context: {"external_id":1335246,"product_id":79871}
[2026-02-19 09:26:02] [INFO] Updated product | Context: {"external_id":1335245,"product_id":79872}
[2026-02-19 09:26:02] [INFO] Batch processed | Context: {"offset":2800,"total":3431}
[2026-02-19 09:26:03] [INFO] Updated product | Context: {"external_id":1335244,"product_id":79873}
[2026-02-19 09:26:03] [INFO] Updated product | Context: {"external_id":1335243,"product_id":79874}
[2026-02-19 09:26:03] [INFO] Updated product | Context: {"external_id":1335241,"product_id":78858}
[2026-02-19 09:26:03] [INFO] Updated product | Context: {"external_id":1335240,"product_id":78859}
[2026-02-19 09:26:03] [INFO] Updated product | Context: {"external_id":1335239,"product_id":79875}
[2026-02-19 09:26:03] [INFO] Updated product | Context: {"external_id":1335238,"product_id":79876}
[2026-02-19 09:26:03] [INFO] Updated product | Context: {"external_id":1335235,"product_id":78860}
[2026-02-19 09:26:04] [INFO] Downloaded product image | Context: {"product_id":79879,"attachment_id":81803,"filename":"product-image-79879-6996d72c1fa4d.jpg"}
[2026-02-19 09:26:04] [INFO] Downloaded product image | Context: {"product_id":79879,"attachment_id":81804,"filename":"product-image-79879-6996d72c8a33b.jpg"}
[2026-02-19 09:26:05] [INFO] Downloaded product image | Context: {"product_id":79879,"attachment_id":81805,"filename":"product-image-79879-6996d72d15ba1.jpg"}
[2026-02-19 09:26:05] [INFO] Updated product | Context: {"external_id":1335233,"product_id":79879}
[2026-02-19 09:26:05] [INFO] Updated product | Context: {"external_id":1335231,"product_id":79880}
[2026-02-19 09:26:05] [INFO] Updated product | Context: {"external_id":1335230,"product_id":79881}
[2026-02-19 09:26:05] [INFO] Updated product | Context: {"external_id":1331564,"product_id":79884}
[2026-02-19 09:26:05] [INFO] Updated product | Context: {"external_id":1331561,"product_id":79885}
[2026-02-19 09:26:06] [INFO] Downloaded product image | Context: {"product_id":81806,"attachment_id":81807,"filename":"product-image-81806-6996d72deb469.jpg"}
[2026-02-19 09:26:06] [INFO] Downloaded product image | Context: {"product_id":81806,"attachment_id":81808,"filename":"product-image-81806-6996d72e6c889.jpg"}
[2026-02-19 09:26:07] [INFO] Downloaded product image | Context: {"product_id":81806,"attachment_id":81809,"filename":"product-image-81806-6996d72ede7af.jpg"}
[2026-02-19 09:26:07] [INFO] Downloaded product image | Context: {"product_id":81806,"attachment_id":81810,"filename":"product-image-81806-6996d72f5def3.jpg"}
[2026-02-19 09:26:08] [INFO] Downloaded product image | Context: {"product_id":81806,"attachment_id":81811,"filename":"product-image-81806-6996d72fd1fc0.jpg"}
[2026-02-19 09:26:08] [INFO] Created product | Context: {"external_id":1331433,"product_id":81806}
[2026-02-19 09:26:08] [INFO] Downloaded product image | Context: {"product_id":78865,"attachment_id":81812,"filename":"product-image-78865-6996d7304c5e4.jpg"}
[2026-02-19 09:26:08] [INFO] Downloaded product image | Context: {"product_id":78865,"attachment_id":81813,"filename":"product-image-78865-6996d730c59e6.jpg"}
[2026-02-19 09:26:09] [INFO] Downloaded product image | Context: {"product_id":78865,"attachment_id":81814,"filename":"product-image-78865-6996d731473ec.jpg"}
[2026-02-19 09:26:09] [INFO] Downloaded product image | Context: {"product_id":78865,"attachment_id":81815,"filename":"product-image-78865-6996d7319ebe3.jpg"}
[2026-02-19 09:26:09] [INFO] Updated product | Context: {"external_id":1331403,"product_id":78865}
[2026-02-19 09:26:09] [INFO] Updated product | Context: {"external_id":1330804,"product_id":79886}
[2026-02-19 09:26:09] [INFO] Updated product | Context: {"external_id":1330802,"product_id":79887}
[2026-02-19 09:26:09] [INFO] Updated product | Context: {"external_id":1330793,"product_id":78526}
[2026-02-19 09:26:09] [INFO] Updated product | Context: {"external_id":1330349,"product_id":78160}
[2026-02-19 09:26:10] [INFO] Updated product | Context: {"external_id":1329509,"product_id":79892}
[2026-02-19 09:26:10] [INFO] Updated product | Context: {"external_id":1329501,"product_id":78867}
[2026-02-19 09:26:10] [INFO] Downloaded product image | Context: {"product_id":78530,"attachment_id":81816,"filename":"product-image-78530-6996d73273318.jpg"}
[2026-02-19 09:26:11] [INFO] Downloaded product image | Context: {"product_id":78530,"attachment_id":81817,"filename":"product-image-78530-6996d732de3db.jpg"}
[2026-02-19 09:26:11] [INFO] Downloaded product image | Context: {"product_id":78530,"attachment_id":81818,"filename":"product-image-78530-6996d7336abce.jpg"}
[2026-02-19 09:26:12] [INFO] Downloaded product image | Context: {"product_id":78530,"attachment_id":81819,"filename":"product-image-78530-6996d73407382.jpg"}
[2026-02-19 09:26:12] [INFO] Updated product | Context: {"external_id":1329500,"product_id":78530}
[2026-02-19 09:26:12] [INFO] Updated product | Context: {"external_id":1329499,"product_id":79895}
[2026-02-19 09:26:12] [INFO] Downloaded product image | Context: {"product_id":78869,"attachment_id":81820,"filename":"product-image-78869-6996d73490d04.jpg"}
[2026-02-19 09:26:13] [INFO] Downloaded product image | Context: {"product_id":78869,"attachment_id":81821,"filename":"product-image-78869-6996d73512175.jpg"}
[2026-02-19 09:26:13] [INFO] Downloaded product image | Context: {"product_id":78869,"attachment_id":81822,"filename":"product-image-78869-6996d73584edc.jpg"}
[2026-02-19 09:26:14] [INFO] Downloaded product image | Context: {"product_id":78869,"attachment_id":81823,"filename":"product-image-78869-6996d735ec160.jpg"}
[2026-02-19 09:26:14] [INFO] Updated product | Context: {"external_id":1327964,"product_id":78869}
[2026-02-19 09:26:14] [INFO] Downloaded product image | Context: {"product_id":81824,"attachment_id":81825,"filename":"product-image-81824-6996d7369dfa6.jpg"}
[2026-02-19 09:26:15] [INFO] Downloaded product image | Context: {"product_id":81824,"attachment_id":81826,"filename":"product-image-81824-6996d73711d0a.jpg"}
[2026-02-19 09:26:15] [INFO] Downloaded product image | Context: {"product_id":81824,"attachment_id":81827,"filename":"product-image-81824-6996d7379f520.jpg"}
[2026-02-19 09:26:16] [INFO] Downloaded product image | Context: {"product_id":81824,"attachment_id":81828,"filename":"product-image-81824-6996d73811251.jpg"}
[2026-02-19 09:26:16] [INFO] Downloaded product image | Context: {"product_id":81824,"attachment_id":81829,"filename":"product-image-81824-6996d73868339.jpg"}
[2026-02-19 09:26:16] [INFO] Created product | Context: {"external_id":1327296,"product_id":81824}
[2026-02-19 09:26:16] [INFO] Updated product | Context: {"external_id":1327261,"product_id":79898}
[2026-02-19 09:26:17] [INFO] Downloaded product image | Context: {"product_id":78356,"attachment_id":81830,"filename":"product-image-78356-6996d738f3cd0.jpg"}
[2026-02-19 09:26:17] [INFO] Downloaded product image | Context: {"product_id":78356,"attachment_id":81831,"filename":"product-image-78356-6996d73973fe5.jpg"}
[2026-02-19 09:26:18] [INFO] Downloaded product image | Context: {"product_id":78356,"attachment_id":81832,"filename":"product-image-78356-6996d73a05723.jpg"}
[2026-02-19 09:26:18] [INFO] Downloaded product image | Context: {"product_id":78356,"attachment_id":81833,"filename":"product-image-78356-6996d73a6d9ed.jpg"}
[2026-02-19 09:26:18] [INFO] Updated product | Context: {"external_id":1327259,"product_id":78356}
[2026-02-19 09:26:18] [INFO] Updated product | Context: {"external_id":1326821,"product_id":79899}
[2026-02-19 09:26:18] [INFO] Updated product | Context: {"external_id":1324069,"product_id":78871}
[2026-02-19 09:26:18] [INFO] Created product | Context: {"external_id":1322916,"product_id":81834}
[2026-02-19 09:26:19] [INFO] Created product | Context: {"external_id":1322915,"product_id":81835}
[2026-02-19 09:26:19] [INFO] Created product | Context: {"external_id":1322914,"product_id":81836}
[2026-02-19 09:26:19] [INFO] Updated product | Context: {"external_id":1322912,"product_id":78876}
[2026-02-19 09:26:19] [INFO] Updated product | Context: {"external_id":1322911,"product_id":79901}
[2026-02-19 09:26:19] [INFO] Updated product | Context: {"external_id":1322910,"product_id":79902}
[2026-02-19 09:26:19] [INFO] Updated product | Context: {"external_id":1322909,"product_id":79903}
[2026-02-19 09:26:19] [INFO] Updated product | Context: {"external_id":1322409,"product_id":79905}
[2026-02-19 09:26:19] [INFO] Updated product | Context: {"external_id":1320288,"product_id":79910}
[2026-02-19 09:26:19] [INFO] Updated product | Context: {"external_id":1317353,"product_id":79912}
[2026-02-19 09:26:19] [INFO] Created product | Context: {"external_id":1316319,"product_id":81837}
[2026-02-19 09:26:19] [INFO] Updated product | Context: {"external_id":1308256,"product_id":78882}
[2026-02-19 09:26:19] [INFO] Updated product | Context: {"external_id":1301249,"product_id":79913}
[2026-02-19 09:26:19] [INFO] Updated product | Context: {"external_id":1301247,"product_id":79914}
[2026-02-19 09:26:20] [INFO] Updated product | Context: {"external_id":1301246,"product_id":79915}
[2026-02-19 09:26:20] [INFO] Updated product | Context: {"external_id":1301245,"product_id":79916}
[2026-02-19 09:26:20] [INFO] Updated product | Context: {"external_id":1299701,"product_id":78539}
[2026-02-19 09:26:20] [INFO] Updated product | Context: {"external_id":1299697,"product_id":79917}
[2026-02-19 09:26:20] [INFO] Updated product | Context: {"external_id":1297126,"product_id":79920}
[2026-02-19 09:26:20] [INFO] Created product | Context: {"external_id":1293512,"product_id":81838}
[2026-02-19 09:26:21] [INFO] Downloaded product image | Context: {"product_id":81839,"attachment_id":81840,"filename":"product-image-81839-6996d73ce2aa7.jpg"}
[2026-02-19 09:26:21] [INFO] Downloaded product image | Context: {"product_id":81839,"attachment_id":81841,"filename":"product-image-81839-6996d73d64771.jpg"}
[2026-02-19 09:26:22] [INFO] Downloaded product image | Context: {"product_id":81839,"attachment_id":81842,"filename":"product-image-81839-6996d73de7c81.jpg"}
[2026-02-19 09:26:22] [INFO] Downloaded product image | Context: {"product_id":81839,"attachment_id":81843,"filename":"product-image-81839-6996d73e5e6a6.jpg"}
[2026-02-19 09:26:22] [INFO] Downloaded product image | Context: {"product_id":81839,"attachment_id":81844,"filename":"product-image-81839-6996d73eb13f4.jpg"}
[2026-02-19 09:26:22] [INFO] Created product | Context: {"external_id":1291916,"product_id":81839}
[2026-02-19 09:26:22] [INFO] Updated product | Context: {"external_id":1291908,"product_id":79922}
[2026-02-19 09:26:22] [INFO] Batch processed | Context: {"offset":2850,"total":3431}
[2026-02-19 09:26:23] [INFO] Updated product | Context: {"external_id":1291900,"product_id":78543}
[2026-02-19 09:26:23] [INFO] Updated product | Context: {"external_id":1272186,"product_id":79925}
[2026-02-19 09:26:24] [INFO] Downloaded product image | Context: {"product_id":78366,"attachment_id":81845,"filename":"product-image-78366-6996d74034b7e.jpg"}
[2026-02-19 09:26:24] [INFO] Downloaded product image | Context: {"product_id":78366,"attachment_id":81846,"filename":"product-image-78366-6996d740a3d36.jpg"}
[2026-02-19 09:26:25] [INFO] Downloaded product image | Context: {"product_id":78366,"attachment_id":81847,"filename":"product-image-78366-6996d741152b8.jpg"}
[2026-02-19 09:26:25] [INFO] Downloaded product image | Context: {"product_id":78366,"attachment_id":81848,"filename":"product-image-78366-6996d7418aa07.jpg"}
[2026-02-19 09:26:25] [INFO] Updated product | Context: {"external_id":1248331,"product_id":78366}
[2026-02-19 09:26:25] [INFO] Updated product | Context: {"external_id":1243475,"product_id":79926}
[2026-02-19 09:26:25] [INFO] Updated product | Context: {"external_id":1243472,"product_id":79927}
[2026-02-19 09:26:25] [INFO] Updated product | Context: {"external_id":1243470,"product_id":79928}
[2026-02-19 09:26:25] [INFO] Updated product | Context: {"external_id":1243468,"product_id":79929}
[2026-02-19 09:26:25] [INFO] Updated product | Context: {"external_id":1243465,"product_id":79930}
[2026-02-19 09:26:26] [INFO] Updated product | Context: {"external_id":1243464,"product_id":79931}
[2026-02-19 09:26:26] [INFO] Updated product | Context: {"external_id":1243463,"product_id":79932}
[2026-02-19 09:26:26] [INFO] Updated product | Context: {"external_id":1243461,"product_id":79933}
[2026-02-19 09:26:26] [INFO] Updated product | Context: {"external_id":1243459,"product_id":79934}
[2026-02-19 09:26:26] [INFO] Updated product | Context: {"external_id":1243458,"product_id":79935}
[2026-02-19 09:26:26] [INFO] Updated product | Context: {"external_id":1243456,"product_id":79936}
[2026-02-19 09:26:26] [INFO] Updated product | Context: {"external_id":1243454,"product_id":79938}
[2026-02-19 09:26:26] [INFO] Updated product | Context: {"external_id":1243453,"product_id":79939}
[2026-02-19 09:26:26] [INFO] Updated product | Context: {"external_id":1243451,"product_id":79940}
[2026-02-19 09:26:26] [INFO] Created product | Context: {"external_id":1243450,"product_id":81849}
[2026-02-19 09:26:26] [INFO] Updated product | Context: {"external_id":1243447,"product_id":79942}
[2026-02-19 09:26:26] [INFO] Updated product | Context: {"external_id":1243446,"product_id":79943}
[2026-02-19 09:26:26] [INFO] Updated product | Context: {"external_id":1243444,"product_id":79944}
[2026-02-19 09:26:26] [INFO] Updated product | Context: {"external_id":1243443,"product_id":79945}
[2026-02-19 09:26:26] [INFO] Created product | Context: {"external_id":1243439,"product_id":81850}
[2026-02-19 09:26:26] [INFO] Updated product | Context: {"external_id":1230923,"product_id":79948}
[2026-02-19 09:26:27] [INFO] Downloaded product image | Context: {"product_id":81851,"attachment_id":81852,"filename":"product-image-81851-6996d74384b20.jpg"}
[2026-02-19 09:26:28] [INFO] Downloaded product image | Context: {"product_id":81851,"attachment_id":81853,"filename":"product-image-81851-6996d74409876.jpg"}
[2026-02-19 09:26:28] [INFO] Downloaded product image | Context: {"product_id":81851,"attachment_id":81854,"filename":"product-image-81851-6996d74479b66.jpg"}
[2026-02-19 09:26:29] [INFO] Downloaded product image | Context: {"product_id":81851,"attachment_id":81855,"filename":"product-image-81851-6996d74505b5a.jpg"}
[2026-02-19 09:26:29] [INFO] Downloaded product image | Context: {"product_id":81851,"attachment_id":81856,"filename":"product-image-81851-6996d7457098b.jpg"}
[2026-02-19 09:26:29] [INFO] Created product | Context: {"external_id":1181925,"product_id":81851}
[2026-02-19 09:26:30] [INFO] Downloaded product image | Context: {"product_id":79949,"attachment_id":81857,"filename":"product-image-79949-6996d7460668d.jpg"}
[2026-02-19 09:26:30] [INFO] Downloaded product image | Context: {"product_id":79949,"attachment_id":81858,"filename":"product-image-79949-6996d74685c7b.jpg"}
[2026-02-19 09:26:31] [INFO] Downloaded product image | Context: {"product_id":79949,"attachment_id":81859,"filename":"product-image-79949-6996d74709c6c.jpg"}
[2026-02-19 09:26:31] [INFO] Downloaded product image | Context: {"product_id":79949,"attachment_id":81860,"filename":"product-image-79949-6996d7477d9d5.jpg"}
[2026-02-19 09:26:31] [INFO] Updated product | Context: {"external_id":1369702,"product_id":79949}
[2026-02-19 09:26:32] [INFO] Downloaded product image | Context: {"product_id":79950,"attachment_id":81861,"filename":"product-image-79950-6996d7480b681.jpg"}
[2026-02-19 09:26:32] [INFO] Downloaded product image | Context: {"product_id":79950,"attachment_id":81862,"filename":"product-image-79950-6996d7487ec40.jpg"}
[2026-02-19 09:26:33] [INFO] Downloaded product image | Context: {"product_id":79950,"attachment_id":81863,"filename":"product-image-79950-6996d74907cc0.jpg"}
[2026-02-19 09:26:33] [INFO] Downloaded product image | Context: {"product_id":79950,"attachment_id":81864,"filename":"product-image-79950-6996d749774d8.jpg"}
[2026-02-19 09:26:33] [INFO] Updated product | Context: {"external_id":1331946,"product_id":79950}
[2026-02-19 09:26:33] [INFO] Updated product | Context: {"external_id":1322937,"product_id":79963}
[2026-02-19 09:26:33] [INFO] Updated product | Context: {"external_id":1322934,"product_id":79951}
[2026-02-19 09:26:34] [INFO] Downloaded product image | Context: {"product_id":79952,"attachment_id":81865,"filename":"product-image-79952-6996d74a1f8fa.jpg"}
[2026-02-19 09:26:34] [INFO] Downloaded product image | Context: {"product_id":79952,"attachment_id":81866,"filename":"product-image-79952-6996d74a9ea36.jpg"}
[2026-02-19 09:26:35] [INFO] Downloaded product image | Context: {"product_id":79952,"attachment_id":81867,"filename":"product-image-79952-6996d74b2afcc.jpg"}
[2026-02-19 09:26:35] [INFO] Downloaded product image | Context: {"product_id":79952,"attachment_id":81868,"filename":"product-image-79952-6996d74bb08dd.jpg"}
[2026-02-19 09:26:36] [INFO] Downloaded product image | Context: {"product_id":79952,"attachment_id":81869,"filename":"product-image-79952-6996d74c2b27f.jpg"}
[2026-02-19 09:26:36] [INFO] Updated product | Context: {"external_id":1368994,"product_id":79952}
[2026-02-19 09:26:36] [INFO] Downloaded product image | Context: {"product_id":79955,"attachment_id":81870,"filename":"product-image-79955-6996d74c9c27c.jpg"}
[2026-02-19 09:26:37] [INFO] Downloaded product image | Context: {"product_id":79955,"attachment_id":81871,"filename":"product-image-79955-6996d74d21dc5.jpg"}
[2026-02-19 09:26:37] [INFO] Downloaded product image | Context: {"product_id":79955,"attachment_id":81872,"filename":"product-image-79955-6996d74d9cd94.jpg"}
[2026-02-19 09:26:38] [INFO] Downloaded product image | Context: {"product_id":79955,"attachment_id":81873,"filename":"product-image-79955-6996d74e0f91c.jpg"}
[2026-02-19 09:26:38] [INFO] Updated product | Context: {"external_id":1364171,"product_id":79955}
[2026-02-19 09:26:38] [INFO] Downloaded product image | Context: {"product_id":79953,"attachment_id":81874,"filename":"product-image-79953-6996d74e8413a.jpg"}
[2026-02-19 09:26:39] [INFO] Downloaded product image | Context: {"product_id":79953,"attachment_id":81875,"filename":"product-image-79953-6996d74ee0302.jpg"}
[2026-02-19 09:26:39] [INFO] Downloaded product image | Context: {"product_id":79953,"attachment_id":81876,"filename":"product-image-79953-6996d74f543a8.jpg"}
[2026-02-19 09:26:39] [INFO] Downloaded product image | Context: {"product_id":79953,"attachment_id":81877,"filename":"product-image-79953-6996d74fbe0ea.jpg"}
[2026-02-19 09:26:39] [INFO] Updated product | Context: {"external_id":1370404,"product_id":79953}
[2026-02-19 09:26:40] [INFO] Downloaded product image | Context: {"product_id":79957,"attachment_id":81878,"filename":"product-image-79957-6996d7504da35.jpg"}
[2026-02-19 09:26:40] [INFO] Downloaded product image | Context: {"product_id":79957,"attachment_id":81879,"filename":"product-image-79957-6996d750b8fc4.jpg"}
[2026-02-19 09:26:41] [INFO] Downloaded product image | Context: {"product_id":79957,"attachment_id":81880,"filename":"product-image-79957-6996d7513b3ff.jpg"}
[2026-02-19 09:26:41] [INFO] Downloaded product image | Context: {"product_id":79957,"attachment_id":81881,"filename":"product-image-79957-6996d751bc49a.jpg"}
[2026-02-19 09:26:41] [INFO] Updated product | Context: {"external_id":1335151,"product_id":79957}
[2026-02-19 09:26:41] [INFO] Updated product | Context: {"external_id":1292382,"product_id":79960}
[2026-02-19 09:26:42] [INFO] Downloaded product image | Context: {"product_id":79959,"attachment_id":81882,"filename":"product-image-79959-6996d7525a106.jpg"}
[2026-02-19 09:26:42] [INFO] Downloaded product image | Context: {"product_id":79959,"attachment_id":81883,"filename":"product-image-79959-6996d752c9a7b.jpg"}
[2026-02-19 09:26:43] [INFO] Downloaded product image | Context: {"product_id":79959,"attachment_id":81884,"filename":"product-image-79959-6996d7534fcfd.jpg"}
[2026-02-19 09:26:43] [INFO] Downloaded product image | Context: {"product_id":79959,"attachment_id":81885,"filename":"product-image-79959-6996d753c7e25.jpg"}
[2026-02-19 09:26:43] [INFO] Updated product | Context: {"external_id":1368948,"product_id":79959}
[2026-02-19 09:26:44] [INFO] Downloaded product image | Context: {"product_id":79956,"attachment_id":81886,"filename":"product-image-79956-6996d7545875b.jpg"}
[2026-02-19 09:26:44] [INFO] Updated product | Context: {"external_id":1292965,"product_id":79956}
[2026-02-19 09:26:45] [INFO] Downloaded product image | Context: {"product_id":79954,"attachment_id":81887,"filename":"product-image-79954-6996d754d5db1.jpg"}
[2026-02-19 09:26:45] [INFO] Downloaded product image | Context: {"product_id":79954,"attachment_id":81888,"filename":"product-image-79954-6996d755597d9.jpg"}
[2026-02-19 09:26:46] [INFO] Downloaded product image | Context: {"product_id":79954,"attachment_id":81889,"filename":"product-image-79954-6996d755d3468.jpg"}
[2026-02-19 09:26:46] [INFO] Downloaded product image | Context: {"product_id":79954,"attachment_id":81890,"filename":"product-image-79954-6996d7563be1c.jpg"}
[2026-02-19 09:26:46] [INFO] Updated product | Context: {"external_id":1269253,"product_id":79954}
[2026-02-19 09:26:46] [INFO] Updated product | Context: {"external_id":1364172,"product_id":79961}
[2026-02-19 09:26:46] [INFO] Downloaded product image | Context: {"product_id":80036,"attachment_id":81891,"filename":"product-image-80036-6996d756bf9f5.jpg"}
[2026-02-19 09:26:47] [INFO] Downloaded product image | Context: {"product_id":80036,"attachment_id":81892,"filename":"product-image-80036-6996d75746125.jpg"}
[2026-02-19 09:26:47] [INFO] Downloaded product image | Context: {"product_id":80036,"attachment_id":81893,"filename":"product-image-80036-6996d757ad328.jpg"}
[2026-02-19 09:26:48] [INFO] Downloaded product image | Context: {"product_id":80036,"attachment_id":81894,"filename":"product-image-80036-6996d7581e8ae.jpg"}
[2026-02-19 09:26:48] [INFO] Updated product | Context: {"external_id":1484040,"product_id":80036}
[2026-02-19 09:26:48] [INFO] Downloaded product image | Context: {"product_id":79962,"attachment_id":81895,"filename":"product-image-79962-6996d758aa85b.jpg"}
[2026-02-19 09:26:49] [INFO] Downloaded product image | Context: {"product_id":79962,"attachment_id":81896,"filename":"product-image-79962-6996d7592da5e.jpg"}
[2026-02-19 09:26:49] [INFO] Downloaded product image | Context: {"product_id":79962,"attachment_id":81897,"filename":"product-image-79962-6996d7599922d.jpg"}
[2026-02-19 09:26:50] [INFO] Downloaded product image | Context: {"product_id":79962,"attachment_id":81898,"filename":"product-image-79962-6996d75a1982f.jpg"}
[2026-02-19 09:26:50] [INFO] Downloaded product image | Context: {"product_id":79962,"attachment_id":81899,"filename":"product-image-79962-6996d75a8b184.jpg"}
[2026-02-19 09:26:50] [INFO] Updated product | Context: {"external_id":1348497,"product_id":79962}
[2026-02-19 09:26:51] [INFO] Downloaded product image | Context: {"product_id":79958,"attachment_id":81900,"filename":"product-image-79958-6996d75b16709.jpg"}
[2026-02-19 09:26:51] [INFO] Downloaded product image | Context: {"product_id":79958,"attachment_id":81901,"filename":"product-image-79958-6996d75b96c70.jpg"}
[2026-02-19 09:26:52] [INFO] Downloaded product image | Context: {"product_id":79958,"attachment_id":81902,"filename":"product-image-79958-6996d75c0e4bb.jpg"}
[2026-02-19 09:26:52] [INFO] Downloaded product image | Context: {"product_id":79958,"attachment_id":81903,"filename":"product-image-79958-6996d75c7f457.jpg"}
[2026-02-19 09:26:52] [INFO] Updated product | Context: {"external_id":1185281,"product_id":79958}
[2026-02-19 09:26:52] [INFO] Updated product | Context: {"external_id":1370440,"product_id":79970}
[2026-02-19 09:26:52] [INFO] Updated product | Context: {"external_id":1369701,"product_id":79968}
[2026-02-19 09:26:53] [INFO] Downloaded product image | Context: {"product_id":79999,"attachment_id":81904,"filename":"product-image-79999-6996d75d2327a.jpg"}
[2026-02-19 09:26:53] [INFO] Downloaded product image | Context: {"product_id":79999,"attachment_id":81905,"filename":"product-image-79999-6996d75d980e0.jpg"}
[2026-02-19 09:26:54] [INFO] Downloaded product image | Context: {"product_id":79999,"attachment_id":81906,"filename":"product-image-79999-6996d75e0e719.jpg"}
[2026-02-19 09:26:54] [INFO] Downloaded product image | Context: {"product_id":79999,"attachment_id":81907,"filename":"product-image-79999-6996d75e7eb53.jpg"}
[2026-02-19 09:26:54] [INFO] Updated product | Context: {"external_id":1366075,"product_id":79999}
[2026-02-19 09:26:54] [INFO] Updated product | Context: {"external_id":1370412,"product_id":79965}
[2026-02-19 09:26:55] [INFO] Downloaded product image | Context: {"product_id":79975,"attachment_id":81908,"filename":"product-image-79975-6996d75f21819.jpg"}
[2026-02-19 09:26:55] [INFO] Downloaded product image | Context: {"product_id":79975,"attachment_id":81909,"filename":"product-image-79975-6996d75f88f63.jpg"}
[2026-02-19 09:26:56] [INFO] Downloaded product image | Context: {"product_id":79975,"attachment_id":81910,"filename":"product-image-79975-6996d7601432d.jpg"}
[2026-02-19 09:26:56] [INFO] Downloaded product image | Context: {"product_id":79975,"attachment_id":81911,"filename":"product-image-79975-6996d7608c74d.jpg"}
[2026-02-19 09:26:57] [INFO] Downloaded product image | Context: {"product_id":79975,"attachment_id":81912,"filename":"product-image-79975-6996d76109914.jpg"}
[2026-02-19 09:26:57] [INFO] Updated product | Context: {"external_id":1348501,"product_id":79975}
[2026-02-19 09:26:57] [INFO] Downloaded product image | Context: {"product_id":79978,"attachment_id":81913,"filename":"product-image-79978-6996d7618d10c.jpg"}
[2026-02-19 09:26:58] [INFO] Downloaded product image | Context: {"product_id":79978,"attachment_id":81914,"filename":"product-image-79978-6996d76222346.jpg"}
[2026-02-19 09:26:58] [INFO] Downloaded product image | Context: {"product_id":79978,"attachment_id":81915,"filename":"product-image-79978-6996d76292434.jpg"}
[2026-02-19 09:26:59] [INFO] Downloaded product image | Context: {"product_id":79978,"attachment_id":81916,"filename":"product-image-79978-6996d7632520d.jpg"}
[2026-02-19 09:26:59] [INFO] Updated product | Context: {"external_id":1351356,"product_id":79978}
[2026-02-19 09:26:59] [INFO] Downloaded product image | Context: {"product_id":79977,"attachment_id":81917,"filename":"product-image-79977-6996d763b1933.jpg"}
[2026-02-19 09:27:00] [WARNING] Failed to download image | Context: {"url":"https:\/\/media.mts.ee\/eyJidWNrZXQiOiJtdHMtcHJvZHVjdC1pbWFnZXMiLCJrZXkiOiI3XC83NFwvNzQxNTU4MjI0ZWEyMTczMjcwMmIyZjBjOWUxNTU4ZWEuanBnIiwiZWRpdHMiOnsicmVzaXplIjp7IndpZHRoIjoxMjAwLCJoZWlnaHQiOjYzMCwiZml0IjoiY29udGFpbiIsImJhY2tncm91bmQiOnsiciI6MjU1LCJnIjoyNTUsImIiOjI1NSwiYWxwaGEiOjF9fX19","error":"Not Found"}
[2026-02-19 09:27:00] [WARNING] Failed to download image | Context: {"url":"https:\/\/media.mts.ee\/eyJidWNrZXQiOiJtdHMtcHJvZHVjdC1pbWFnZXMiLCJrZXkiOiIxXC8xN1wvMTdlY2MzYjRlNDNhNTY1NjlhNzNmMzY0YmNjMjZkNTIuanBnIiwiZWRpdHMiOnsicmVzaXplIjp7IndpZHRoIjoxMjAwLCJoZWlnaHQiOjYzMCwiZml0IjoiY29udGFpbiIsImJhY2tncm91bmQiOnsiciI6MjU1LCJnIjoyNTUsImIiOjI1NSwiYWxwaGEiOjF9fX19","error":"Not Found"}
[2026-02-19 09:27:00] [WARNING] Failed to download image | Context: {"url":"https:\/\/media.mts.ee\/eyJidWNrZXQiOiJtdHMtcHJvZHVjdC1pbWFnZXMiLCJrZXkiOiI5XC85NlwvOTZlMTcwMjk4NTNjMjlhMDlhOTY1M2Q4ODlmZDJjNmIuanBnIiwiZWRpdHMiOnsicmVzaXplIjp7IndpZHRoIjoxMjAwLCJoZWlnaHQiOjYzMCwiZml0IjoiY29udGFpbiIsImJhY2tncm91bmQiOnsiciI6MjU1LCJnIjoyNTUsImIiOjI1NSwiYWxwaGEiOjF9fX19","error":"Not Found"}
[2026-02-19 09:27:00] [INFO] Updated product | Context: {"external_id":1292973,"product_id":79977}
[2026-02-19 09:27:01] [INFO] Downloaded product image | Context: {"product_id":79971,"attachment_id":81918,"filename":"product-image-79971-6996d764e387c.jpg"}
[2026-02-19 09:27:01] [INFO] Downloaded product image | Context: {"product_id":79971,"attachment_id":81919,"filename":"product-image-79971-6996d76552aee.jpg"}
[2026-02-19 09:27:01] [INFO] Downloaded product image | Context: {"product_id":79971,"attachment_id":81920,"filename":"product-image-79971-6996d765c7833.jpg"}
[2026-02-19 09:27:02] [INFO] Downloaded product image | Context: {"product_id":79971,"attachment_id":81921,"filename":"product-image-79971-6996d76660aee.jpg"}
[2026-02-19 09:27:02] [INFO] Updated product | Context: {"external_id":1291301,"product_id":79971}
[2026-02-19 09:27:03] [INFO] Downloaded product image | Context: {"product_id":79969,"attachment_id":81922,"filename":"product-image-79969-6996d766e4bcc.jpg"}
[2026-02-19 09:27:03] [INFO] Downloaded product image | Context: {"product_id":79969,"attachment_id":81923,"filename":"product-image-79969-6996d7675dca5.jpg"}
[2026-02-19 09:27:04] [INFO] Downloaded product image | Context: {"product_id":79969,"attachment_id":81924,"filename":"product-image-79969-6996d767dfaf7.jpg"}
[2026-02-19 09:27:04] [INFO] Downloaded product image | Context: {"product_id":79969,"attachment_id":81925,"filename":"product-image-79969-6996d76874b6d.jpg"}
[2026-02-19 09:27:04] [INFO] Updated product | Context: {"external_id":1370452,"product_id":79969}
[2026-02-19 09:27:04] [INFO] Batch processed | Context: {"offset":2900,"total":3431}
[2026-02-19 09:27:05] [INFO] Updated product | Context: {"external_id":1292833,"product_id":79985}
[2026-02-19 09:27:05] [INFO] Updated product | Context: {"external_id":1370407,"product_id":79967}
[2026-02-19 09:27:06] [INFO] Downloaded product image | Context: {"product_id":79976,"attachment_id":81926,"filename":"product-image-79976-6996d76a15aae.jpg"}
[2026-02-19 09:27:06] [INFO] Downloaded product image | Context: {"product_id":79976,"attachment_id":81927,"filename":"product-image-79976-6996d76a8aadb.jpg"}
[2026-02-19 09:27:07] [INFO] Downloaded product image | Context: {"product_id":79976,"attachment_id":81928,"filename":"product-image-79976-6996d76b0ccd8.jpg"}
[2026-02-19 09:27:07] [INFO] Downloaded product image | Context: {"product_id":79976,"attachment_id":81929,"filename":"product-image-79976-6996d76b7dfca.jpg"}
[2026-02-19 09:27:08] [INFO] Downloaded product image | Context: {"product_id":79976,"attachment_id":81930,"filename":"product-image-79976-6996d76c06400.jpg"}
[2026-02-19 09:27:08] [INFO] Updated product | Context: {"external_id":1348480,"product_id":79976}
[2026-02-19 09:27:08] [INFO] Downloaded product image | Context: {"product_id":80018,"attachment_id":81931,"filename":"product-image-80018-6996d76c84c50.jpg"}
[2026-02-19 09:27:09] [INFO] Downloaded product image | Context: {"product_id":80018,"attachment_id":81932,"filename":"product-image-80018-6996d76d0c1e9.jpg"}
[2026-02-19 09:27:09] [INFO] Downloaded product image | Context: {"product_id":80018,"attachment_id":81933,"filename":"product-image-80018-6996d76d80a55.jpg"}
[2026-02-19 09:27:10] [INFO] Downloaded product image | Context: {"product_id":80018,"attachment_id":81934,"filename":"product-image-80018-6996d76e03d5c.jpg"}
[2026-02-19 09:27:10] [INFO] Updated product | Context: {"external_id":1309387,"product_id":80018}
[2026-02-19 09:27:10] [INFO] Updated product | Context: {"external_id":1292830,"product_id":79986}
[2026-02-19 09:27:10] [INFO] Downloaded product image | Context: {"product_id":79972,"attachment_id":81935,"filename":"product-image-79972-6996d76ea6166.jpg"}
[2026-02-19 09:27:11] [INFO] Downloaded product image | Context: {"product_id":79972,"attachment_id":81936,"filename":"product-image-79972-6996d76f194c3.jpg"}
[2026-02-19 09:27:11] [INFO] Downloaded product image | Context: {"product_id":79972,"attachment_id":81937,"filename":"product-image-79972-6996d76f7abf1.jpg"}
[2026-02-19 09:27:12] [INFO] Downloaded product image | Context: {"product_id":79972,"attachment_id":81938,"filename":"product-image-79972-6996d76fe7a77.jpg"}
[2026-02-19 09:27:12] [INFO] Downloaded product image | Context: {"product_id":79972,"attachment_id":81939,"filename":"product-image-79972-6996d770585e7.jpg"}
[2026-02-19 09:27:12] [INFO] Updated product | Context: {"external_id":1471508,"product_id":79972}
[2026-02-19 09:27:13] [INFO] Downloaded product image | Context: {"product_id":79966,"attachment_id":81940,"filename":"product-image-79966-6996d770d82cd.jpg"}
[2026-02-19 09:27:13] [INFO] Downloaded product image | Context: {"product_id":79966,"attachment_id":81941,"filename":"product-image-79966-6996d77159ad1.jpg"}
[2026-02-19 09:27:13] [INFO] Downloaded product image | Context: {"product_id":79966,"attachment_id":81942,"filename":"product-image-79966-6996d771be6b7.jpg"}
[2026-02-19 09:27:14] [INFO] Downloaded product image | Context: {"product_id":79966,"attachment_id":81943,"filename":"product-image-79966-6996d77245067.jpg"}
[2026-02-19 09:27:14] [INFO] Updated product | Context: {"external_id":1357327,"product_id":79966}
[2026-02-19 09:27:14] [INFO] Updated product | Context: {"external_id":1309386,"product_id":80057}
[2026-02-19 09:27:14] [INFO] Updated product | Context: {"external_id":1370411,"product_id":79980}
[2026-02-19 09:27:15] [INFO] Downloaded product image | Context: {"product_id":79983,"attachment_id":81944,"filename":"product-image-79983-6996d772eae4d.jpg"}
[2026-02-19 09:27:15] [INFO] Downloaded product image | Context: {"product_id":79983,"attachment_id":81945,"filename":"product-image-79983-6996d7736dc32.jpg"}
[2026-02-19 09:27:16] [INFO] Downloaded product image | Context: {"product_id":79983,"attachment_id":81946,"filename":"product-image-79983-6996d773eb770.jpg"}
[2026-02-19 09:27:16] [INFO] Downloaded product image | Context: {"product_id":79983,"attachment_id":81947,"filename":"product-image-79983-6996d7747d706.jpg"}
[2026-02-19 09:27:16] [INFO] Updated product | Context: {"external_id":1357373,"product_id":79983}
[2026-02-19 09:27:17] [INFO] Downloaded product image | Context: {"product_id":80004,"attachment_id":81948,"filename":"product-image-80004-6996d7751362d.jpg"}
[2026-02-19 09:27:17] [INFO] Downloaded product image | Context: {"product_id":80004,"attachment_id":81949,"filename":"product-image-80004-6996d77593144.jpg"}
[2026-02-19 09:27:18] [INFO] Downloaded product image | Context: {"product_id":80004,"attachment_id":81950,"filename":"product-image-80004-6996d7760dfdc.jpg"}
[2026-02-19 09:27:18] [INFO] Downloaded product image | Context: {"product_id":80004,"attachment_id":81951,"filename":"product-image-80004-6996d77688e54.jpg"}
[2026-02-19 09:27:18] [INFO] Updated product | Context: {"external_id":1333813,"product_id":80004}
[2026-02-19 09:27:18] [INFO] Updated product | Context: {"external_id":1292828,"product_id":79994}
[2026-02-19 09:27:19] [INFO] Downloaded product image | Context: {"product_id":80020,"attachment_id":81952,"filename":"product-image-80020-6996d77721f13.jpg"}
[2026-02-19 09:27:19] [INFO] Downloaded product image | Context: {"product_id":80020,"attachment_id":81953,"filename":"product-image-80020-6996d777ad658.jpg"}
[2026-02-19 09:27:20] [INFO] Downloaded product image | Context: {"product_id":80020,"attachment_id":81954,"filename":"product-image-80020-6996d77838cda.jpg"}
[2026-02-19 09:27:20] [INFO] Downloaded product image | Context: {"product_id":80020,"attachment_id":81955,"filename":"product-image-80020-6996d778b309b.jpg"}
[2026-02-19 09:27:21] [INFO] Downloaded product image | Context: {"product_id":80020,"attachment_id":81956,"filename":"product-image-80020-6996d7793bf94.jpg"}
[2026-02-19 09:27:21] [INFO] Updated product | Context: {"external_id":1474364,"product_id":80020}
[2026-02-19 09:27:21] [INFO] Updated product | Context: {"external_id":1474362,"product_id":80008}
[2026-02-19 09:27:21] [INFO] Updated product | Context: {"external_id":1370446,"product_id":80009}
[2026-02-19 09:27:21] [INFO] Updated product | Context: {"external_id":1370406,"product_id":80027}
[2026-02-19 09:27:21] [INFO] Updated product | Context: {"external_id":1351355,"product_id":79997}
[2026-02-19 09:27:22] [INFO] Downloaded product image | Context: {"product_id":79984,"attachment_id":81957,"filename":"product-image-79984-6996d77a0d126.jpg"}
[2026-02-19 09:27:22] [INFO] Downloaded product image | Context: {"product_id":79984,"attachment_id":81958,"filename":"product-image-79984-6996d77a84e39.jpg"}
[2026-02-19 09:27:23] [INFO] Downloaded product image | Context: {"product_id":79984,"attachment_id":81959,"filename":"product-image-79984-6996d77b106da.jpg"}
[2026-02-19 09:27:23] [INFO] Downloaded product image | Context: {"product_id":79984,"attachment_id":81960,"filename":"product-image-79984-6996d77b83d13.jpg"}
[2026-02-19 09:27:24] [INFO] Downloaded product image | Context: {"product_id":79984,"attachment_id":81961,"filename":"product-image-79984-6996d77c060fe.jpg"}
[2026-02-19 09:27:24] [INFO] Updated product | Context: {"external_id":1348496,"product_id":79984}
[2026-02-19 09:27:24] [INFO] Updated product | Context: {"external_id":1341277,"product_id":79973}
[2026-02-19 09:27:24] [INFO] Updated product | Context: {"external_id":1341275,"product_id":80033}
[2026-02-19 09:27:24] [INFO] Updated product | Context: {"external_id":1370455,"product_id":80043}
[2026-02-19 09:27:24] [INFO] Downloaded product image | Context: {"product_id":79989,"attachment_id":81962,"filename":"product-image-79989-6996d77cb673c.jpg"}
[2026-02-19 09:27:25] [INFO] Downloaded product image | Context: {"product_id":79989,"attachment_id":81963,"filename":"product-image-79989-6996d77d30137.jpg"}
[2026-02-19 09:27:25] [INFO] Downloaded product image | Context: {"product_id":79989,"attachment_id":81964,"filename":"product-image-79989-6996d77da0560.jpg"}
[2026-02-19 09:27:26] [INFO] Downloaded product image | Context: {"product_id":79989,"attachment_id":81965,"filename":"product-image-79989-6996d77e28620.jpg"}
[2026-02-19 09:27:26] [INFO] Updated product | Context: {"external_id":1351362,"product_id":79989}
[2026-02-19 09:27:26] [INFO] Downloaded product image | Context: {"product_id":79991,"attachment_id":81966,"filename":"product-image-79991-6996d77ea5ca8.jpg"}
[2026-02-19 09:27:27] [INFO] Downloaded product image | Context: {"product_id":79991,"attachment_id":81967,"filename":"product-image-79991-6996d77f40b2e.jpg"}
[2026-02-19 09:27:27] [INFO] Downloaded product image | Context: {"product_id":79991,"attachment_id":81968,"filename":"product-image-79991-6996d77fb08a2.jpg"}
[2026-02-19 09:27:28] [INFO] Downloaded product image | Context: {"product_id":79991,"attachment_id":81969,"filename":"product-image-79991-6996d7802ccae.jpg"}
[2026-02-19 09:27:28] [INFO] Updated product | Context: {"external_id":1331978,"product_id":79991}
[2026-02-19 09:27:28] [INFO] Downloaded product image | Context: {"product_id":79992,"attachment_id":81970,"filename":"product-image-79992-6996d780ac07e.jpg"}
[2026-02-19 09:27:29] [INFO] Downloaded product image | Context: {"product_id":79992,"attachment_id":81971,"filename":"product-image-79992-6996d7812cf68.jpg"}
[2026-02-19 09:27:29] [INFO] Downloaded product image | Context: {"product_id":79992,"attachment_id":81972,"filename":"product-image-79992-6996d781a04be.jpg"}
[2026-02-19 09:27:30] [INFO] Downloaded product image | Context: {"product_id":79992,"attachment_id":81973,"filename":"product-image-79992-6996d782190af.jpg"}
[2026-02-19 09:27:30] [INFO] Updated product | Context: {"external_id":1307527,"product_id":79992}
[2026-02-19 09:27:30] [INFO] Downloaded product image | Context: {"product_id":80060,"attachment_id":81974,"filename":"product-image-80060-6996d7829d467.jpg"}
[2026-02-19 09:27:31] [INFO] Downloaded product image | Context: {"product_id":80060,"attachment_id":81975,"filename":"product-image-80060-6996d7830fe0b.jpg"}
[2026-02-19 09:27:31] [INFO] Downloaded product image | Context: {"product_id":80060,"attachment_id":81976,"filename":"product-image-80060-6996d7837f9b7.jpg"}
[2026-02-19 09:27:32] [INFO] Downloaded product image | Context: {"product_id":80060,"attachment_id":81977,"filename":"product-image-80060-6996d783f41e0.jpg"}
[2026-02-19 09:27:32] [INFO] Updated product | Context: {"external_id":1484250,"product_id":80060}
[2026-02-19 09:27:32] [INFO] Updated product | Context: {"external_id":1370443,"product_id":80025}
[2026-02-19 09:27:32] [INFO] Updated product | Context: {"external_id":1368951,"product_id":80011}
[2026-02-19 09:27:32] [INFO] Updated product | Context: {"external_id":1357364,"product_id":79974}
[2026-02-19 09:27:32] [INFO] Updated product | Context: {"external_id":1351361,"product_id":79981}
[2026-02-19 09:27:32] [INFO] Updated product | Context: {"external_id":1341280,"product_id":79990}
[2026-02-19 09:27:32] [INFO] Downloaded product image | Context: {"product_id":80056,"attachment_id":81978,"filename":"product-image-80056-6996d784becca.jpg"}
[2026-02-19 09:27:33] [INFO] Downloaded product image | Context: {"product_id":80056,"attachment_id":81979,"filename":"product-image-80056-6996d7854e521.jpg"}
[2026-02-19 09:27:33] [INFO] Downloaded product image | Context: {"product_id":80056,"attachment_id":81980,"filename":"product-image-80056-6996d785c2baf.jpg"}
[2026-02-19 09:27:34] [INFO] Downloaded product image | Context: {"product_id":80056,"attachment_id":81981,"filename":"product-image-80056-6996d7864971e.jpg"}
[2026-02-19 09:27:34] [INFO] Updated product | Context: {"external_id":1335219,"product_id":80056}
[2026-02-19 09:27:34] [INFO] Updated product | Context: {"external_id":1472006,"product_id":80021}
[2026-02-19 09:27:35] [INFO] Downloaded product image | Context: {"product_id":80022,"attachment_id":81982,"filename":"product-image-80022-6996d786d7b9f.jpg"}
[2026-02-19 09:27:35] [INFO] Downloaded product image | Context: {"product_id":80022,"attachment_id":81983,"filename":"product-image-80022-6996d7876d17d.jpg"}
[2026-02-19 09:27:36] [INFO] Downloaded product image | Context: {"product_id":80022,"attachment_id":81984,"filename":"product-image-80022-6996d787e3f9e.jpg"}
[2026-02-19 09:27:36] [INFO] Downloaded product image | Context: {"product_id":80022,"attachment_id":81985,"filename":"product-image-80022-6996d7886a805.jpg"}
[2026-02-19 09:27:37] [INFO] Downloaded product image | Context: {"product_id":80022,"attachment_id":81986,"filename":"product-image-80022-6996d788e0009.jpg"}
[2026-02-19 09:27:37] [INFO] Updated product | Context: {"external_id":1471505,"product_id":80022}
[2026-02-19 09:27:37] [INFO] Updated product | Context: {"external_id":1370458,"product_id":79988}
[2026-02-19 09:27:37] [INFO] Updated product | Context: {"external_id":1370421,"product_id":80026}
[2026-02-19 09:27:37] [INFO] Updated product | Context: {"external_id":1370417,"product_id":80069}
[2026-02-19 09:27:37] [INFO] Downloaded product image | Context: {"product_id":80073,"attachment_id":81987,"filename":"product-image-80073-6996d789ae8ff.jpg"}
[2026-02-19 09:27:38] [INFO] Downloaded product image | Context: {"product_id":80073,"attachment_id":81988,"filename":"product-image-80073-6996d78a38319.jpg"}
[2026-02-19 09:27:38] [INFO] Downloaded product image | Context: {"product_id":80073,"attachment_id":81989,"filename":"product-image-80073-6996d78aae2dd.jpg"}
[2026-02-19 09:27:39] [INFO] Downloaded product image | Context: {"product_id":80073,"attachment_id":81990,"filename":"product-image-80073-6996d78b2a903.jpg"}
[2026-02-19 09:27:39] [INFO] Updated product | Context: {"external_id":1367648,"product_id":80073}
[2026-02-19 09:27:39] [INFO] Downloaded product image | Context: {"product_id":80124,"attachment_id":81991,"filename":"product-image-80124-6996d78baf0bc.jpg"}
[2026-02-19 09:27:40] [INFO] Downloaded product image | Context: {"product_id":80124,"attachment_id":81992,"filename":"product-image-80124-6996d78c34d82.jpg"}
[2026-02-19 09:27:40] [INFO] Downloaded product image | Context: {"product_id":80124,"attachment_id":81993,"filename":"product-image-80124-6996d78ca86b8.jpg"}
[2026-02-19 09:27:41] [INFO] Downloaded product image | Context: {"product_id":80124,"attachment_id":81994,"filename":"product-image-80124-6996d78d153e9.jpg"}
[2026-02-19 09:27:41] [INFO] Updated product | Context: {"external_id":1366093,"product_id":80124}
[2026-02-19 09:27:41] [INFO] Downloaded product image | Context: {"product_id":80001,"attachment_id":81995,"filename":"product-image-80001-6996d78d90b81.jpg"}
[2026-02-19 09:27:42] [INFO] Downloaded product image | Context: {"product_id":80001,"attachment_id":81996,"filename":"product-image-80001-6996d78e16f33.jpg"}
[2026-02-19 09:27:42] [INFO] Downloaded product image | Context: {"product_id":80001,"attachment_id":81997,"filename":"product-image-80001-6996d78e868e1.jpg"}
[2026-02-19 09:27:43] [INFO] Downloaded product image | Context: {"product_id":80001,"attachment_id":81998,"filename":"product-image-80001-6996d78f136ef.jpg"}
[2026-02-19 09:27:43] [INFO] Updated product | Context: {"external_id":1363193,"product_id":80001}
[2026-02-19 09:27:43] [INFO] Updated product | Context: {"external_id":1292384,"product_id":80019}
[2026-02-19 09:27:43] [INFO] Downloaded product image | Context: {"product_id":80206,"attachment_id":81999,"filename":"product-image-80206-6996d78fa3cd3.jpg"}
[2026-02-19 09:27:44] [INFO] Downloaded product image | Context: {"product_id":80206,"attachment_id":82000,"filename":"product-image-80206-6996d7902c58a.jpg"}
[2026-02-19 09:27:44] [INFO] Downloaded product image | Context: {"product_id":80206,"attachment_id":82001,"filename":"product-image-80206-6996d7909d8ba.jpg"}
[2026-02-19 09:27:45] [INFO] Downloaded product image | Context: {"product_id":80206,"attachment_id":82002,"filename":"product-image-80206-6996d791106b3.jpg"}
[2026-02-19 09:27:45] [INFO] Updated product | Context: {"external_id":1479811,"product_id":80206}
[2026-02-19 09:27:45] [INFO] Updated product | Context: {"external_id":1476350,"product_id":80108}
[2026-02-19 09:27:45] [INFO] Updated product | Context: {"external_id":1476294,"product_id":80038}
[2026-02-19 09:27:45] [INFO] Downloaded product image | Context: {"product_id":80041,"attachment_id":82003,"filename":"product-image-80041-6996d791a3995.jpg"}
[2026-02-19 09:27:46] [INFO] Downloaded product image | Context: {"product_id":80041,"attachment_id":82004,"filename":"product-image-80041-6996d79224a4d.jpg"}
[2026-02-19 09:27:46] [INFO] Downloaded product image | Context: {"product_id":80041,"attachment_id":82005,"filename":"product-image-80041-6996d7929b4ad.jpg"}
[2026-02-19 09:27:47] [INFO] Downloaded product image | Context: {"product_id":80041,"attachment_id":82006,"filename":"product-image-80041-6996d793205fd.jpg"}
[2026-02-19 09:27:47] [INFO] Updated product | Context: {"external_id":1456527,"product_id":80041}
[2026-02-19 09:27:47] [INFO] Downloaded product image | Context: {"product_id":80030,"attachment_id":82007,"filename":"product-image-80030-6996d793aa5c2.jpg"}
[2026-02-19 09:27:48] [INFO] Downloaded product image | Context: {"product_id":80030,"attachment_id":82008,"filename":"product-image-80030-6996d7942f555.jpg"}
[2026-02-19 09:27:48] [INFO] Downloaded product image | Context: {"product_id":80030,"attachment_id":82009,"filename":"product-image-80030-6996d79493d54.jpg"}
[2026-02-19 09:27:49] [INFO] Downloaded product image | Context: {"product_id":80030,"attachment_id":82010,"filename":"product-image-80030-6996d795116a6.jpg"}
[2026-02-19 09:27:49] [INFO] Updated product | Context: {"external_id":1357557,"product_id":80030}
[2026-02-19 09:27:49] [INFO] Downloaded product image | Context: {"product_id":80080,"attachment_id":82011,"filename":"product-image-80080-6996d7959f1d6.jpg"}
[2026-02-19 09:27:50] [INFO] Downloaded product image | Context: {"product_id":80080,"attachment_id":82012,"filename":"product-image-80080-6996d79612213.jpg"}
[2026-02-19 09:27:50] [INFO] Downloaded product image | Context: {"product_id":80080,"attachment_id":82013,"filename":"product-image-80080-6996d7968bcd5.jpg"}
[2026-02-19 09:27:51] [INFO] Downloaded product image | Context: {"product_id":80080,"attachment_id":82014,"filename":"product-image-80080-6996d79704dcf.jpg"}
[2026-02-19 09:27:51] [INFO] Updated product | Context: {"external_id":1354799,"product_id":80080}
[2026-02-19 09:27:51] [INFO] Downloaded product image | Context: {"product_id":80015,"attachment_id":82015,"filename":"product-image-80015-6996d79787f57.jpg"}
[2026-02-19 09:27:52] [INFO] Downloaded product image | Context: {"product_id":80015,"attachment_id":82016,"filename":"product-image-80015-6996d7980a4af.jpg"}
[2026-02-19 09:27:52] [INFO] Downloaded product image | Context: {"product_id":80015,"attachment_id":82017,"filename":"product-image-80015-6996d7988272b.jpg"}
[2026-02-19 09:27:53] [INFO] Downloaded product image | Context: {"product_id":80015,"attachment_id":82018,"filename":"product-image-80015-6996d79904882.jpg"}
[2026-02-19 09:27:53] [INFO] Updated product | Context: {"external_id":1354359,"product_id":80015}
[2026-02-19 09:27:53] [INFO] Updated product | Context: {"external_id":1353289,"product_id":79996}
[2026-02-19 09:27:53] [INFO] Downloaded product image | Context: {"product_id":80016,"attachment_id":82019,"filename":"product-image-80016-6996d79981cb6.jpg"}
[2026-02-19 09:27:54] [INFO] Downloaded product image | Context: {"product_id":80016,"attachment_id":82020,"filename":"product-image-80016-6996d799e767d.jpg"}
[2026-02-19 09:27:54] [INFO] Downloaded product image | Context: {"product_id":80016,"attachment_id":82021,"filename":"product-image-80016-6996d79a548a6.jpg"}
[2026-02-19 09:27:54] [INFO] Downloaded product image | Context: {"product_id":80016,"attachment_id":82022,"filename":"product-image-80016-6996d79ab5723.jpg"}
[2026-02-19 09:27:54] [INFO] Updated product | Context: {"external_id":1351005,"product_id":80016}
[2026-02-19 09:27:54] [INFO] Updated product | Context: {"external_id":1348502,"product_id":80147}
[2026-02-19 09:27:54] [INFO] Batch processed | Context: {"offset":2950,"total":3431}
[2026-02-19 09:27:55] [INFO] Updated product | Context: {"external_id":1341276,"product_id":79979}
[2026-02-19 09:27:55] [INFO] Updated product | Context: {"external_id":1335214,"product_id":80017}
[2026-02-19 09:27:55] [INFO] Updated product | Context: {"external_id":1479818,"product_id":80061}
[2026-02-19 09:27:55] [INFO] Updated product | Context: {"external_id":1476353,"product_id":80062}
[2026-02-19 09:27:56] [INFO] Updated product | Context: {"external_id":1476295,"product_id":80037}
[2026-02-19 09:27:56] [INFO] Updated product | Context: {"external_id":1472003,"product_id":80040}
[2026-02-19 09:27:56] [INFO] Downloaded product image | Context: {"product_id":80109,"attachment_id":82023,"filename":"product-image-80109-6996d79c77cf5.jpg"}
[2026-02-19 09:27:57] [INFO] Downloaded product image | Context: {"product_id":80109,"attachment_id":82024,"filename":"product-image-80109-6996d79cf2b59.jpg"}
[2026-02-19 09:27:57] [INFO] Downloaded product image | Context: {"product_id":80109,"attachment_id":82025,"filename":"product-image-80109-6996d79d8220a.jpg"}
[2026-02-19 09:27:58] [INFO] Downloaded product image | Context: {"product_id":80109,"attachment_id":82026,"filename":"product-image-80109-6996d79deb81f.jpg"}
[2026-02-19 09:27:58] [INFO] Downloaded product image | Context: {"product_id":80109,"attachment_id":82027,"filename":"product-image-80109-6996d79e6e49d.jpg"}
[2026-02-19 09:27:58] [INFO] Updated product | Context: {"external_id":1470140,"product_id":80109}
[2026-02-19 09:27:59] [INFO] Downloaded product image | Context: {"product_id":79998,"attachment_id":82028,"filename":"product-image-79998-6996d79ef2619.jpg"}
[2026-02-19 09:27:59] [INFO] Downloaded product image | Context: {"product_id":79998,"attachment_id":82029,"filename":"product-image-79998-6996d79f6851b.jpg"}
[2026-02-19 09:28:00] [INFO] Downloaded product image | Context: {"product_id":79998,"attachment_id":82030,"filename":"product-image-79998-6996d79fdeb47.jpg"}
[2026-02-19 09:28:00] [INFO] Downloaded product image | Context: {"product_id":79998,"attachment_id":82031,"filename":"product-image-79998-6996d7a05a996.jpg"}
[2026-02-19 09:28:00] [INFO] Updated product | Context: {"external_id":1456530,"product_id":79998}
[2026-02-19 09:28:00] [INFO] Updated product | Context: {"external_id":1370785,"product_id":80065}
[2026-02-19 09:28:01] [INFO] Downloaded product image | Context: {"product_id":79987,"attachment_id":82032,"filename":"product-image-79987-6996d7a0e0cd4.jpg"}
[2026-02-19 09:28:01] [INFO] Downloaded product image | Context: {"product_id":79987,"attachment_id":82033,"filename":"product-image-79987-6996d7a1677a0.jpg"}
[2026-02-19 09:28:02] [INFO] Downloaded product image | Context: {"product_id":79987,"attachment_id":82034,"filename":"product-image-79987-6996d7a1cc66f.jpg"}
[2026-02-19 09:28:02] [INFO] Downloaded product image | Context: {"product_id":79987,"attachment_id":82035,"filename":"product-image-79987-6996d7a259ee3.jpg"}
[2026-02-19 09:28:02] [INFO] Downloaded product image | Context: {"product_id":79987,"attachment_id":82036,"filename":"product-image-79987-6996d7a2baffb.jpg"}
[2026-02-19 09:28:02] [INFO] Updated product | Context: {"external_id":1370782,"product_id":79987}
[2026-02-19 09:28:02] [INFO] Updated product | Context: {"external_id":1370449,"product_id":80044}
[2026-02-19 09:28:03] [INFO] Updated product | Context: {"external_id":1370422,"product_id":80010}
[2026-02-19 09:28:03] [INFO] Updated product | Context: {"external_id":1370414,"product_id":80070}
[2026-02-19 09:28:03] [INFO] Updated product | Context: {"external_id":1366076,"product_id":80049}
[2026-02-19 09:28:03] [INFO] Downloaded product image | Context: {"product_id":80050,"attachment_id":82037,"filename":"product-image-80050-6996d7a378570.jpg"}
[2026-02-19 09:28:04] [INFO] Downloaded product image | Context: {"product_id":80050,"attachment_id":82038,"filename":"product-image-80050-6996d7a402b3a.jpg"}
[2026-02-19 09:28:04] [INFO] Downloaded product image | Context: {"product_id":80050,"attachment_id":82039,"filename":"product-image-80050-6996d7a46c2c5.jpg"}
[2026-02-19 09:28:04] [INFO] Downloaded product image | Context: {"product_id":80050,"attachment_id":82040,"filename":"product-image-80050-6996d7a4c44c5.jpg"}
[2026-02-19 09:28:04] [INFO] Updated product | Context: {"external_id":1365984,"product_id":80050}
[2026-02-19 09:28:05] [INFO] Updated product | Context: {"external_id":1365847,"product_id":80013}
[2026-02-19 09:28:05] [INFO] Updated product | Context: {"external_id":1365846,"product_id":80014}
[2026-02-19 09:28:05] [INFO] Downloaded product image | Context: {"product_id":80002,"attachment_id":82041,"filename":"product-image-80002-6996d7a558c68.jpg"}
[2026-02-19 09:28:06] [INFO] Downloaded product image | Context: {"product_id":80002,"attachment_id":82042,"filename":"product-image-80002-6996d7a5d6c33.jpg"}
[2026-02-19 09:28:06] [INFO] Downloaded product image | Context: {"product_id":80002,"attachment_id":82043,"filename":"product-image-80002-6996d7a65b32d.jpg"}
[2026-02-19 09:28:07] [INFO] Downloaded product image | Context: {"product_id":80002,"attachment_id":82044,"filename":"product-image-80002-6996d7a6ce8bb.jpg"}
[2026-02-19 09:28:07] [INFO] Updated product | Context: {"external_id":1362967,"product_id":80002}
[2026-02-19 09:28:07] [INFO] Updated product | Context: {"external_id":1362965,"product_id":80028}
[2026-02-19 09:28:07] [INFO] Updated product | Context: {"external_id":1357564,"product_id":80299}
[2026-02-19 09:28:07] [INFO] Updated product | Context: {"external_id":1357369,"product_id":80079}
[2026-02-19 09:28:07] [INFO] Updated product | Context: {"external_id":1357345,"product_id":80051}
[2026-02-19 09:28:07] [INFO] Updated product | Context: {"external_id":1357322,"product_id":80003}
[2026-02-19 09:28:07] [INFO] Updated product | Context: {"external_id":1357309,"product_id":80052}
[2026-02-19 09:28:07] [INFO] Downloaded product image | Context: {"product_id":80082,"attachment_id":82045,"filename":"product-image-80082-6996d7a7ae45a.jpg"}
[2026-02-19 09:28:08] [INFO] Downloaded product image | Context: {"product_id":80082,"attachment_id":82046,"filename":"product-image-80082-6996d7a8338ce.jpg"}
[2026-02-19 09:28:08] [INFO] Downloaded product image | Context: {"product_id":80082,"attachment_id":82047,"filename":"product-image-80082-6996d7a8a72ac.jpg"}
[2026-02-19 09:28:09] [INFO] Downloaded product image | Context: {"product_id":80082,"attachment_id":82048,"filename":"product-image-80082-6996d7a925428.jpg"}
[2026-02-19 09:28:09] [INFO] Updated product | Context: {"external_id":1353329,"product_id":80082}
[2026-02-19 09:28:09] [INFO] Downloaded product image | Context: {"product_id":80083,"attachment_id":82049,"filename":"product-image-80083-6996d7a993c99.jpg"}
[2026-02-19 09:28:10] [INFO] Downloaded product image | Context: {"product_id":80083,"attachment_id":82050,"filename":"product-image-80083-6996d7aa0fb35.jpg"}
[2026-02-19 09:28:10] [INFO] Downloaded product image | Context: {"product_id":80083,"attachment_id":82051,"filename":"product-image-80083-6996d7aa67088.jpg"}
[2026-02-19 09:28:11] [INFO] Downloaded product image | Context: {"product_id":80083,"attachment_id":82052,"filename":"product-image-80083-6996d7aace41c.jpg"}
[2026-02-19 09:28:11] [INFO] Updated product | Context: {"external_id":1351374,"product_id":80083}
[2026-02-19 09:28:11] [INFO] Updated product | Context: {"external_id":1341278,"product_id":80086}
[2026-02-19 09:28:11] [INFO] Updated product | Context: {"external_id":1335222,"product_id":80088}
[2026-02-19 09:28:11] [INFO] Downloaded product image | Context: {"product_id":80035,"attachment_id":82053,"filename":"product-image-80035-6996d7ab62b42.jpg"}
[2026-02-19 09:28:12] [INFO] Downloaded product image | Context: {"product_id":80035,"attachment_id":82054,"filename":"product-image-80035-6996d7abc9f1d.jpg"}
[2026-02-19 09:28:12] [INFO] Downloaded product image | Context: {"product_id":80035,"attachment_id":82055,"filename":"product-image-80035-6996d7ac4f3ad.jpg"}
[2026-02-19 09:28:12] [INFO] Downloaded product image | Context: {"product_id":80035,"attachment_id":82056,"filename":"product-image-80035-6996d7acb1005.jpg"}
[2026-02-19 09:28:12] [INFO] Updated product | Context: {"external_id":1301259,"product_id":80035}
[2026-02-19 09:28:13] [WARNING] Failed to download image | Context: {"url":"https:\/\/media.mts.ee\/eyJidWNrZXQiOiJtdHMtcHJvZHVjdC1pbWFnZXMiLCJrZXkiOiIzXC8zZlwvM2YxYmU0OGYxYjA1MTc5OWIzNDVjY2Y4NWUyOWJkMzQuanBnIiwiZWRpdHMiOnsicmVzaXplIjp7IndpZHRoIjoxMjAwLCJoZWlnaHQiOjYzMCwiZml0IjoiY29udGFpbiIsImJhY2tncm91bmQiOnsiciI6MjU1LCJnIjoyNTUsImIiOjI1NSwiYWxwaGEiOjF9fX19","error":"Not Found"}
[2026-02-19 09:28:13] [WARNING] Failed to download image | Context: {"url":"https:\/\/media.mts.ee\/eyJidWNrZXQiOiJtdHMtcHJvZHVjdC1pbWFnZXMiLCJrZXkiOiI3XC83NFwvNzQxNTU4MjI0ZWEyMTczMjcwMmIyZjBjOWUxNTU4ZWEuanBnIiwiZWRpdHMiOnsicmVzaXplIjp7IndpZHRoIjoxMjAwLCJoZWlnaHQiOjYzMCwiZml0IjoiY29udGFpbiIsImJhY2tncm91bmQiOnsiciI6MjU1LCJnIjoyNTUsImIiOjI1NSwiYWxwaGEiOjF9fX19","error":"Not Found"}
[2026-02-19 09:28:13] [WARNING] Failed to download image | Context: {"url":"https:\/\/media.mts.ee\/eyJidWNrZXQiOiJtdHMtcHJvZHVjdC1pbWFnZXMiLCJrZXkiOiIxXC8xN1wvMTdlY2MzYjRlNDNhNTY1NjlhNzNmMzY0YmNjMjZkNTIuanBnIiwiZWRpdHMiOnsicmVzaXplIjp7IndpZHRoIjoxMjAwLCJoZWlnaHQiOjYzMCwiZml0IjoiY29udGFpbiIsImJhY2tncm91bmQiOnsiciI6MjU1LCJnIjoyNTUsImIiOjI1NSwiYWxwaGEiOjF9fX19","error":"Not Found"}
[2026-02-19 09:28:13] [WARNING] Failed to download image | Context: {"url":"https:\/\/media.mts.ee\/eyJidWNrZXQiOiJtdHMtcHJvZHVjdC1pbWFnZXMiLCJrZXkiOiI5XC85NlwvOTZlMTcwMjk4NTNjMjlhMDlhOTY1M2Q4ODlmZDJjNmIuanBnIiwiZWRpdHMiOnsicmVzaXplIjp7IndpZHRoIjoxMjAwLCJoZWlnaHQiOjYzMCwiZml0IjoiY29udGFpbiIsImJhY2tncm91bmQiOnsiciI6MjU1LCJnIjoyNTUsImIiOjI1NSwiYWxwaGEiOjF9fX19","error":"Not Found"}
[2026-02-19 09:28:13] [INFO] Updated product | Context: {"external_id":1292954,"product_id":80058}
[2026-02-19 09:28:13] [INFO] Updated product | Context: {"external_id":1479820,"product_id":80203}
[2026-02-19 09:28:13] [WARNING] Failed to download image | Context: {"url":"https:\/\/media.mts.ee\/eyJidWNrZXQiOiJtdHMtcHJvZHVjdC1pbWFnZXMiLCJrZXkiOiIzXC8zZVwvM2UxNDk4OTk4N2U3NDA0Zjc2ZjZjMWYyMjNkYTQ0YmIuanBnIiwiZWRpdHMiOnsicmVzaXplIjp7IndpZHRoIjoxMjAwLCJoZWlnaHQiOjYzMCwiZml0IjoiY29udGFpbiIsImJhY2tncm91bmQiOnsiciI6MjU1LCJnIjoyNTUsImIiOjI1NSwiYWxwaGEiOjF9fX19","error":"Not Found"}
[2026-02-19 09:28:13] [WARNING] Failed to download image | Context: {"url":"https:\/\/media.mts.ee\/eyJidWNrZXQiOiJtdHMtcHJvZHVjdC1pbWFnZXMiLCJrZXkiOiJkXC9kNVwvZDU1YjgzMjRhOGIzMzVjZTU1ZGVlOWYyYWFhZGE1MmMuanBnIiwiZWRpdHMiOnsicmVzaXplIjp7IndpZHRoIjoxMjAwLCJoZWlnaHQiOjYzMCwiZml0IjoiY29udGFpbiIsImJhY2tncm91bmQiOnsiciI6MjU1LCJnIjoyNTUsImIiOjI1NSwiYWxwaGEiOjF9fX19","error":"Not Found"}
[2026-02-19 09:28:13] [INFO] Updated product | Context: {"external_id":1292980,"product_id":80092}
[2026-02-19 09:28:13] [INFO] Updated product | Context: {"external_id":1456535,"product_id":80226}
[2026-02-19 09:28:13] [INFO] Updated product | Context: {"external_id":1456531,"product_id":80023}
[2026-02-19 09:28:13] [INFO] Downloaded product image | Context: {"product_id":80214,"attachment_id":82057,"filename":"product-image-80214-6996d7adaca5d.jpg"}
[2026-02-19 09:28:14] [INFO] Downloaded product image | Context: {"product_id":80113,"attachment_id":82058,"filename":"product-image-80113-6996d7adec1e0.jpg"}
[2026-02-19 09:28:14] [INFO] Downloaded product image | Context: {"product_id":80214,"attachment_id":82059,"filename":"product-image-80214-6996d7ae2436d.jpg"}
[2026-02-19 09:28:14] [INFO] Downloaded product image | Context: {"product_id":80113,"attachment_id":82060,"filename":"product-image-80113-6996d7ae5aaec.jpg"}
[2026-02-19 09:28:14] [INFO] Downloaded product image | Context: {"product_id":80214,"attachment_id":82061,"filename":"product-image-80214-6996d7ae945c3.jpg"}
[2026-02-19 09:28:15] [INFO] Downloaded product image | Context: {"product_id":80113,"attachment_id":82062,"filename":"product-image-80113-6996d7aed29a0.jpg"}
[2026-02-19 09:28:15] [INFO] Downloaded product image | Context: {"product_id":80214,"attachment_id":82063,"filename":"product-image-80214-6996d7af0cb4b.jpg"}
[2026-02-19 09:28:15] [INFO] Updated product | Context: {"external_id":1476547,"product_id":80214}
[2026-02-19 09:28:15] [INFO] Downloaded product image | Context: {"product_id":80113,"attachment_id":82065,"filename":"product-image-80113-6996d7af4a386.jpg"}
[2026-02-19 09:28:15] [INFO] Downloaded product image | Context: {"product_id":80066,"attachment_id":82064,"filename":"product-image-80066-6996d7af4a2d0.jpg"}
[2026-02-19 09:28:15] [INFO] Updated product | Context: {"external_id":1370773,"product_id":80113}
[2026-02-19 09:28:15] [INFO] Updated product | Context: {"external_id":1370770,"product_id":80066}
[2026-02-19 09:28:15] [INFO] Updated product | Context: {"external_id":1370420,"product_id":80046}
[2026-02-19 09:28:15] [INFO] Updated product | Context: {"external_id":1370420,"product_id":80046}
[2026-02-19 09:28:15] [INFO] Updated product | Context: {"external_id":1370413,"product_id":80121}
[2026-02-19 09:28:15] [INFO] Updated product | Context: {"external_id":1370413,"product_id":80121}
[2026-02-19 09:28:15] [INFO] Updated product | Context: {"external_id":1370405,"product_id":80047}
[2026-02-19 09:28:15] [INFO] Updated product | Context: {"external_id":1370405,"product_id":80047}
[2026-02-19 09:28:15] [INFO] Updated product | Context: {"external_id":1368953,"product_id":80072}
[2026-02-19 09:28:15] [INFO] Updated product | Context: {"external_id":1368953,"product_id":80072}
[2026-02-19 09:28:16] [INFO] Downloaded product image | Context: {"product_id":80278,"attachment_id":82066,"filename":"product-image-80278-6996d7b00a9dd.jpg"}
[2026-02-19 09:28:16] [INFO] Downloaded product image | Context: {"product_id":80278,"attachment_id":82067,"filename":"product-image-80278-6996d7b00aac4.jpg"}
[2026-02-19 09:28:16] [INFO] Downloaded product image | Context: {"product_id":80278,"attachment_id":82069,"filename":"product-image-80278-6996d7b0728d6.jpg"}
[2026-02-19 09:28:16] [INFO] Downloaded product image | Context: {"product_id":80278,"attachment_id":82068,"filename":"product-image-80278-6996d7b0724c8.jpg"}
[2026-02-19 09:28:17] [INFO] Downloaded product image | Context: {"product_id":80278,"attachment_id":82070,"filename":"product-image-80278-6996d7b0e6b7a.jpg"}
[2026-02-19 09:28:17] [INFO] Downloaded product image | Context: {"product_id":80278,"attachment_id":82071,"filename":"product-image-80278-6996d7b0e6de2.jpg"}
[2026-02-19 09:28:17] [INFO] Downloaded product image | Context: {"product_id":80278,"attachment_id":82073,"filename":"product-image-80278-6996d7b167985.jpg"}
[2026-02-19 09:28:17] [INFO] Downloaded product image | Context: {"product_id":80278,"attachment_id":82072,"filename":"product-image-80278-6996d7b167ae3.jpg"}
[2026-02-19 09:28:17] [INFO] Updated product | Context: {"external_id":1366008,"product_id":80278}
[2026-02-19 09:28:17] [INFO] Updated product | Context: {"external_id":1366008,"product_id":80278}
[2026-02-19 09:28:17] [INFO] Updated product | Context: {"external_id":1365849,"product_id":80000}
[2026-02-19 09:28:17] [INFO] Updated product | Context: {"external_id":1365849,"product_id":80000}
[2026-02-19 09:28:17] [INFO] Updated product | Context: {"external_id":1363192,"product_id":80132}
[2026-02-19 09:28:17] [INFO] Updated product | Context: {"external_id":1363192,"product_id":80132}
[2026-02-19 09:28:17] [INFO] Updated product | Context: {"external_id":1357560,"product_id":80029}
[2026-02-19 09:28:17] [INFO] Updated product | Context: {"external_id":1357560,"product_id":80029}
[2026-02-19 09:28:18] [INFO] Downloaded product image | Context: {"product_id":80135,"attachment_id":82075,"filename":"product-image-80135-6996d7b23dffb.jpg"}
[2026-02-19 09:28:18] [INFO] Downloaded product image | Context: {"product_id":80135,"attachment_id":82074,"filename":"product-image-80135-6996d7b23de92.jpg"}
[2026-02-19 09:28:18] [INFO] Downloaded product image | Context: {"product_id":80135,"attachment_id":82077,"filename":"product-image-80135-6996d7b2c8b0d.jpg"}
[2026-02-19 09:28:18] [INFO] Downloaded product image | Context: {"product_id":80135,"attachment_id":82076,"filename":"product-image-80135-6996d7b2c88ef.jpg"}
[2026-02-19 09:28:19] [INFO] Downloaded product image | Context: {"product_id":80135,"attachment_id":82078,"filename":"product-image-80135-6996d7b33d744.jpg"}
[2026-02-19 09:28:19] [INFO] Downloaded product image | Context: {"product_id":80135,"attachment_id":82079,"filename":"product-image-80135-6996d7b33dce4.jpg"}
[2026-02-19 09:28:19] [INFO] Downloaded product image | Context: {"product_id":80135,"attachment_id":82080,"filename":"product-image-80135-6996d7b3b1b28.jpg"}
[2026-02-19 09:28:19] [INFO] Downloaded product image | Context: {"product_id":80135,"attachment_id":82081,"filename":"product-image-80135-6996d7b3b1daf.jpg"}
[2026-02-19 09:28:19] [INFO] Updated product | Context: {"external_id":1357391,"product_id":80135}
[2026-02-19 09:28:19] [INFO] Updated product | Context: {"external_id":1357391,"product_id":80135}
[2026-02-19 09:28:20] [INFO] Downloaded product image | Context: {"product_id":80139,"attachment_id":82083,"filename":"product-image-80139-6996d7b43ddac.jpg"}
[2026-02-19 09:28:20] [INFO] Downloaded product image | Context: {"product_id":80139,"attachment_id":82082,"filename":"product-image-80139-6996d7b43db2c.jpg"}
[2026-02-19 09:28:20] [INFO] Downloaded product image | Context: {"product_id":80139,"attachment_id":82084,"filename":"product-image-80139-6996d7b4c3dc4.jpg"}
[2026-02-19 09:28:20] [INFO] Downloaded product image | Context: {"product_id":80139,"attachment_id":82085,"filename":"product-image-80139-6996d7b4c3e17.jpg"}
[2026-02-19 09:28:21] [INFO] Downloaded product image | Context: {"product_id":80139,"attachment_id":82086,"filename":"product-image-80139-6996d7b54093c.jpg"}
[2026-02-19 09:28:21] [INFO] Downloaded product image | Context: {"product_id":80139,"attachment_id":82087,"filename":"product-image-80139-6996d7b5408e3.jpg"}
[2026-02-19 09:28:21] [INFO] Downloaded product image | Context: {"product_id":80139,"attachment_id":82088,"filename":"product-image-80139-6996d7b5bb26c.jpg"}
[2026-02-19 09:28:21] [INFO] Updated product | Context: {"external_id":1357324,"product_id":80139}
[2026-02-19 09:28:21] [INFO] Downloaded product image | Context: {"product_id":80139,"attachment_id":82089,"filename":"product-image-80139-6996d7b5bb364.jpg"}
[2026-02-19 09:28:21] [INFO] Updated product | Context: {"external_id":1357324,"product_id":80139}
[2026-02-19 09:28:22] [INFO] Downloaded product image | Context: {"product_id":80031,"attachment_id":82090,"filename":"product-image-80031-6996d7b64a057.jpg"}
[2026-02-19 09:28:22] [INFO] Downloaded product image | Context: {"product_id":80031,"attachment_id":82091,"filename":"product-image-80031-6996d7b649ddd.jpg"}
[2026-02-19 09:28:22] [INFO] Downloaded product image | Context: {"product_id":80031,"attachment_id":82093,"filename":"product-image-80031-6996d7b6c77a5.jpg"}
[2026-02-19 09:28:22] [INFO] Downloaded product image | Context: {"product_id":80031,"attachment_id":82092,"filename":"product-image-80031-6996d7b6c76f5.jpg"}
[2026-02-19 09:28:23] [INFO] Downloaded product image | Context: {"product_id":80031,"attachment_id":82095,"filename":"product-image-80031-6996d7b74aac9.jpg"}
[2026-02-19 09:28:23] [INFO] Downloaded product image | Context: {"product_id":80031,"attachment_id":82094,"filename":"product-image-80031-6996d7b74a8ea.jpg"}
[2026-02-19 09:28:23] [INFO] Downloaded product image | Context: {"product_id":80031,"attachment_id":82096,"filename":"product-image-80031-6996d7b7c5734.jpg"}
[2026-02-19 09:28:23] [INFO] Updated product | Context: {"external_id":1354804,"product_id":80031}
[2026-02-19 09:28:23] [INFO] Downloaded product image | Context: {"product_id":80031,"attachment_id":82097,"filename":"product-image-80031-6996d7b7c5923.jpg"}
[2026-02-19 09:28:23] [INFO] Updated product | Context: {"external_id":1354804,"product_id":80031}
[2026-02-19 09:28:24] [INFO] Downloaded product image | Context: {"product_id":80313,"attachment_id":82098,"filename":"product-image-80313-6996d7b84a3ec.jpg"}
[2026-02-19 09:28:24] [INFO] Downloaded product image | Context: {"product_id":80313,"attachment_id":82099,"filename":"product-image-80313-6996d7b84a08e.jpg"}
[2026-02-19 09:28:24] [INFO] Downloaded product image | Context: {"product_id":80313,"attachment_id":82101,"filename":"product-image-80313-6996d7b8c0dd5.jpg"}
[2026-02-19 09:28:24] [INFO] Downloaded product image | Context: {"product_id":80313,"attachment_id":82100,"filename":"product-image-80313-6996d7b8c0ee6.jpg"}
[2026-02-19 09:28:25] [INFO] Downloaded product image | Context: {"product_id":80313,"attachment_id":82102,"filename":"product-image-80313-6996d7b941e60.jpg"}
[2026-02-19 09:28:25] [INFO] Downloaded product image | Context: {"product_id":80313,"attachment_id":82103,"filename":"product-image-80313-6996d7b941c57.jpg"}
[2026-02-19 09:28:25] [INFO] Downloaded product image | Context: {"product_id":80313,"attachment_id":82105,"filename":"product-image-80313-6996d7b9c4c76.jpg"}
[2026-02-19 09:28:25] [INFO] Updated product | Context: {"external_id":1354801,"product_id":80313}
[2026-02-19 09:28:25] [INFO] Downloaded product image | Context: {"product_id":80313,"attachment_id":82104,"filename":"product-image-80313-6996d7b9c4cb1.jpg"}
[2026-02-19 09:28:25] [INFO] Updated product | Context: {"external_id":1354801,"product_id":80313}
[2026-02-19 09:28:26] [INFO] Updated product | Context: {"external_id":1351360,"product_id":80084}
[2026-02-19 09:28:26] [INFO] Batch processed | Context: {"offset":3000,"total":3431}
[2026-02-19 09:28:26] [INFO] Updated product | Context: {"external_id":1351360,"product_id":80084}
[2026-02-19 09:28:26] [INFO] Batch processed | Context: {"offset":3000,"total":3431}
[2026-02-19 09:28:27] [INFO] Updated product | Context: {"external_id":1341289,"product_id":80333}
[2026-02-19 09:28:27] [INFO] Updated product | Context: {"external_id":1341281,"product_id":80336}
[2026-02-19 09:28:27] [INFO] Updated product | Context: {"external_id":1335215,"product_id":80089}
[2026-02-19 09:28:27] [INFO] Downloaded product image | Context: {"product_id":80085,"attachment_id":82107,"filename":"product-image-80085-6996d7bb62ea8.jpg"}
[2026-02-19 09:28:27] [INFO] Downloaded product image | Context: {"product_id":82106,"attachment_id":82108,"filename":"product-image-82106-6996d7bbc72e2.jpg"}
[2026-02-19 09:28:28] [INFO] Downloaded product image | Context: {"product_id":80085,"attachment_id":82109,"filename":"product-image-80085-6996d7bbe53cd.jpg"}
[2026-02-19 09:28:28] [INFO] Downloaded product image | Context: {"product_id":82106,"attachment_id":82110,"filename":"product-image-82106-6996d7bc2f747.jpg"}
[2026-02-19 09:28:28] [INFO] Downloaded product image | Context: {"product_id":80085,"attachment_id":82111,"filename":"product-image-80085-6996d7bc715c8.jpg"}
[2026-02-19 09:28:28] [INFO] Downloaded product image | Context: {"product_id":82106,"attachment_id":82112,"filename":"product-image-82106-6996d7bca4643.jpg"}
[2026-02-19 09:28:29] [INFO] Downloaded product image | Context: {"product_id":80085,"attachment_id":82113,"filename":"product-image-80085-6996d7bce4540.jpg"}
[2026-02-19 09:28:29] [INFO] Updated product | Context: {"external_id":1347766,"product_id":80085}
[2026-02-19 09:28:29] [ERROR] Error mapping product | Context: {"external_id":1335190,"error":"Invalid or duplicated SKU."}
[2026-02-19 09:28:29] [ERROR] Failed to create product | Context: {"external_id":1335190,"error":"Invalid or duplicated SKU."}
[2026-02-19 09:28:29] [INFO] Downloaded product image | Context: {"product_id":82106,"attachment_id":82114,"filename":"product-image-82106-6996d7bd294d2.jpg"}
[2026-02-19 09:28:29] [INFO] Downloaded product image | Context: {"product_id":80163,"attachment_id":82115,"filename":"product-image-80163-6996d7bd642cd.jpg"}
[2026-02-19 09:28:29] [INFO] Downloaded product image | Context: {"product_id":82106,"attachment_id":82116,"filename":"product-image-82106-6996d7bda7452.jpg"}
[2026-02-19 09:28:29] [INFO] Created product | Context: {"external_id":1335190,"product_id":82106}
[2026-02-19 09:28:30] [INFO] Downloaded product image | Context: {"product_id":80163,"attachment_id":82118,"filename":"product-image-80163-6996d7bdd9e0b.jpg"}
[2026-02-19 09:28:30] [INFO] Downloaded product image | Context: {"product_id":80163,"attachment_id":82119,"filename":"product-image-80163-6996d7be5b1d8.jpg"}
[2026-02-19 09:28:30] [INFO] Downloaded product image | Context: {"product_id":82117,"attachment_id":82120,"filename":"product-image-82117-6996d7be60f00.jpg"}
[2026-02-19 09:28:30] [INFO] Downloaded product image | Context: {"product_id":80163,"attachment_id":82121,"filename":"product-image-80163-6996d7becb075.jpg"}
[2026-02-19 09:28:30] [INFO] Updated product | Context: {"external_id":1331156,"product_id":80163}
[2026-02-19 09:28:30] [ERROR] Error mapping product | Context: {"external_id":1307528,"error":"Invalid or duplicated SKU."}
[2026-02-19 09:28:30] [ERROR] Failed to create product | Context: {"external_id":1307528,"error":"Invalid or duplicated SKU."}
[2026-02-19 09:28:31] [INFO] Downloaded product image | Context: {"product_id":82117,"attachment_id":82122,"filename":"product-image-82117-6996d7bed4bb7.jpg"}
[2026-02-19 09:28:31] [WARNING] Failed to download image | Context: {"url":"https:\/\/media.mts.ee\/eyJidWNrZXQiOiJtdHMtcHJvZHVjdC1pbWFnZXMiLCJrZXkiOiI3XC83NFwvNzQxNTU4MjI0ZWEyMTczMjcwMmIyZjBjOWUxNTU4ZWEuanBnIiwiZWRpdHMiOnsicmVzaXplIjp7IndpZHRoIjoxMjAwLCJoZWlnaHQiOjYzMCwiZml0IjoiY29udGFpbiIsImJhY2tncm91bmQiOnsiciI6MjU1LCJnIjoyNTUsImIiOjI1NSwiYWxwaGEiOjF9fX19","error":"Not Found"}
[2026-02-19 09:28:31] [WARNING] Failed to download image | Context: {"url":"https:\/\/media.mts.ee\/eyJidWNrZXQiOiJtdHMtcHJvZHVjdC1pbWFnZXMiLCJrZXkiOiIxXC8xN1wvMTdlY2MzYjRlNDNhNTY1NjlhNzNmMzY0YmNjMjZkNTIuanBnIiwiZWRpdHMiOnsicmVzaXplIjp7IndpZHRoIjoxMjAwLCJoZWlnaHQiOjYzMCwiZml0IjoiY29udGFpbiIsImJhY2tncm91bmQiOnsiciI6MjU1LCJnIjoyNTUsImIiOjI1NSwiYWxwaGEiOjF9fX19","error":"Not Found"}
[2026-02-19 09:28:31] [WARNING] Failed to download image | Context: {"url":"https:\/\/media.mts.ee\/eyJidWNrZXQiOiJtdHMtcHJvZHVjdC1pbWFnZXMiLCJrZXkiOiI5XC85NlwvOTZlMTcwMjk4NTNjMjlhMDlhOTY1M2Q4ODlmZDJjNmIuanBnIiwiZWRpdHMiOnsicmVzaXplIjp7IndpZHRoIjoxMjAwLCJoZWlnaHQiOjYzMCwiZml0IjoiY29udGFpbiIsImJhY2tncm91bmQiOnsiciI6MjU1LCJnIjoyNTUsImIiOjI1NSwiYWxwaGEiOjF9fX19","error":"Not Found"}
[2026-02-19 09:28:31] [INFO] Updated product | Context: {"external_id":1292983,"product_id":80091}
[2026-02-19 09:28:31] [WARNING] Failed to download image | Context: {"url":"https:\/\/media.mts.ee\/eyJidWNrZXQiOiJtdHMtcHJvZHVjdC1pbWFnZXMiLCJrZXkiOiI3XC83NFwvNzQxNTU4MjI0ZWEyMTczMjcwMmIyZjBjOWUxNTU4ZWEuanBnIiwiZWRpdHMiOnsicmVzaXplIjp7IndpZHRoIjoxMjAwLCJoZWlnaHQiOjYzMCwiZml0IjoiY29udGFpbiIsImJhY2tncm91bmQiOnsiciI6MjU1LCJnIjoyNTUsImIiOjI1NSwiYWxwaGEiOjF9fX19","error":"Not Found"}
[2026-02-19 09:28:31] [WARNING] Failed to download image | Context: {"url":"https:\/\/media.mts.ee\/eyJidWNrZXQiOiJtdHMtcHJvZHVjdC1pbWFnZXMiLCJrZXkiOiIxXC8xN1wvMTdlY2MzYjRlNDNhNTY1NjlhNzNmMzY0YmNjMjZkNTIuanBnIiwiZWRpdHMiOnsicmVzaXplIjp7IndpZHRoIjoxMjAwLCJoZWlnaHQiOjYzMCwiZml0IjoiY29udGFpbiIsImJhY2tncm91bmQiOnsiciI6MjU1LCJnIjoyNTUsImIiOjI1NSwiYWxwaGEiOjF9fX19","error":"Not Found"}
[2026-02-19 09:28:31] [WARNING] Failed to download image | Context: {"url":"https:\/\/media.mts.ee\/eyJidWNrZXQiOiJtdHMtcHJvZHVjdC1pbWFnZXMiLCJrZXkiOiI5XC85NlwvOTZlMTcwMjk4NTNjMjlhMDlhOTY1M2Q4ODlmZDJjNmIuanBnIiwiZWRpdHMiOnsicmVzaXplIjp7IndpZHRoIjoxMjAwLCJoZWlnaHQiOjYzMCwiZml0IjoiY29udGFpbiIsImJhY2tncm91bmQiOnsiciI6MjU1LCJnIjoyNTUsImIiOjI1NSwiYWxwaGEiOjF9fX19","error":"Not Found"}
[2026-02-19 09:28:31] [INFO] Created product | Context: {"external_id":1292960,"product_id":82123}
[2026-02-19 09:28:31] [WARNING] Failed to download image | Context: {"url":"https:\/\/media.mts.ee\/eyJidWNrZXQiOiJtdHMtcHJvZHVjdC1pbWFnZXMiLCJrZXkiOiI3XC83NFwvNzQxNTU4MjI0ZWEyMTczMjcwMmIyZjBjOWUxNTU4ZWEuanBnIiwiZWRpdHMiOnsicmVzaXplIjp7IndpZHRoIjoxMjAwLCJoZWlnaHQiOjYzMCwiZml0IjoiY29udGFpbiIsImJhY2tncm91bmQiOnsiciI6MjU1LCJnIjoyNTUsImIiOjI1NSwiYWxwaGEiOjF9fX19","error":"Not Found"}
[2026-02-19 09:28:31] [WARNING] Failed to download image | Context: {"url":"https:\/\/media.mts.ee\/eyJidWNrZXQiOiJtdHMtcHJvZHVjdC1pbWFnZXMiLCJrZXkiOiIxXC8xN1wvMTdlY2MzYjRlNDNhNTY1NjlhNzNmMzY0YmNjMjZkNTIuanBnIiwiZWRpdHMiOnsicmVzaXplIjp7IndpZHRoIjoxMjAwLCJoZWlnaHQiOjYzMCwiZml0IjoiY29udGFpbiIsImJhY2tncm91bmQiOnsiciI6MjU1LCJnIjoyNTUsImIiOjI1NSwiYWxwaGEiOjF9fX19","error":"Not Found"}
[2026-02-19 09:28:31] [WARNING] Failed to download image | Context: {"url":"https:\/\/media.mts.ee\/eyJidWNrZXQiOiJtdHMtcHJvZHVjdC1pbWFnZXMiLCJrZXkiOiI5XC85NlwvOTZlMTcwMjk4NTNjMjlhMDlhOTY1M2Q4ODlmZDJjNmIuanBnIiwiZWRpdHMiOnsicmVzaXplIjp7IndpZHRoIjoxMjAwLCJoZWlnaHQiOjYzMCwiZml0IjoiY29udGFpbiIsImJhY2tncm91bmQiOnsiciI6MjU1LCJnIjoyNTUsImIiOjI1NSwiYWxwaGEiOjF9fX19","error":"Not Found"}
[2026-02-19 09:28:31] [INFO] Updated product | Context: {"external_id":1292958,"product_id":80381}
[2026-02-19 09:28:31] [INFO] Downloaded product image | Context: {"product_id":82117,"attachment_id":82124,"filename":"product-image-82117-6996d7bf4cb84.jpg"}
[2026-02-19 09:28:31] [WARNING] Failed to download image | Context: {"url":"https:\/\/media.mts.ee\/eyJidWNrZXQiOiJtdHMtcHJvZHVjdC1pbWFnZXMiLCJrZXkiOiIzXC8zZlwvM2YxYmU0OGYxYjA1MTc5OWIzNDVjY2Y4NWUyOWJkMzQuanBnIiwiZWRpdHMiOnsicmVzaXplIjp7IndpZHRoIjoxMjAwLCJoZWlnaHQiOjYzMCwiZml0IjoiY29udGFpbiIsImJhY2tncm91bmQiOnsiciI6MjU1LCJnIjoyNTUsImIiOjI1NSwiYWxwaGEiOjF9fX19","error":"Not Found"}
[2026-02-19 09:28:31] [WARNING] Failed to download image | Context: {"url":"https:\/\/media.mts.ee\/eyJidWNrZXQiOiJtdHMtcHJvZHVjdC1pbWFnZXMiLCJrZXkiOiIzXC8zZVwvM2UxNDk4OTk4N2U3NDA0Zjc2ZjZjMWYyMjNkYTQ0YmIuanBnIiwiZWRpdHMiOnsicmVzaXplIjp7IndpZHRoIjoxMjAwLCJoZWlnaHQiOjYzMCwiZml0IjoiY29udGFpbiIsImJhY2tncm91bmQiOnsiciI6MjU1LCJnIjoyNTUsImIiOjI1NSwiYWxwaGEiOjF9fX19","error":"Not Found"}
[2026-02-19 09:28:31] [WARNING] Failed to download image | Context: {"url":"https:\/\/media.mts.ee\/eyJidWNrZXQiOiJtdHMtcHJvZHVjdC1pbWFnZXMiLCJrZXkiOiJkXC9kNVwvZDU1YjgzMjRhOGIzMzVjZTU1ZGVlOWYyYWFhZGE1MmMuanBnIiwiZWRpdHMiOnsicmVzaXplIjp7IndpZHRoIjoxMjAwLCJoZWlnaHQiOjYzMCwiZml0IjoiY29udGFpbiIsImJhY2tncm91bmQiOnsiciI6MjU1LCJnIjoyNTUsImIiOjI1NSwiYWxwaGEiOjF9fX19","error":"Not Found"}
[2026-02-19 09:28:31] [INFO] Updated product | Context: {"external_id":1292950,"product_id":80169}
[2026-02-19 09:28:31] [INFO] Updated product | Context: {"external_id":1292825,"product_id":80059}
[2026-02-19 09:28:31] [INFO] Downloaded product image | Context: {"product_id":82117,"attachment_id":82125,"filename":"product-image-82117-6996d7bfbc57b.jpg"}
[2026-02-19 09:28:31] [INFO] Created product | Context: {"external_id":1307528,"product_id":82117}
[2026-02-19 09:28:31] [ERROR] Error mapping product | Context: {"external_id":1292960,"error":"Invalid or duplicated SKU."}
[2026-02-19 09:28:31] [ERROR] Failed to create product | Context: {"external_id":1292960,"error":"Invalid or duplicated SKU."}
[2026-02-19 09:28:32] [INFO] Updated product | Context: {"external_id":1291300,"product_id":80172}
[2026-02-19 09:28:32] [INFO] Downloaded product image | Context: {"product_id":80171,"attachment_id":82126,"filename":"product-image-80171-6996d7c009258.jpg"}
[2026-02-19 09:28:32] [INFO] Downloaded product image | Context: {"product_id":80095,"attachment_id":82127,"filename":"product-image-80095-6996d7c072671.jpg"}
[2026-02-19 09:28:32] [INFO] Downloaded product image | Context: {"product_id":80171,"attachment_id":82128,"filename":"product-image-80171-6996d7c07be01.jpg"}
[2026-02-19 09:28:33] [INFO] Downloaded product image | Context: {"product_id":80095,"attachment_id":82129,"filename":"product-image-80095-6996d7c0f1719.jpg"}
[2026-02-19 09:28:33] [INFO] Downloaded product image | Context: {"product_id":80171,"attachment_id":82130,"filename":"product-image-80171-6996d7c106c54.jpg"}
[2026-02-19 09:28:33] [INFO] Downloaded product image | Context: {"product_id":80171,"attachment_id":82131,"filename":"product-image-80171-6996d7c15e5e7.jpg"}
[2026-02-19 09:28:33] [INFO] Updated product | Context: {"external_id":1292221,"product_id":80171}
[2026-02-19 09:28:33] [INFO] Downloaded product image | Context: {"product_id":80095,"attachment_id":82132,"filename":"product-image-80095-6996d7c1717d2.jpg"}
[2026-02-19 09:28:34] [INFO] Downloaded product image | Context: {"product_id":80098,"attachment_id":82133,"filename":"product-image-80098-6996d7c1e084a.jpg"}
[2026-02-19 09:28:34] [INFO] Downloaded product image | Context: {"product_id":80095,"attachment_id":82134,"filename":"product-image-80095-6996d7c1e79e1.jpg"}
[2026-02-19 09:28:34] [INFO] Updated product | Context: {"external_id":1283416,"product_id":80095}
[2026-02-19 09:28:34] [INFO] Downloaded product image | Context: {"product_id":80174,"attachment_id":82135,"filename":"product-image-80174-6996d7c26ced0.jpg"}
[2026-02-19 09:28:34] [INFO] Downloaded product image | Context: {"product_id":80098,"attachment_id":82136,"filename":"product-image-80098-6996d7c26cb4e.jpg"}
[2026-02-19 09:28:35] [INFO] Downloaded product image | Context: {"product_id":80098,"attachment_id":82138,"filename":"product-image-80098-6996d7c2e9194.jpg"}
[2026-02-19 09:28:35] [INFO] Downloaded product image | Context: {"product_id":80174,"attachment_id":82137,"filename":"product-image-80174-6996d7c2e9144.jpg"}
[2026-02-19 09:28:35] [INFO] Downloaded product image | Context: {"product_id":80098,"attachment_id":82139,"filename":"product-image-80098-6996d7c36f29b.jpg"}
[2026-02-19 09:28:35] [INFO] Updated product | Context: {"external_id":1212378,"product_id":80098}
[2026-02-19 09:28:35] [INFO] Downloaded product image | Context: {"product_id":80174,"attachment_id":82140,"filename":"product-image-80174-6996d7c36f0df.jpg"}
[2026-02-19 09:28:35] [INFO] Updated product | Context: {"external_id":1212363,"product_id":80174}
[2026-02-19 09:28:35] [INFO] Updated product | Context: {"external_id":1487422,"product_id":80175}
[2026-02-19 09:28:35] [INFO] Updated product | Context: {"external_id":1487422,"product_id":80175}
[2026-02-19 09:28:35] [INFO] Updated product | Context: {"external_id":1487416,"product_id":80181}
[2026-02-19 09:28:35] [INFO] Updated product | Context: {"external_id":1487416,"product_id":80181}
[2026-02-19 09:28:36] [INFO] Downloaded product image | Context: {"product_id":80182,"attachment_id":82142,"filename":"product-image-80182-6996d7c40b9ec.jpg"}
[2026-02-19 09:28:36] [INFO] Downloaded product image | Context: {"product_id":80182,"attachment_id":82141,"filename":"product-image-80182-6996d7c40b4c0.jpg"}
[2026-02-19 09:28:36] [INFO] Downloaded product image | Context: {"product_id":80182,"attachment_id":82143,"filename":"product-image-80182-6996d7c485d3a.jpg"}
[2026-02-19 09:28:36] [INFO] Downloaded product image | Context: {"product_id":80182,"attachment_id":82144,"filename":"product-image-80182-6996d7c485f88.jpg"}
[2026-02-19 09:28:37] [INFO] Downloaded product image | Context: {"product_id":80182,"attachment_id":82145,"filename":"product-image-80182-6996d7c5135ee.jpg"}
[2026-02-19 09:28:37] [INFO] Downloaded product image | Context: {"product_id":80182,"attachment_id":82146,"filename":"product-image-80182-6996d7c51385d.jpg"}
[2026-02-19 09:28:37] [INFO] Downloaded product image | Context: {"product_id":80182,"attachment_id":82147,"filename":"product-image-80182-6996d7c59113b.jpg"}
[2026-02-19 09:28:37] [INFO] Updated product | Context: {"external_id":1487408,"product_id":80182}
[2026-02-19 09:28:37] [INFO] Downloaded product image | Context: {"product_id":80182,"attachment_id":82148,"filename":"product-image-80182-6996d7c590ff9.jpg"}
[2026-02-19 09:28:37] [INFO] Updated product | Context: {"external_id":1487408,"product_id":80182}
[2026-02-19 09:28:37] [INFO] Updated product | Context: {"external_id":1487407,"product_id":80183}
[2026-02-19 09:28:37] [INFO] Updated product | Context: {"external_id":1487407,"product_id":80183}
[2026-02-19 09:28:38] [INFO] Downloaded product image | Context: {"product_id":80184,"attachment_id":82149,"filename":"product-image-80184-6996d7c6347c5.jpg"}
[2026-02-19 09:28:38] [INFO] Downloaded product image | Context: {"product_id":80184,"attachment_id":82150,"filename":"product-image-80184-6996d7c634841.jpg"}
[2026-02-19 09:28:38] [INFO] Downloaded product image | Context: {"product_id":80184,"attachment_id":82151,"filename":"product-image-80184-6996d7c69d8e0.jpg"}
[2026-02-19 09:28:38] [INFO] Downloaded product image | Context: {"product_id":80184,"attachment_id":82152,"filename":"product-image-80184-6996d7c69d9f5.jpg"}
[2026-02-19 09:28:39] [INFO] Downloaded product image | Context: {"product_id":80184,"attachment_id":82154,"filename":"product-image-80184-6996d7c71ca63.jpg"}
[2026-02-19 09:28:39] [INFO] Downloaded product image | Context: {"product_id":80184,"attachment_id":82153,"filename":"product-image-80184-6996d7c71c9a8.jpg"}
[2026-02-19 09:28:39] [INFO] Downloaded product image | Context: {"product_id":80184,"attachment_id":82155,"filename":"product-image-80184-6996d7c7910b9.jpg"}
[2026-02-19 09:28:39] [INFO] Updated product | Context: {"external_id":1487406,"product_id":80184}
[2026-02-19 09:28:39] [INFO] Downloaded product image | Context: {"product_id":80184,"attachment_id":82156,"filename":"product-image-80184-6996d7c791333.jpg"}
[2026-02-19 09:28:39] [INFO] Updated product | Context: {"external_id":1487406,"product_id":80184}
[2026-02-19 09:28:40] [INFO] Downloaded product image | Context: {"product_id":82158,"attachment_id":82160,"filename":"product-image-82158-6996d7c86412f.jpg"}
[2026-02-19 09:28:40] [INFO] Downloaded product image | Context: {"product_id":82157,"attachment_id":82159,"filename":"product-image-82157-6996d7c86425e.jpg"}
[2026-02-19 09:28:41] [INFO] Downloaded product image | Context: {"product_id":82157,"attachment_id":82161,"filename":"product-image-82157-6996d7c8da859.jpg"}
[2026-02-19 09:28:41] [INFO] Downloaded product image | Context: {"product_id":82158,"attachment_id":82162,"filename":"product-image-82158-6996d7c8daa8f.jpg"}
[2026-02-19 09:28:41] [INFO] Downloaded product image | Context: {"product_id":82158,"attachment_id":82163,"filename":"product-image-82158-6996d7c95ab86.jpg"}
[2026-02-19 09:28:41] [INFO] Downloaded product image | Context: {"product_id":82157,"attachment_id":82164,"filename":"product-image-82157-6996d7c95b226.jpg"}
[2026-02-19 09:28:41] [INFO] Downloaded product image | Context: {"product_id":82157,"attachment_id":82166,"filename":"product-image-82157-6996d7c9ca230.jpg"}
[2026-02-19 09:28:41] [INFO] Downloaded product image | Context: {"product_id":82158,"attachment_id":82165,"filename":"product-image-82158-6996d7c9c9b8b.jpg"}
[2026-02-19 09:28:42] [INFO] Downloaded product image | Context: {"product_id":82157,"attachment_id":82167,"filename":"product-image-82157-6996d7ca480ae.jpg"}
[2026-02-19 09:28:42] [INFO] Created product | Context: {"external_id":1486142,"product_id":82157}
[2026-02-19 09:28:42] [INFO] Downloaded product image | Context: {"product_id":82158,"attachment_id":82168,"filename":"product-image-82158-6996d7ca481a5.jpg"}
[2026-02-19 09:28:42] [INFO] Created product | Context: {"external_id":1486142,"product_id":82158}
[2026-02-19 09:28:43] [INFO] Downloaded product image | Context: {"product_id":80189,"attachment_id":82170,"filename":"product-image-80189-6996d7cadb41c.jpg"}
[2026-02-19 09:28:43] [INFO] Downloaded product image | Context: {"product_id":80189,"attachment_id":82169,"filename":"product-image-80189-6996d7cadb2e3.jpg"}
[2026-02-19 09:28:43] [INFO] Downloaded product image | Context: {"product_id":80189,"attachment_id":82171,"filename":"product-image-80189-6996d7cb4f2e4.jpg"}
[2026-02-19 09:28:43] [INFO] Downloaded product image | Context: {"product_id":80189,"attachment_id":82172,"filename":"product-image-80189-6996d7cb5000f.jpg"}
[2026-02-19 09:28:43] [INFO] Downloaded product image | Context: {"product_id":80189,"attachment_id":82173,"filename":"product-image-80189-6996d7cbcbb96.jpg"}
[2026-02-19 09:28:43] [INFO] Downloaded product image | Context: {"product_id":80189,"attachment_id":82174,"filename":"product-image-80189-6996d7cbcbc0f.jpg"}
[2026-02-19 09:28:44] [INFO] Downloaded product image | Context: {"product_id":80189,"attachment_id":82175,"filename":"product-image-80189-6996d7cc523b7.jpg"}
[2026-02-19 09:28:44] [INFO] Updated product | Context: {"external_id":1484834,"product_id":80189}
[2026-02-19 09:28:44] [INFO] Downloaded product image | Context: {"product_id":80189,"attachment_id":82176,"filename":"product-image-80189-6996d7cc52a73.jpg"}
[2026-02-19 09:28:44] [INFO] Updated product | Context: {"external_id":1484834,"product_id":80189}
[2026-02-19 09:28:44] [INFO] Updated product | Context: {"external_id":1483537,"product_id":80190}
[2026-02-19 09:28:44] [INFO] Updated product | Context: {"external_id":1483537,"product_id":80190}
[2026-02-19 09:28:44] [INFO] Updated product | Context: {"external_id":1483527,"product_id":80196}
[2026-02-19 09:28:44] [INFO] Updated product | Context: {"external_id":1483527,"product_id":80196}
[2026-02-19 09:28:44] [INFO] Updated product | Context: {"external_id":1479825,"product_id":80101}
[2026-02-19 09:28:44] [INFO] Updated product | Context: {"external_id":1479825,"product_id":80101}
[2026-02-19 09:28:44] [INFO] Updated product | Context: {"external_id":1479823,"product_id":80201}
[2026-02-19 09:28:44] [INFO] Updated product | Context: {"external_id":1479823,"product_id":80201}
[2026-02-19 09:28:44] [INFO] Updated product | Context: {"external_id":1479821,"product_id":80202}
[2026-02-19 09:28:44] [INFO] Updated product | Context: {"external_id":1479821,"product_id":80202}
[2026-02-19 09:28:44] [INFO] Updated product | Context: {"external_id":1476557,"product_id":80102}
[2026-02-19 09:28:44] [INFO] Updated product | Context: {"external_id":1476557,"product_id":80102}
[2026-02-19 09:28:44] [INFO] Updated product | Context: {"external_id":1476555,"product_id":80208}
[2026-02-19 09:28:44] [INFO] Updated product | Context: {"external_id":1476555,"product_id":80208}
[2026-02-19 09:28:44] [INFO] Updated product | Context: {"external_id":1476550,"product_id":80212}
[2026-02-19 09:28:44] [INFO] Updated product | Context: {"external_id":1476550,"product_id":80212}
[2026-02-19 09:28:45] [INFO] Updated product | Context: {"external_id":1476539,"product_id":80106}
[2026-02-19 09:28:45] [INFO] Updated product | Context: {"external_id":1476539,"product_id":80106}
[2026-02-19 09:28:45] [INFO] Updated product | Context: {"external_id":1476536,"product_id":80107}
[2026-02-19 09:28:45] [INFO] Updated product | Context: {"external_id":1476536,"product_id":80107}
[2026-02-19 09:28:45] [INFO] Updated product | Context: {"external_id":1476296,"product_id":80223}
[2026-02-19 09:28:45] [INFO] Updated product | Context: {"external_id":1476296,"product_id":80223}
[2026-02-19 09:28:45] [INFO] Updated product | Context: {"external_id":1456528,"product_id":80111}
[2026-02-19 09:28:45] [INFO] Updated product | Context: {"external_id":1456528,"product_id":80111}
[2026-02-19 09:28:45] [INFO] Updated product | Context: {"external_id":1456525,"product_id":80228}
[2026-02-19 09:28:45] [INFO] Updated product | Context: {"external_id":1456525,"product_id":80228}
[2026-02-19 09:28:45] [INFO] Downloaded product image | Context: {"product_id":82178,"attachment_id":82179,"filename":"product-image-82178-6996d7cdbfeba.jpg"}
[2026-02-19 09:28:45] [INFO] Downloaded product image | Context: {"product_id":82177,"attachment_id":82180,"filename":"product-image-82177-6996d7cdc0648.jpg"}
[2026-02-19 09:28:46] [INFO] Downloaded product image | Context: {"product_id":82178,"attachment_id":82181,"filename":"product-image-82178-6996d7ce42c79.jpg"}
[2026-02-19 09:28:46] [INFO] Downloaded product image | Context: {"product_id":82177,"attachment_id":82182,"filename":"product-image-82177-6996d7ce431b9.jpg"}
[2026-02-19 09:28:46] [INFO] Downloaded product image | Context: {"product_id":82178,"attachment_id":82183,"filename":"product-image-82178-6996d7cea2095.jpg"}
[2026-02-19 09:28:46] [INFO] Downloaded product image | Context: {"product_id":82177,"attachment_id":82184,"filename":"product-image-82177-6996d7cea23e3.jpg"}
[2026-02-19 09:28:47] [INFO] Downloaded product image | Context: {"product_id":82178,"attachment_id":82185,"filename":"product-image-82178-6996d7cf2a97a.jpg"}
[2026-02-19 09:28:47] [INFO] Downloaded product image | Context: {"product_id":82177,"attachment_id":82186,"filename":"product-image-82177-6996d7cf2ada5.jpg"}
[2026-02-19 09:28:47] [INFO] Downloaded product image | Context: {"product_id":82177,"attachment_id":82187,"filename":"product-image-82177-6996d7cfaad53.jpg"}
[2026-02-19 09:28:47] [INFO] Created product | Context: {"external_id":1455515,"product_id":82177}
[2026-02-19 09:28:47] [INFO] Downloaded product image | Context: {"product_id":82178,"attachment_id":82188,"filename":"product-image-82178-6996d7cfaac82.jpg"}
[2026-02-19 09:28:47] [INFO] Created product | Context: {"external_id":1455515,"product_id":82178}
[2026-02-19 09:28:48] [INFO] Downloaded product image | Context: {"product_id":80234,"attachment_id":82189,"filename":"product-image-80234-6996d7d033c47.jpg"}
[2026-02-19 09:28:48] [INFO] Downloaded product image | Context: {"product_id":80234,"attachment_id":82190,"filename":"product-image-80234-6996d7d033dc1.jpg"}
[2026-02-19 09:28:48] [INFO] Downloaded product image | Context: {"product_id":80234,"attachment_id":82191,"filename":"product-image-80234-6996d7d0b3fd0.jpg"}
[2026-02-19 09:28:48] [INFO] Downloaded product image | Context: {"product_id":80234,"attachment_id":82192,"filename":"product-image-80234-6996d7d0b3f7d.jpg"}
[2026-02-19 09:28:49] [INFO] Downloaded product image | Context: {"product_id":80234,"attachment_id":82193,"filename":"product-image-80234-6996d7d1447ab.jpg"}
[2026-02-19 09:28:49] [INFO] Downloaded product image | Context: {"product_id":80234,"attachment_id":82194,"filename":"product-image-80234-6996d7d144ac1.jpg"}
[2026-02-19 09:28:49] [INFO] Downloaded product image | Context: {"product_id":80234,"attachment_id":82195,"filename":"product-image-80234-6996d7d1b949f.jpg"}
[2026-02-19 09:28:49] [INFO] Updated product | Context: {"external_id":1454730,"product_id":80234}
[2026-02-19 09:28:49] [INFO] Downloaded product image | Context: {"product_id":80234,"attachment_id":82196,"filename":"product-image-80234-6996d7d1b95fc.jpg"}
[2026-02-19 09:28:49] [INFO] Updated product | Context: {"external_id":1454730,"product_id":80234}
[2026-02-19 09:28:49] [INFO] Updated product | Context: {"external_id":1370461,"product_id":80067}
[2026-02-19 09:28:49] [INFO] Updated product | Context: {"external_id":1370461,"product_id":80067}
[2026-02-19 09:28:50] [INFO] Updated product | Context: {"external_id":1370453,"product_id":80244}
[2026-02-19 09:28:50] [INFO] Updated product | Context: {"external_id":1370453,"product_id":80244}
[2026-02-19 09:28:50] [INFO] Updated product | Context: {"external_id":1370444,"product_id":80117}
[2026-02-19 09:28:50] [INFO] Updated product | Context: {"external_id":1370444,"product_id":80117}
[2026-02-19 09:28:50] [INFO] Updated product | Context: {"external_id":1370441,"product_id":80045}
[2026-02-19 09:28:50] [INFO] Updated product | Context: {"external_id":1370441,"product_id":80045}
[2026-02-19 09:28:50] [INFO] Updated product | Context: {"external_id":1370438,"product_id":80068}
[2026-02-19 09:28:50] [INFO] Updated product | Context: {"external_id":1370438,"product_id":80068}
[2026-02-19 09:28:50] [INFO] Updated product | Context: {"external_id":1370430,"product_id":80119}
[2026-02-19 09:28:50] [INFO] Updated product | Context: {"external_id":1370430,"product_id":80119}
[2026-02-19 09:28:50] [INFO] Updated product | Context: {"external_id":1370427,"product_id":80258}
[2026-02-19 09:28:50] [INFO] Updated product | Context: {"external_id":1370427,"product_id":80258}
[2026-02-19 09:28:50] [INFO] Updated product | Context: {"external_id":1370424,"product_id":80120}
[2026-02-19 09:28:50] [INFO] Updated product | Context: {"external_id":1370424,"product_id":80120}
[2026-02-19 09:28:50] [INFO] Updated product | Context: {"external_id":1370408,"product_id":80071}
[2026-02-19 09:28:50] [INFO] Updated product | Context: {"external_id":1370408,"product_id":80071}
[2026-02-19 09:28:50] [INFO] Updated product | Context: {"external_id":1366091,"product_id":80048}
[2026-02-19 09:28:50] [INFO] Batch processed | Context: {"offset":3050,"total":3431}
[2026-02-19 09:28:50] [INFO] Updated product | Context: {"external_id":1366091,"product_id":80048}
[2026-02-19 09:28:50] [INFO] Batch processed | Context: {"offset":3050,"total":3431}
[2026-02-19 09:28:51] [INFO] Updated product | Context: {"external_id":1366024,"product_id":80127}
[2026-02-19 09:28:52] [INFO] Downloaded product image | Context: {"product_id":82197,"attachment_id":82198,"filename":"product-image-82197-6996d7d3cf48a.jpg"}
[2026-02-19 09:28:52] [ERROR] Error mapping product | Context: {"external_id":1365899,"error":"Invalid or duplicated SKU."}
[2026-02-19 09:28:52] [ERROR] Failed to create product | Context: {"external_id":1365899,"error":"Invalid or duplicated SKU."}
[2026-02-19 09:28:52] [INFO] Downloaded product image | Context: {"product_id":82197,"attachment_id":82199,"filename":"product-image-82197-6996d7d452433.jpg"}
[2026-02-19 09:28:53] [INFO] Downloaded product image | Context: {"product_id":82197,"attachment_id":82201,"filename":"product-image-82197-6996d7d4cce32.jpg"}
[2026-02-19 09:28:53] [INFO] Downloaded product image | Context: {"product_id":80129,"attachment_id":82200,"filename":"product-image-80129-6996d7d4ccf52.jpg"}
[2026-02-19 09:28:53] [INFO] Downloaded product image | Context: {"product_id":80129,"attachment_id":82203,"filename":"product-image-80129-6996d7d550161.jpg"}
[2026-02-19 09:28:53] [INFO] Updated product | Context: {"external_id":1365896,"product_id":80129}
[2026-02-19 09:28:53] [INFO] Downloaded product image | Context: {"product_id":82197,"attachment_id":82202,"filename":"product-image-82197-6996d7d54fda0.jpg"}
[2026-02-19 09:28:53] [INFO] Created product | Context: {"external_id":1365899,"product_id":82197}
[2026-02-19 09:28:53] [INFO] Updated product | Context: {"external_id":1365871,"product_id":80130}
[2026-02-19 09:28:53] [INFO] Updated product | Context: {"external_id":1365871,"product_id":80130}
[2026-02-19 09:28:53] [INFO] Updated product | Context: {"external_id":1365850,"product_id":80291}
[2026-02-19 09:28:53] [INFO] Updated product | Context: {"external_id":1365850,"product_id":80291}
[2026-02-19 09:28:53] [INFO] Updated product | Context: {"external_id":1365848,"product_id":80077}
[2026-02-19 09:28:53] [INFO] Updated product | Context: {"external_id":1365848,"product_id":80077}
[2026-02-19 09:28:54] [INFO] Downloaded product image | Context: {"product_id":80292,"attachment_id":82204,"filename":"product-image-80292-6996d7d6104f1.jpg"}
[2026-02-19 09:28:54] [INFO] Downloaded product image | Context: {"product_id":80292,"attachment_id":82205,"filename":"product-image-80292-6996d7d6107d5.jpg"}
[2026-02-19 09:28:54] [INFO] Downloaded product image | Context: {"product_id":80292,"attachment_id":82207,"filename":"product-image-80292-6996d7d691a07.jpg"}
[2026-02-19 09:28:54] [INFO] Downloaded product image | Context: {"product_id":80292,"attachment_id":82206,"filename":"product-image-80292-6996d7d6916fb.jpg"}
[2026-02-19 09:28:55] [INFO] Downloaded product image | Context: {"product_id":80292,"attachment_id":82208,"filename":"product-image-80292-6996d7d714c44.jpg"}
[2026-02-19 09:28:55] [INFO] Downloaded product image | Context: {"product_id":80292,"attachment_id":82209,"filename":"product-image-80292-6996d7d7156d9.jpg"}
[2026-02-19 09:28:55] [INFO] Downloaded product image | Context: {"product_id":80292,"attachment_id":82210,"filename":"product-image-80292-6996d7d780004.jpg"}
[2026-02-19 09:28:55] [INFO] Updated product | Context: {"external_id":1365834,"product_id":80292}
[2026-02-19 09:28:55] [INFO] Downloaded product image | Context: {"product_id":80292,"attachment_id":82211,"filename":"product-image-80292-6996d7d77fdb1.jpg"}
[2026-02-19 09:28:55] [INFO] Updated product | Context: {"external_id":1365834,"product_id":80292}
[2026-02-19 09:28:55] [INFO] Updated product | Context: {"external_id":1365830,"product_id":80131}
[2026-02-19 09:28:55] [INFO] Updated product | Context: {"external_id":1365830,"product_id":80131}
[2026-02-19 09:28:55] [INFO] Updated product | Context: {"external_id":1362963,"product_id":80293}
[2026-02-19 09:28:55] [INFO] Updated product | Context: {"external_id":1362963,"product_id":80293}
[2026-02-19 09:28:56] [INFO] Downloaded product image | Context: {"product_id":80133,"attachment_id":82212,"filename":"product-image-80133-6996d7d81a010.jpg"}
[2026-02-19 09:28:56] [INFO] Downloaded product image | Context: {"product_id":80133,"attachment_id":82213,"filename":"product-image-80133-6996d7d81a030.jpg"}
[2026-02-19 09:28:56] [INFO] Downloaded product image | Context: {"product_id":80133,"attachment_id":82214,"filename":"product-image-80133-6996d7d89d83d.jpg"}
[2026-02-19 09:28:56] [INFO] Downloaded product image | Context: {"product_id":80133,"attachment_id":82215,"filename":"product-image-80133-6996d7d89dafa.jpg"}
[2026-02-19 09:28:57] [INFO] Downloaded product image | Context: {"product_id":80133,"attachment_id":82216,"filename":"product-image-80133-6996d7d920f4c.jpg"}
[2026-02-19 09:28:57] [INFO] Downloaded product image | Context: {"product_id":80133,"attachment_id":82217,"filename":"product-image-80133-6996d7d920e94.jpg"}
[2026-02-19 09:28:57] [INFO] Downloaded product image | Context: {"product_id":80133,"attachment_id":82219,"filename":"product-image-80133-6996d7d9ae96d.jpg"}
[2026-02-19 09:28:57] [INFO] Updated product | Context: {"external_id":1360373,"product_id":80133}
[2026-02-19 09:28:57] [INFO] Downloaded product image | Context: {"product_id":80133,"attachment_id":82218,"filename":"product-image-80133-6996d7d9ae867.jpg"}
[2026-02-19 09:28:57] [INFO] Updated product | Context: {"external_id":1360373,"product_id":80133}
[2026-02-19 09:28:58] [INFO] Downloaded product image | Context: {"product_id":80078,"attachment_id":82221,"filename":"product-image-80078-6996d7da2f553.jpg"}
[2026-02-19 09:28:58] [INFO] Downloaded product image | Context: {"product_id":80078,"attachment_id":82220,"filename":"product-image-80078-6996d7da2f5b6.jpg"}
[2026-02-19 09:28:58] [INFO] Downloaded product image | Context: {"product_id":80078,"attachment_id":82222,"filename":"product-image-80078-6996d7dab6be8.jpg"}
[2026-02-19 09:28:58] [INFO] Downloaded product image | Context: {"product_id":80078,"attachment_id":82223,"filename":"product-image-80078-6996d7dab6f2b.jpg"}
[2026-02-19 09:28:59] [INFO] Downloaded product image | Context: {"product_id":80078,"attachment_id":82224,"filename":"product-image-80078-6996d7db2d76d.jpg"}
[2026-02-19 09:28:59] [INFO] Downloaded product image | Context: {"product_id":80078,"attachment_id":82225,"filename":"product-image-80078-6996d7db2d67e.jpg"}
[2026-02-19 09:28:59] [INFO] Downloaded product image | Context: {"product_id":80078,"attachment_id":82227,"filename":"product-image-80078-6996d7dba35da.jpg"}
[2026-02-19 09:28:59] [INFO] Updated product | Context: {"external_id":1357556,"product_id":80078}
[2026-02-19 09:28:59] [INFO] Downloaded product image | Context: {"product_id":80078,"attachment_id":82226,"filename":"product-image-80078-6996d7dba33bc.jpg"}
[2026-02-19 09:28:59] [INFO] Updated product | Context: {"external_id":1357556,"product_id":80078}
[2026-02-19 09:28:59] [INFO] Updated product | Context: {"external_id":1357554,"product_id":80306}
[2026-02-19 09:28:59] [INFO] Updated product | Context: {"external_id":1357554,"product_id":80306}
[2026-02-19 09:29:00] [INFO] Downloaded product image | Context: {"product_id":80140,"attachment_id":82229,"filename":"product-image-80140-6996d7dc295f9.jpg"}
[2026-02-19 09:29:00] [INFO] Downloaded product image | Context: {"product_id":80140,"attachment_id":82228,"filename":"product-image-80140-6996d7dc29581.jpg"}
[2026-02-19 09:29:00] [INFO] Downloaded product image | Context: {"product_id":80140,"attachment_id":82231,"filename":"product-image-80140-6996d7dc9e830.jpg"}
[2026-02-19 09:29:00] [INFO] Downloaded product image | Context: {"product_id":80140,"attachment_id":82230,"filename":"product-image-80140-6996d7dc9e85d.jpg"}
[2026-02-19 09:29:01] [INFO] Downloaded product image | Context: {"product_id":80140,"attachment_id":82232,"filename":"product-image-80140-6996d7dd29470.jpg"}
[2026-02-19 09:29:01] [INFO] Downloaded product image | Context: {"product_id":80140,"attachment_id":82233,"filename":"product-image-80140-6996d7dd29942.jpg"}
[2026-02-19 09:29:01] [INFO] Downloaded product image | Context: {"product_id":80140,"attachment_id":82234,"filename":"product-image-80140-6996d7dd9a340.jpg"}
[2026-02-19 09:29:01] [INFO] Updated product | Context: {"external_id":1354859,"product_id":80140}
[2026-02-19 09:29:01] [INFO] Downloaded product image | Context: {"product_id":80140,"attachment_id":82235,"filename":"product-image-80140-6996d7dd9a4db.jpg"}
[2026-02-19 09:29:01] [INFO] Updated product | Context: {"external_id":1354859,"product_id":80140}
[2026-02-19 09:29:02] [INFO] Downloaded product image | Context: {"product_id":80143,"attachment_id":82237,"filename":"product-image-80143-6996d7de2911b.jpg"}
[2026-02-19 09:29:02] [INFO] Downloaded product image | Context: {"product_id":80143,"attachment_id":82236,"filename":"product-image-80143-6996d7de28e04.jpg"}
[2026-02-19 09:29:02] [INFO] Downloaded product image | Context: {"product_id":80143,"attachment_id":82239,"filename":"product-image-80143-6996d7dea8f3e.jpg"}
[2026-02-19 09:29:02] [INFO] Downloaded product image | Context: {"product_id":80143,"attachment_id":82238,"filename":"product-image-80143-6996d7dea90b5.jpg"}
[2026-02-19 09:29:03] [INFO] Downloaded product image | Context: {"product_id":80143,"attachment_id":82241,"filename":"product-image-80143-6996d7df2e992.jpg"}
[2026-02-19 09:29:03] [INFO] Downloaded product image | Context: {"product_id":80143,"attachment_id":82240,"filename":"product-image-80143-6996d7df2e8d4.jpg"}
[2026-02-19 09:29:03] [INFO] Downloaded product image | Context: {"product_id":80143,"attachment_id":82243,"filename":"product-image-80143-6996d7df9f332.jpg"}
[2026-02-19 09:29:03] [INFO] Updated product | Context: {"external_id":1354366,"product_id":80143}
[2026-02-19 09:29:03] [INFO] Downloaded product image | Context: {"product_id":80143,"attachment_id":82242,"filename":"product-image-80143-6996d7df9f00b.jpg"}
[2026-02-19 09:29:03] [INFO] Updated product | Context: {"external_id":1354366,"product_id":80143}
[2026-02-19 09:29:04] [INFO] Downloaded product image | Context: {"product_id":80144,"attachment_id":82244,"filename":"product-image-80144-6996d7e0235e8.jpg"}
[2026-02-19 09:29:04] [INFO] Downloaded product image | Context: {"product_id":80144,"attachment_id":82245,"filename":"product-image-80144-6996d7e0237fb.jpg"}
[2026-02-19 09:29:04] [INFO] Downloaded product image | Context: {"product_id":80144,"attachment_id":82246,"filename":"product-image-80144-6996d7e08bd45.jpg"}
[2026-02-19 09:29:04] [INFO] Downloaded product image | Context: {"product_id":80144,"attachment_id":82247,"filename":"product-image-80144-6996d7e08be36.jpg"}
[2026-02-19 09:29:05] [INFO] Downloaded product image | Context: {"product_id":80144,"attachment_id":82248,"filename":"product-image-80144-6996d7e106553.jpg"}
[2026-02-19 09:29:05] [INFO] Updated product | Context: {"external_id":1353914,"product_id":80144}
[2026-02-19 09:29:05] [INFO] Downloaded product image | Context: {"product_id":80144,"attachment_id":82249,"filename":"product-image-80144-6996d7e1065ff.jpg"}
[2026-02-19 09:29:05] [INFO] Updated product | Context: {"external_id":1353914,"product_id":80144}
[2026-02-19 09:29:05] [INFO] Downloaded product image | Context: {"product_id":80081,"attachment_id":82251,"filename":"product-image-80081-6996d7e18b569.jpg"}
[2026-02-19 09:29:05] [INFO] Updated product | Context: {"external_id":1353905,"product_id":80081}
[2026-02-19 09:29:05] [INFO] Downloaded product image | Context: {"product_id":80081,"attachment_id":82250,"filename":"product-image-80081-6996d7e18b15f.jpg"}
[2026-02-19 09:29:05] [INFO] Updated product | Context: {"external_id":1353905,"product_id":80081}
[2026-02-19 09:29:05] [INFO] Updated product | Context: {"external_id":1351371,"product_id":80326}
[2026-02-19 09:29:05] [INFO] Updated product | Context: {"external_id":1351371,"product_id":80326}
[2026-02-19 09:29:06] [INFO] Downloaded product image | Context: {"product_id":80327,"attachment_id":82252,"filename":"product-image-80327-6996d7e21f8d3.jpg"}
[2026-02-19 09:29:06] [INFO] Downloaded product image | Context: {"product_id":80327,"attachment_id":82253,"filename":"product-image-80327-6996d7e21fa4b.jpg"}
[2026-02-19 09:29:06] [INFO] Downloaded product image | Context: {"product_id":80327,"attachment_id":82255,"filename":"product-image-80327-6996d7e2a2f44.jpg"}
[2026-02-19 09:29:06] [INFO] Downloaded product image | Context: {"product_id":80327,"attachment_id":82254,"filename":"product-image-80327-6996d7e2a2be0.jpg"}
[2026-02-19 09:29:07] [INFO] Downloaded product image | Context: {"product_id":80327,"attachment_id":82256,"filename":"product-image-80327-6996d7e3272dd.jpg"}
[2026-02-19 09:29:07] [INFO] Downloaded product image | Context: {"product_id":80327,"attachment_id":82257,"filename":"product-image-80327-6996d7e3273ca.jpg"}
[2026-02-19 09:29:07] [INFO] Downloaded product image | Context: {"product_id":80327,"attachment_id":82259,"filename":"product-image-80327-6996d7e396c64.jpg"}
[2026-02-19 09:29:07] [INFO] Downloaded product image | Context: {"product_id":80327,"attachment_id":82258,"filename":"product-image-80327-6996d7e396bf5.jpg"}
[2026-02-19 09:29:08] [INFO] Downloaded product image | Context: {"product_id":80327,"attachment_id":82260,"filename":"product-image-80327-6996d7e40e335.jpg"}
[2026-02-19 09:29:08] [INFO] Updated product | Context: {"external_id":1348500,"product_id":80327}
[2026-02-19 09:29:08] [INFO] Downloaded product image | Context: {"product_id":80327,"attachment_id":82261,"filename":"product-image-80327-6996d7e40e46a.jpg"}
[2026-02-19 09:29:08] [INFO] Updated product | Context: {"external_id":1348500,"product_id":80327}
[2026-02-19 09:29:08] [INFO] Updated product | Context: {"external_id":1348479,"product_id":80148}
[2026-02-19 09:29:08] [INFO] Updated product | Context: {"external_id":1348479,"product_id":80148}
[2026-02-19 09:29:08] [INFO] Updated product | Context: {"external_id":1347768,"product_id":80328}
[2026-02-19 09:29:08] [INFO] Updated product | Context: {"external_id":1347768,"product_id":80328}
[2026-02-19 09:29:08] [INFO] Updated product | Context: {"external_id":1347764,"product_id":80150}
[2026-02-19 09:29:08] [INFO] Updated product | Context: {"external_id":1347764,"product_id":80150}
[2026-02-19 09:29:08] [INFO] Downloaded product image | Context: {"product_id":80151,"attachment_id":82262,"filename":"product-image-80151-6996d7e4ae27a.jpg"}
[2026-02-19 09:29:08] [INFO] Downloaded product image | Context: {"product_id":80151,"attachment_id":82263,"filename":"product-image-80151-6996d7e4ae093.jpg"}
[2026-02-19 09:29:09] [INFO] Downloaded product image | Context: {"product_id":80151,"attachment_id":82265,"filename":"product-image-80151-6996d7e5371da.jpg"}
[2026-02-19 09:29:09] [INFO] Downloaded product image | Context: {"product_id":80151,"attachment_id":82264,"filename":"product-image-80151-6996d7e53720d.jpg"}
[2026-02-19 09:29:09] [INFO] Downloaded product image | Context: {"product_id":80151,"attachment_id":82266,"filename":"product-image-80151-6996d7e5b7c8a.jpg"}
[2026-02-19 09:29:09] [INFO] Downloaded product image | Context: {"product_id":80151,"attachment_id":82267,"filename":"product-image-80151-6996d7e5b7d01.jpg"}
[2026-02-19 09:29:10] [INFO] Downloaded product image | Context: {"product_id":80151,"attachment_id":82268,"filename":"product-image-80151-6996d7e645f43.jpg"}
[2026-02-19 09:29:10] [INFO] Downloaded product image | Context: {"product_id":80151,"attachment_id":82269,"filename":"product-image-80151-6996d7e645fd3.jpg"}
[2026-02-19 09:29:10] [INFO] Updated product | Context: {"external_id":1347761,"product_id":80151}
[2026-02-19 09:29:10] [INFO] Updated product | Context: {"external_id":1347761,"product_id":80151}
[2026-02-19 09:29:10] [INFO] Updated product | Context: {"external_id":1341282,"product_id":80054}
[2026-02-19 09:29:10] [INFO] Updated product | Context: {"external_id":1341282,"product_id":80054}
[2026-02-19 09:29:10] [INFO] Updated product | Context: {"external_id":1340161,"product_id":80154}
[2026-02-19 09:29:10] [INFO] Updated product | Context: {"external_id":1340161,"product_id":80154}
[2026-02-19 09:29:11] [INFO] Downloaded product image | Context: {"product_id":80340,"attachment_id":82271,"filename":"product-image-80340-6996d7e6e64bb.jpg"}
[2026-02-19 09:29:11] [INFO] Downloaded product image | Context: {"product_id":80340,"attachment_id":82270,"filename":"product-image-80340-6996d7e6e6578.jpg"}
[2026-02-19 09:29:11] [INFO] Downloaded product image | Context: {"product_id":80340,"attachment_id":82273,"filename":"product-image-80340-6996d7e765427.jpg"}
[2026-02-19 09:29:11] [INFO] Downloaded product image | Context: {"product_id":80340,"attachment_id":82272,"filename":"product-image-80340-6996d7e76540f.jpg"}
[2026-02-19 09:29:11] [INFO] Downloaded product image | Context: {"product_id":80340,"attachment_id":82274,"filename":"product-image-80340-6996d7e7c4861.jpg"}
[2026-02-19 09:29:11] [INFO] Updated product | Context: {"external_id":1335226,"product_id":80340}
[2026-02-19 09:29:11] [INFO] Downloaded product image | Context: {"product_id":80340,"attachment_id":82275,"filename":"product-image-80340-6996d7e7c4b96.jpg"}
[2026-02-19 09:29:11] [INFO] Updated product | Context: {"external_id":1335226,"product_id":80340}
[2026-02-19 09:29:12] [INFO] Updated product | Context: {"external_id":1335225,"product_id":80087}
[2026-02-19 09:29:12] [INFO] Updated product | Context: {"external_id":1335225,"product_id":80087}
[2026-02-19 09:29:12] [INFO] Updated product | Context: {"external_id":1335221,"product_id":80342}
[2026-02-19 09:29:12] [INFO] Updated product | Context: {"external_id":1335221,"product_id":80342}
[2026-02-19 09:29:12] [INFO] Downloaded product image | Context: {"product_id":80344,"attachment_id":82277,"filename":"product-image-80344-6996d7e87287c.jpg"}
[2026-02-19 09:29:12] [INFO] Downloaded product image | Context: {"product_id":80344,"attachment_id":82276,"filename":"product-image-80344-6996d7e872647.jpg"}
[2026-02-19 09:29:13] [INFO] Downloaded product image | Context: {"product_id":80344,"attachment_id":82278,"filename":"product-image-80344-6996d7e8e90e2.jpg"}
[2026-02-19 09:29:13] [INFO] Downloaded product image | Context: {"product_id":80344,"attachment_id":82279,"filename":"product-image-80344-6996d7e8e91f3.jpg"}
[2026-02-19 09:29:13] [INFO] Downloaded product image | Context: {"product_id":80344,"attachment_id":82280,"filename":"product-image-80344-6996d7e950e7c.jpg"}
[2026-02-19 09:29:13] [INFO] Downloaded product image | Context: {"product_id":80344,"attachment_id":82281,"filename":"product-image-80344-6996d7e950dbe.jpg"}
[2026-02-19 09:29:13] [INFO] Downloaded product image | Context: {"product_id":80344,"attachment_id":82282,"filename":"product-image-80344-6996d7e9cb65d.jpg"}
[2026-02-19 09:29:13] [INFO] Updated product | Context: {"external_id":1335217,"product_id":80344}
[2026-02-19 09:29:14] [INFO] Downloaded product image | Context: {"product_id":80344,"attachment_id":82283,"filename":"product-image-80344-6996d7e9cb9e0.jpg"}
[2026-02-19 09:29:14] [INFO] Updated product | Context: {"external_id":1335217,"product_id":80344}
[2026-02-19 09:29:14] [INFO] Downloaded product image | Context: {"product_id":80353,"attachment_id":82285,"filename":"product-image-80353-6996d7ea60069.jpg"}
[2026-02-19 09:29:14] [INFO] Downloaded product image | Context: {"product_id":80353,"attachment_id":82284,"filename":"product-image-80353-6996d7ea5fe45.jpg"}
[2026-02-19 09:29:15] [INFO] Downloaded product image | Context: {"product_id":80353,"attachment_id":82286,"filename":"product-image-80353-6996d7eadc078.jpg"}
[2026-02-19 09:29:15] [INFO] Downloaded product image | Context: {"product_id":80353,"attachment_id":82287,"filename":"product-image-80353-6996d7eadc13b.jpg"}
[2026-02-19 09:29:15] [INFO] Downloaded product image | Context: {"product_id":80353,"attachment_id":82288,"filename":"product-image-80353-6996d7eb54749.jpg"}
[2026-02-19 09:29:15] [INFO] Downloaded product image | Context: {"product_id":80353,"attachment_id":82289,"filename":"product-image-80353-6996d7eb54693.jpg"}
[2026-02-19 09:29:15] [INFO] Downloaded product image | Context: {"product_id":80353,"attachment_id":82290,"filename":"product-image-80353-6996d7ebb153d.jpg"}
[2026-02-19 09:29:15] [INFO] Updated product | Context: {"external_id":1331188,"product_id":80353}
[2026-02-19 09:29:15] [INFO] Downloaded product image | Context: {"product_id":80353,"attachment_id":82291,"filename":"product-image-80353-6996d7ebb1cb8.jpg"}
[2026-02-19 09:29:15] [INFO] Updated product | Context: {"external_id":1331188,"product_id":80353}
[2026-02-19 09:29:15] [INFO] Updated product | Context: {"external_id":1331185,"product_id":80354}
[2026-02-19 09:29:16] [INFO] Updated product | Context: {"external_id":1331185,"product_id":80354}
[2026-02-19 09:29:16] [INFO] Downloaded product image | Context: {"product_id":80161,"attachment_id":82292,"filename":"product-image-80161-6996d7ec5eacd.jpg"}
[2026-02-19 09:29:16] [INFO] Downloaded product image | Context: {"product_id":80161,"attachment_id":82293,"filename":"product-image-80161-6996d7ec5ec6b.jpg"}
[2026-02-19 09:29:17] [INFO] Downloaded product image | Context: {"product_id":80161,"attachment_id":82295,"filename":"product-image-80161-6996d7ecda3ff.jpg"}
[2026-02-19 09:29:17] [INFO] Downloaded product image | Context: {"product_id":80161,"attachment_id":82294,"filename":"product-image-80161-6996d7ecda235.jpg"}
[2026-02-19 09:29:17] [INFO] Downloaded product image | Context: {"product_id":80161,"attachment_id":82296,"filename":"product-image-80161-6996d7ed5d37d.jpg"}
[2026-02-19 09:29:17] [INFO] Downloaded product image | Context: {"product_id":80161,"attachment_id":82297,"filename":"product-image-80161-6996d7ed5d354.jpg"}
[2026-02-19 09:29:18] [INFO] Downloaded product image | Context: {"product_id":80161,"attachment_id":82298,"filename":"product-image-80161-6996d7ede9399.jpg"}
[2026-02-19 09:29:18] [INFO] Updated product | Context: {"external_id":1331171,"product_id":80161}
[2026-02-19 09:29:18] [INFO] Downloaded product image | Context: {"product_id":80161,"attachment_id":82299,"filename":"product-image-80161-6996d7ede96a5.jpg"}
[2026-02-19 09:29:18] [INFO] Updated product | Context: {"external_id":1331171,"product_id":80161}
[2026-02-19 09:29:18] [INFO] Downloaded product image | Context: {"product_id":80162,"attachment_id":82301,"filename":"product-image-80162-6996d7ee80058.jpg"}
[2026-02-19 09:29:18] [INFO] Downloaded product image | Context: {"product_id":80162,"attachment_id":82300,"filename":"product-image-80162-6996d7ee7f88f.jpg"}
[2026-02-19 09:29:19] [INFO] Downloaded product image | Context: {"product_id":80162,"attachment_id":82302,"filename":"product-image-80162-6996d7eef0283.jpg"}
[2026-02-19 09:29:19] [INFO] Downloaded product image | Context: {"product_id":80162,"attachment_id":82303,"filename":"product-image-80162-6996d7eef05e2.jpg"}
[2026-02-19 09:29:19] [INFO] Downloaded product image | Context: {"product_id":80162,"attachment_id":82304,"filename":"product-image-80162-6996d7ef6cd8b.jpg"}
[2026-02-19 09:29:19] [INFO] Downloaded product image | Context: {"product_id":80162,"attachment_id":82305,"filename":"product-image-80162-6996d7ef6cdef.jpg"}
[2026-02-19 09:29:20] [INFO] Downloaded product image | Context: {"product_id":80162,"attachment_id":82306,"filename":"product-image-80162-6996d7efd1e3a.jpg"}
[2026-02-19 09:29:20] [INFO] Updated product | Context: {"external_id":1331164,"product_id":80162}
[2026-02-19 09:29:20] [INFO] Downloaded product image | Context: {"product_id":80162,"attachment_id":82307,"filename":"product-image-80162-6996d7efd1f82.jpg"}
[2026-02-19 09:29:20] [INFO] Updated product | Context: {"external_id":1331164,"product_id":80162}
[2026-02-19 09:29:20] [INFO] Downloaded product image | Context: {"product_id":80371,"attachment_id":82308,"filename":"product-image-80371-6996d7f06378f.jpg"}
[2026-02-19 09:29:20] [INFO] Downloaded product image | Context: {"product_id":80371,"attachment_id":82309,"filename":"product-image-80371-6996d7f06365b.jpg"}
[2026-02-19 09:29:21] [INFO] Downloaded product image | Context: {"product_id":80371,"attachment_id":82310,"filename":"product-image-80371-6996d7f0cde3b.jpg"}
[2026-02-19 09:29:21] [INFO] Downloaded product image | Context: {"product_id":80371,"attachment_id":82311,"filename":"product-image-80371-6996d7f0ce0a9.jpg"}
[2026-02-19 09:29:21] [INFO] Downloaded product image | Context: {"product_id":80371,"attachment_id":82313,"filename":"product-image-80371-6996d7f13fef4.jpg"}
[2026-02-19 09:29:21] [INFO] Downloaded product image | Context: {"product_id":80371,"attachment_id":82312,"filename":"product-image-80371-6996d7f13fde3.jpg"}
[2026-02-19 09:29:21] [INFO] Downloaded product image | Context: {"product_id":80371,"attachment_id":82315,"filename":"product-image-80371-6996d7f1baf73.jpg"}
[2026-02-19 09:29:21] [INFO] Updated product | Context: {"external_id":1326817,"product_id":80371}
[2026-02-19 09:29:21] [INFO] Downloaded product image | Context: {"product_id":80371,"attachment_id":82314,"filename":"product-image-80371-6996d7f1bad1b.jpg"}
[2026-02-19 09:29:21] [INFO] Updated product | Context: {"external_id":1326817,"product_id":80371}
[2026-02-19 09:29:22] [INFO] Downloaded product image | Context: {"product_id":80372,"attachment_id":82317,"filename":"product-image-80372-6996d7f25c3d1.jpg"}
[2026-02-19 09:29:22] [INFO] Downloaded product image | Context: {"product_id":80372,"attachment_id":82316,"filename":"product-image-80372-6996d7f25c29b.jpg"}
[2026-02-19 09:29:22] [INFO] Downloaded product image | Context: {"product_id":80372,"attachment_id":82318,"filename":"product-image-80372-6996d7f2c455d.jpg"}
[2026-02-19 09:29:22] [INFO] Downloaded product image | Context: {"product_id":80372,"attachment_id":82319,"filename":"product-image-80372-6996d7f2c4642.jpg"}
[2026-02-19 09:29:23] [INFO] Downloaded product image | Context: {"product_id":80372,"attachment_id":82320,"filename":"product-image-80372-6996d7f34e306.jpg"}
[2026-02-19 09:29:23] [INFO] Downloaded product image | Context: {"product_id":80372,"attachment_id":82321,"filename":"product-image-80372-6996d7f34e72d.jpg"}
[2026-02-19 09:29:23] [INFO] Downloaded product image | Context: {"product_id":80372,"attachment_id":82323,"filename":"product-image-80372-6996d7f3c98e1.jpg"}
[2026-02-19 09:29:23] [INFO] Downloaded product image | Context: {"product_id":80372,"attachment_id":82322,"filename":"product-image-80372-6996d7f3c9795.jpg"}
[2026-02-19 09:29:23] [INFO] Updated product | Context: {"external_id":1326816,"product_id":80372}
[2026-02-19 09:29:23] [INFO] Updated product | Context: {"external_id":1326816,"product_id":80372}
[2026-02-19 09:29:24] [INFO] Updated product | Context: {"external_id":1326815,"product_id":80373}
[2026-02-19 09:29:24] [INFO] Updated product | Context: {"external_id":1326815,"product_id":80373}
[2026-02-19 09:29:24] [INFO] Downloaded product image | Context: {"product_id":82325,"attachment_id":82326,"filename":"product-image-82325-6996d7f4a93c6.jpg"}
[2026-02-19 09:29:24] [INFO] Downloaded product image | Context: {"product_id":82324,"attachment_id":82327,"filename":"product-image-82324-6996d7f4a93ba.jpg"}
[2026-02-19 09:29:25] [INFO] Downloaded product image | Context: {"product_id":82325,"attachment_id":82329,"filename":"product-image-82325-6996d7f5338e5.jpg"}
[2026-02-19 09:29:25] [INFO] Downloaded product image | Context: {"product_id":82324,"attachment_id":82328,"filename":"product-image-82324-6996d7f533760.jpg"}
[2026-02-19 09:29:25] [INFO] Downloaded product image | Context: {"product_id":82324,"attachment_id":82330,"filename":"product-image-82324-6996d7f5a5b1f.jpg"}
[2026-02-19 09:29:25] [INFO] Downloaded product image | Context: {"product_id":82325,"attachment_id":82331,"filename":"product-image-82325-6996d7f5a5c90.jpg"}
[2026-02-19 09:29:26] [INFO] Downloaded product image | Context: {"product_id":82325,"attachment_id":82332,"filename":"product-image-82325-6996d7f617e30.jpg"}
[2026-02-19 09:29:26] [INFO] Downloaded product image | Context: {"product_id":82324,"attachment_id":82333,"filename":"product-image-82324-6996d7f61834a.jpg"}
[2026-02-19 09:29:26] [INFO] Downloaded product image | Context: {"product_id":82325,"attachment_id":82335,"filename":"product-image-82325-6996d7f693358.jpg"}
[2026-02-19 09:29:26] [INFO] Created product | Context: {"external_id":1321767,"product_id":82325}
[2026-02-19 09:29:26] [INFO] Downloaded product image | Context: {"product_id":82324,"attachment_id":82334,"filename":"product-image-82324-6996d7f693045.jpg"}
[2026-02-19 09:29:26] [INFO] Created product | Context: {"external_id":1321767,"product_id":82324}
[2026-02-19 09:29:27] [INFO] Downloaded product image | Context: {"product_id":80376,"attachment_id":82336,"filename":"product-image-80376-6996d7f73a25e.jpg"}
[2026-02-19 09:29:27] [INFO] Downloaded product image | Context: {"product_id":80376,"attachment_id":82337,"filename":"product-image-80376-6996d7f73a2b0.jpg"}
[2026-02-19 09:29:27] [INFO] Downloaded product image | Context: {"product_id":80376,"attachment_id":82338,"filename":"product-image-80376-6996d7f7aa610.jpg"}
[2026-02-19 09:29:27] [INFO] Downloaded product image | Context: {"product_id":80376,"attachment_id":82339,"filename":"product-image-80376-6996d7f7aa716.jpg"}
[2026-02-19 09:29:28] [INFO] Downloaded product image | Context: {"product_id":80376,"attachment_id":82340,"filename":"product-image-80376-6996d7f834d13.jpg"}
[2026-02-19 09:29:28] [INFO] Downloaded product image | Context: {"product_id":80376,"attachment_id":82341,"filename":"product-image-80376-6996d7f83526f.jpg"}
[2026-02-19 09:29:28] [INFO] Downloaded product image | Context: {"product_id":80376,"attachment_id":82342,"filename":"product-image-80376-6996d7f8aff7e.jpg"}
[2026-02-19 09:29:28] [INFO] Updated product | Context: {"external_id":1308581,"product_id":80376}
[2026-02-19 09:29:28] [INFO] Downloaded product image | Context: {"product_id":80376,"attachment_id":82343,"filename":"product-image-80376-6996d7f8b017a.jpg"}
[2026-02-19 09:29:28] [INFO] Updated product | Context: {"external_id":1308581,"product_id":80376}
[2026-02-19 09:29:28] [WARNING] Failed to download image | Context: {"url":"https:\/\/media.mts.ee\/eyJidWNrZXQiOiJtdHMtcHJvZHVjdC1pbWFnZXMiLCJrZXkiOiI3XC83NFwvNzQxNTU4MjI0ZWEyMTczMjcwMmIyZjBjOWUxNTU4ZWEuanBnIiwiZWRpdHMiOnsicmVzaXplIjp7IndpZHRoIjoxMjAwLCJoZWlnaHQiOjYzMCwiZml0IjoiY29udGFpbiIsImJhY2tncm91bmQiOnsiciI6MjU1LCJnIjoyNTUsImIiOjI1NSwiYWxwaGEiOjF9fX19","error":"Not Found"}
[2026-02-19 09:29:28] [WARNING] Failed to download image | Context: {"url":"https:\/\/media.mts.ee\/eyJidWNrZXQiOiJtdHMtcHJvZHVjdC1pbWFnZXMiLCJrZXkiOiI3XC83NFwvNzQxNTU4MjI0ZWEyMTczMjcwMmIyZjBjOWUxNTU4ZWEuanBnIiwiZWRpdHMiOnsicmVzaXplIjp7IndpZHRoIjoxMjAwLCJoZWlnaHQiOjYzMCwiZml0IjoiY29udGFpbiIsImJhY2tncm91bmQiOnsiciI6MjU1LCJnIjoyNTUsImIiOjI1NSwiYWxwaGEiOjF9fX19","error":"Not Found"}
[2026-02-19 09:29:28] [WARNING] Failed to download image | Context: {"url":"https:\/\/media.mts.ee\/eyJidWNrZXQiOiJtdHMtcHJvZHVjdC1pbWFnZXMiLCJrZXkiOiIxXC8xN1wvMTdlY2MzYjRlNDNhNTY1NjlhNzNmMzY0YmNjMjZkNTIuanBnIiwiZWRpdHMiOnsicmVzaXplIjp7IndpZHRoIjoxMjAwLCJoZWlnaHQiOjYzMCwiZml0IjoiY29udGFpbiIsImJhY2tncm91bmQiOnsiciI6MjU1LCJnIjoyNTUsImIiOjI1NSwiYWxwaGEiOjF9fX19","error":"Not Found"}
[2026-02-19 09:29:29] [WARNING] Failed to download image | Context: {"url":"https:\/\/media.mts.ee\/eyJidWNrZXQiOiJtdHMtcHJvZHVjdC1pbWFnZXMiLCJrZXkiOiIxXC8xN1wvMTdlY2MzYjRlNDNhNTY1NjlhNzNmMzY0YmNjMjZkNTIuanBnIiwiZWRpdHMiOnsicmVzaXplIjp7IndpZHRoIjoxMjAwLCJoZWlnaHQiOjYzMCwiZml0IjoiY29udGFpbiIsImJhY2tncm91bmQiOnsiciI6MjU1LCJnIjoyNTUsImIiOjI1NSwiYWxwaGEiOjF9fX19","error":"Not Found"}
[2026-02-19 09:29:29] [WARNING] Failed to download image | Context: {"url":"https:\/\/media.mts.ee\/eyJidWNrZXQiOiJtdHMtcHJvZHVjdC1pbWFnZXMiLCJrZXkiOiI5XC85NlwvOTZlMTcwMjk4NTNjMjlhMDlhOTY1M2Q4ODlmZDJjNmIuanBnIiwiZWRpdHMiOnsicmVzaXplIjp7IndpZHRoIjoxMjAwLCJoZWlnaHQiOjYzMCwiZml0IjoiY29udGFpbiIsImJhY2tncm91bmQiOnsiciI6MjU1LCJnIjoyNTUsImIiOjI1NSwiYWxwaGEiOjF9fX19","error":"Not Found"}
[2026-02-19 09:29:29] [INFO] Updated product | Context: {"external_id":1292964,"product_id":80167}
[2026-02-19 09:29:29] [WARNING] Failed to download image | Context: {"url":"https:\/\/media.mts.ee\/eyJidWNrZXQiOiJtdHMtcHJvZHVjdC1pbWFnZXMiLCJrZXkiOiI5XC85NlwvOTZlMTcwMjk4NTNjMjlhMDlhOTY1M2Q4ODlmZDJjNmIuanBnIiwiZWRpdHMiOnsicmVzaXplIjp7IndpZHRoIjoxMjAwLCJoZWlnaHQiOjYzMCwiZml0IjoiY29udGFpbiIsImJhY2tncm91bmQiOnsiciI6MjU1LCJnIjoyNTUsImIiOjI1NSwiYWxwaGEiOjF9fX19","error":"Not Found"}
[2026-02-19 09:29:29] [INFO] Updated product | Context: {"external_id":1292964,"product_id":80167}
[2026-02-19 09:29:29] [WARNING] Failed to download image | Context: {"url":"https:\/\/media.mts.ee\/eyJidWNrZXQiOiJtdHMtcHJvZHVjdC1pbWFnZXMiLCJrZXkiOiIzXC8zZlwvM2YxYmU0OGYxYjA1MTc5OWIzNDVjY2Y4NWUyOWJkMzQuanBnIiwiZWRpdHMiOnsicmVzaXplIjp7IndpZHRoIjoxMjAwLCJoZWlnaHQiOjYzMCwiZml0IjoiY29udGFpbiIsImJhY2tncm91bmQiOnsiciI6MjU1LCJnIjoyNTUsImIiOjI1NSwiYWxwaGEiOjF9fX19","error":"Not Found"}
[2026-02-19 09:29:29] [WARNING] Failed to download image | Context: {"url":"https:\/\/media.mts.ee\/eyJidWNrZXQiOiJtdHMtcHJvZHVjdC1pbWFnZXMiLCJrZXkiOiIzXC8zZlwvM2YxYmU0OGYxYjA1MTc5OWIzNDVjY2Y4NWUyOWJkMzQuanBnIiwiZWRpdHMiOnsicmVzaXplIjp7IndpZHRoIjoxMjAwLCJoZWlnaHQiOjYzMCwiZml0IjoiY29udGFpbiIsImJhY2tncm91bmQiOnsiciI6MjU1LCJnIjoyNTUsImIiOjI1NSwiYWxwaGEiOjF9fX19","error":"Not Found"}
[2026-02-19 09:29:29] [WARNING] Failed to download image | Context: {"url":"https:\/\/media.mts.ee\/eyJidWNrZXQiOiJtdHMtcHJvZHVjdC1pbWFnZXMiLCJrZXkiOiIzXC8zZVwvM2UxNDk4OTk4N2U3NDA0Zjc2ZjZjMWYyMjNkYTQ0YmIuanBnIiwiZWRpdHMiOnsicmVzaXplIjp7IndpZHRoIjoxMjAwLCJoZWlnaHQiOjYzMCwiZml0IjoiY29udGFpbiIsImJhY2tncm91bmQiOnsiciI6MjU1LCJnIjoyNTUsImIiOjI1NSwiYWxwaGEiOjF9fX19","error":"Not Found"}
[2026-02-19 09:29:29] [WARNING] Failed to download image | Context: {"url":"https:\/\/media.mts.ee\/eyJidWNrZXQiOiJtdHMtcHJvZHVjdC1pbWFnZXMiLCJrZXkiOiIzXC8zZVwvM2UxNDk4OTk4N2U3NDA0Zjc2ZjZjMWYyMjNkYTQ0YmIuanBnIiwiZWRpdHMiOnsicmVzaXplIjp7IndpZHRoIjoxMjAwLCJoZWlnaHQiOjYzMCwiZml0IjoiY29udGFpbiIsImJhY2tncm91bmQiOnsiciI6MjU1LCJnIjoyNTUsImIiOjI1NSwiYWxwaGEiOjF9fX19","error":"Not Found"}
[2026-02-19 09:29:29] [WARNING] Failed to download image | Context: {"url":"https:\/\/media.mts.ee\/eyJidWNrZXQiOiJtdHMtcHJvZHVjdC1pbWFnZXMiLCJrZXkiOiJkXC9kNVwvZDU1YjgzMjRhOGIzMzVjZTU1ZGVlOWYyYWFhZGE1MmMuanBnIiwiZWRpdHMiOnsicmVzaXplIjp7IndpZHRoIjoxMjAwLCJoZWlnaHQiOjYzMCwiZml0IjoiY29udGFpbiIsImJhY2tncm91bmQiOnsiciI6MjU1LCJnIjoyNTUsImIiOjI1NSwiYWxwaGEiOjF9fX19","error":"Not Found"}
[2026-02-19 09:29:29] [WARNING] Failed to download image | Context: {"url":"https:\/\/media.mts.ee\/eyJidWNrZXQiOiJtdHMtcHJvZHVjdC1pbWFnZXMiLCJrZXkiOiJkXC9kNVwvZDU1YjgzMjRhOGIzMzVjZTU1ZGVlOWYyYWFhZGE1MmMuanBnIiwiZWRpdHMiOnsicmVzaXplIjp7IndpZHRoIjoxMjAwLCJoZWlnaHQiOjYzMCwiZml0IjoiY29udGFpbiIsImJhY2tncm91bmQiOnsiciI6MjU1LCJnIjoyNTUsImIiOjI1NSwiYWxwaGEiOjF9fX19","error":"Not Found"}
[2026-02-19 09:29:29] [INFO] Updated product | Context: {"external_id":1292961,"product_id":80168}
[2026-02-19 09:29:29] [INFO] Updated product | Context: {"external_id":1292961,"product_id":80168}
[2026-02-19 09:29:29] [WARNING] Failed to download image | Context: {"url":"https:\/\/media.mts.ee\/eyJidWNrZXQiOiJtdHMtcHJvZHVjdC1pbWFnZXMiLCJrZXkiOiI3XC83NFwvNzQxNTU4MjI0ZWEyMTczMjcwMmIyZjBjOWUxNTU4ZWEuanBnIiwiZWRpdHMiOnsicmVzaXplIjp7IndpZHRoIjoxMjAwLCJoZWlnaHQiOjYzMCwiZml0IjoiY29udGFpbiIsImJhY2tncm91bmQiOnsiciI6MjU1LCJnIjoyNTUsImIiOjI1NSwiYWxwaGEiOjF9fX19","error":"Not Found"}
[2026-02-19 09:29:29] [WARNING] Failed to download image | Context: {"url":"https:\/\/media.mts.ee\/eyJidWNrZXQiOiJtdHMtcHJvZHVjdC1pbWFnZXMiLCJrZXkiOiI3XC83NFwvNzQxNTU4MjI0ZWEyMTczMjcwMmIyZjBjOWUxNTU4ZWEuanBnIiwiZWRpdHMiOnsicmVzaXplIjp7IndpZHRoIjoxMjAwLCJoZWlnaHQiOjYzMCwiZml0IjoiY29udGFpbiIsImJhY2tncm91bmQiOnsiciI6MjU1LCJnIjoyNTUsImIiOjI1NSwiYWxwaGEiOjF9fX19","error":"Not Found"}
[2026-02-19 09:29:29] [WARNING] Failed to download image | Context: {"url":"https:\/\/media.mts.ee\/eyJidWNrZXQiOiJtdHMtcHJvZHVjdC1pbWFnZXMiLCJrZXkiOiIxXC8xN1wvMTdlY2MzYjRlNDNhNTY1NjlhNzNmMzY0YmNjMjZkNTIuanBnIiwiZWRpdHMiOnsicmVzaXplIjp7IndpZHRoIjoxMjAwLCJoZWlnaHQiOjYzMCwiZml0IjoiY29udGFpbiIsImJhY2tncm91bmQiOnsiciI6MjU1LCJnIjoyNTUsImIiOjI1NSwiYWxwaGEiOjF9fX19","error":"Not Found"}
[2026-02-19 09:29:29] [WARNING] Failed to download image | Context: {"url":"https:\/\/media.mts.ee\/eyJidWNrZXQiOiJtdHMtcHJvZHVjdC1pbWFnZXMiLCJrZXkiOiIxXC8xN1wvMTdlY2MzYjRlNDNhNTY1NjlhNzNmMzY0YmNjMjZkNTIuanBnIiwiZWRpdHMiOnsicmVzaXplIjp7IndpZHRoIjoxMjAwLCJoZWlnaHQiOjYzMCwiZml0IjoiY29udGFpbiIsImJhY2tncm91bmQiOnsiciI6MjU1LCJnIjoyNTUsImIiOjI1NSwiYWxwaGEiOjF9fX19","error":"Not Found"}
[2026-02-19 09:29:29] [WARNING] Failed to download image | Context: {"url":"https:\/\/media.mts.ee\/eyJidWNrZXQiOiJtdHMtcHJvZHVjdC1pbWFnZXMiLCJrZXkiOiI5XC85NlwvOTZlMTcwMjk4NTNjMjlhMDlhOTY1M2Q4ODlmZDJjNmIuanBnIiwiZWRpdHMiOnsicmVzaXplIjp7IndpZHRoIjoxMjAwLCJoZWlnaHQiOjYzMCwiZml0IjoiY29udGFpbiIsImJhY2tncm91bmQiOnsiciI6MjU1LCJnIjoyNTUsImIiOjI1NSwiYWxwaGEiOjF9fX19","error":"Not Found"}
[2026-02-19 09:29:29] [INFO] Updated product | Context: {"external_id":1292953,"product_id":80093}
[2026-02-19 09:29:29] [WARNING] Failed to download image | Context: {"url":"https:\/\/media.mts.ee\/eyJidWNrZXQiOiJtdHMtcHJvZHVjdC1pbWFnZXMiLCJrZXkiOiI5XC85NlwvOTZlMTcwMjk4NTNjMjlhMDlhOTY1M2Q4ODlmZDJjNmIuanBnIiwiZWRpdHMiOnsicmVzaXplIjp7IndpZHRoIjoxMjAwLCJoZWlnaHQiOjYzMCwiZml0IjoiY29udGFpbiIsImJhY2tncm91bmQiOnsiciI6MjU1LCJnIjoyNTUsImIiOjI1NSwiYWxwaGEiOjF9fX19","error":"Not Found"}
[2026-02-19 09:29:29] [INFO] Updated product | Context: {"external_id":1292953,"product_id":80093}
[2026-02-19 09:29:29] [WARNING] Failed to download image | Context: {"url":"https:\/\/media.mts.ee\/eyJidWNrZXQiOiJtdHMtcHJvZHVjdC1pbWFnZXMiLCJrZXkiOiIzXC8zZlwvM2YxYmU0OGYxYjA1MTc5OWIzNDVjY2Y4NWUyOWJkMzQuanBnIiwiZWRpdHMiOnsicmVzaXplIjp7IndpZHRoIjoxMjAwLCJoZWlnaHQiOjYzMCwiZml0IjoiY29udGFpbiIsImJhY2tncm91bmQiOnsiciI6MjU1LCJnIjoyNTUsImIiOjI1NSwiYWxwaGEiOjF9fX19","error":"Not Found"}
[2026-02-19 09:29:29] [WARNING] Failed to download image | Context: {"url":"https:\/\/media.mts.ee\/eyJidWNrZXQiOiJtdHMtcHJvZHVjdC1pbWFnZXMiLCJrZXkiOiIzXC8zZlwvM2YxYmU0OGYxYjA1MTc5OWIzNDVjY2Y4NWUyOWJkMzQuanBnIiwiZWRpdHMiOnsicmVzaXplIjp7IndpZHRoIjoxMjAwLCJoZWlnaHQiOjYzMCwiZml0IjoiY29udGFpbiIsImJhY2tncm91bmQiOnsiciI6MjU1LCJnIjoyNTUsImIiOjI1NSwiYWxwaGEiOjF9fX19","error":"Not Found"}
[2026-02-19 09:29:29] [WARNING] Failed to download image | Context: {"url":"https:\/\/media.mts.ee\/eyJidWNrZXQiOiJtdHMtcHJvZHVjdC1pbWFnZXMiLCJrZXkiOiIzXC8zZVwvM2UxNDk4OTk4N2U3NDA0Zjc2ZjZjMWYyMjNkYTQ0YmIuanBnIiwiZWRpdHMiOnsicmVzaXplIjp7IndpZHRoIjoxMjAwLCJoZWlnaHQiOjYzMCwiZml0IjoiY29udGFpbiIsImJhY2tncm91bmQiOnsiciI6MjU1LCJnIjoyNTUsImIiOjI1NSwiYWxwaGEiOjF9fX19","error":"Not Found"}
[2026-02-19 09:29:29] [WARNING] Failed to download image | Context: {"url":"https:\/\/media.mts.ee\/eyJidWNrZXQiOiJtdHMtcHJvZHVjdC1pbWFnZXMiLCJrZXkiOiIzXC8zZVwvM2UxNDk4OTk4N2U3NDA0Zjc2ZjZjMWYyMjNkYTQ0YmIuanBnIiwiZWRpdHMiOnsicmVzaXplIjp7IndpZHRoIjoxMjAwLCJoZWlnaHQiOjYzMCwiZml0IjoiY29udGFpbiIsImJhY2tncm91bmQiOnsiciI6MjU1LCJnIjoyNTUsImIiOjI1NSwiYWxwaGEiOjF9fX19","error":"Not Found"}
[2026-02-19 09:29:29] [WARNING] Failed to download image | Context: {"url":"https:\/\/media.mts.ee\/eyJidWNrZXQiOiJtdHMtcHJvZHVjdC1pbWFnZXMiLCJrZXkiOiJkXC9kNVwvZDU1YjgzMjRhOGIzMzVjZTU1ZGVlOWYyYWFhZGE1MmMuanBnIiwiZWRpdHMiOnsicmVzaXplIjp7IndpZHRoIjoxMjAwLCJoZWlnaHQiOjYzMCwiZml0IjoiY29udGFpbiIsImJhY2tncm91bmQiOnsiciI6MjU1LCJnIjoyNTUsImIiOjI1NSwiYWxwaGEiOjF9fX19","error":"Not Found"}
[2026-02-19 09:29:29] [WARNING] Failed to download image | Context: {"url":"https:\/\/media.mts.ee\/eyJidWNrZXQiOiJtdHMtcHJvZHVjdC1pbWFnZXMiLCJrZXkiOiJkXC9kNVwvZDU1YjgzMjRhOGIzMzVjZTU1ZGVlOWYyYWFhZGE1MmMuanBnIiwiZWRpdHMiOnsicmVzaXplIjp7IndpZHRoIjoxMjAwLCJoZWlnaHQiOjYzMCwiZml0IjoiY29udGFpbiIsImJhY2tncm91bmQiOnsiciI6MjU1LCJnIjoyNTUsImIiOjI1NSwiYWxwaGEiOjF9fX19","error":"Not Found"}
[2026-02-19 09:29:29] [INFO] Updated product | Context: {"external_id":1292900,"product_id":80170}
[2026-02-19 09:29:29] [INFO] Updated product | Context: {"external_id":1292900,"product_id":80170}
[2026-02-19 09:29:29] [INFO] Downloaded product image | Context: {"product_id":80385,"attachment_id":82345,"filename":"product-image-80385-6996d7f9af42b.jpg"}
[2026-02-19 09:29:29] [INFO] Downloaded product image | Context: {"product_id":80385,"attachment_id":82344,"filename":"product-image-80385-6996d7f9af441.jpg"}
[2026-02-19 09:29:30] [INFO] Downloaded product image | Context: {"product_id":80385,"attachment_id":82346,"filename":"product-image-80385-6996d7fa30708.jpg"}
[2026-02-19 09:29:30] [INFO] Downloaded product image | Context: {"product_id":80385,"attachment_id":82347,"filename":"product-image-80385-6996d7fa30924.jpg"}
[2026-02-19 09:29:30] [INFO] Downloaded product image | Context: {"product_id":80385,"attachment_id":82348,"filename":"product-image-80385-6996d7fa9b8dc.jpg"}
[2026-02-19 09:29:30] [INFO] Downloaded product image | Context: {"product_id":80385,"attachment_id":82349,"filename":"product-image-80385-6996d7fa9b71e.jpg"}
[2026-02-19 09:29:31] [INFO] Downloaded product image | Context: {"product_id":80385,"attachment_id":82350,"filename":"product-image-80385-6996d7fb28e91.jpg"}
[2026-02-19 09:29:31] [INFO] Updated product | Context: {"external_id":1283444,"product_id":80385}
[2026-02-19 09:29:31] [INFO] Downloaded product image | Context: {"product_id":80385,"attachment_id":82351,"filename":"product-image-80385-6996d7fb2929f.jpg"}
[2026-02-19 09:29:31] [INFO] Updated product | Context: {"external_id":1283444,"product_id":80385}
[2026-02-19 09:29:31] [INFO] Updated product | Context: {"external_id":1263785,"product_id":80096}
[2026-02-19 09:29:31] [INFO] Updated product | Context: {"external_id":1263785,"product_id":80096}
[2026-02-19 09:29:32] [INFO] Downloaded product image | Context: {"product_id":82353,"attachment_id":82354,"filename":"product-image-82353-6996d7fbecefd.jpg"}
[2026-02-19 09:29:32] [INFO] Downloaded product image | Context: {"product_id":82352,"attachment_id":82355,"filename":"product-image-82352-6996d7fbecd91.jpg"}
[2026-02-19 09:29:32] [INFO] Downloaded product image | Context: {"product_id":82353,"attachment_id":82357,"filename":"product-image-82353-6996d7fc71ebe.jpg"}
[2026-02-19 09:29:32] [INFO] Downloaded product image | Context: {"product_id":82352,"attachment_id":82356,"filename":"product-image-82352-6996d7fc71e10.jpg"}
[2026-02-19 09:29:33] [INFO] Downloaded product image | Context: {"product_id":82352,"attachment_id":82358,"filename":"product-image-82352-6996d7fcd6d34.jpg"}
[2026-02-19 09:29:33] [INFO] Downloaded product image | Context: {"product_id":82353,"attachment_id":82359,"filename":"product-image-82353-6996d7fcd6caa.jpg"}
[2026-02-19 09:29:33] [INFO] Downloaded product image | Context: {"product_id":82353,"attachment_id":82360,"filename":"product-image-82353-6996d7fd5997f.jpg"}
[2026-02-19 09:29:33] [INFO] Downloaded product image | Context: {"product_id":82352,"attachment_id":82361,"filename":"product-image-82352-6996d7fd59a47.jpg"}
[2026-02-19 09:29:34] [INFO] Downloaded product image | Context: {"product_id":82352,"attachment_id":82362,"filename":"product-image-82352-6996d7fde0d46.jpg"}
[2026-02-19 09:29:34] [INFO] Created product | Context: {"external_id":1501047,"product_id":82352}
[2026-02-19 09:29:34] [INFO] Downloaded product image | Context: {"product_id":82353,"attachment_id":82363,"filename":"product-image-82353-6996d7fde0c43.jpg"}
[2026-02-19 09:29:34] [INFO] Created product | Context: {"external_id":1501047,"product_id":82353}
[2026-02-19 09:29:34] [INFO] Created product | Context: {"external_id":1501046,"product_id":82364}
[2026-02-19 09:29:34] [INFO] Created product | Context: {"external_id":1501046,"product_id":82365}
[2026-02-19 09:29:34] [INFO] Created product | Context: {"external_id":1501045,"product_id":82366}
[2026-02-19 09:29:34] [INFO] Created product | Context: {"external_id":1501045,"product_id":82367}
[2026-02-19 09:29:34] [INFO] Created product | Context: {"external_id":1501044,"product_id":82369}
[2026-02-19 09:29:34] [INFO] Created product | Context: {"external_id":1501044,"product_id":82368}
[2026-02-19 09:29:35] [INFO] Downloaded product image | Context: {"product_id":82371,"attachment_id":82372,"filename":"product-image-82371-6996d7ff81121.jpg"}
[2026-02-19 09:29:35] [INFO] Downloaded product image | Context: {"product_id":82370,"attachment_id":82373,"filename":"product-image-82370-6996d7ff80fc0.jpg"}
[2026-02-19 09:29:36] [INFO] Downloaded product image | Context: {"product_id":82370,"attachment_id":82374,"filename":"product-image-82370-6996d7ffe8c81.jpg"}
[2026-02-19 09:29:36] [INFO] Downloaded product image | Context: {"product_id":82371,"attachment_id":82375,"filename":"product-image-82371-6996d7ffe8d0f.jpg"}
[2026-02-19 09:29:36] [INFO] Downloaded product image | Context: {"product_id":82371,"attachment_id":82376,"filename":"product-image-82371-6996d8005ba7a.jpg"}
[2026-02-19 09:29:36] [INFO] Downloaded product image | Context: {"product_id":82370,"attachment_id":82377,"filename":"product-image-82370-6996d8005bae5.jpg"}
[2026-02-19 09:29:37] [INFO] Downloaded product image | Context: {"product_id":82371,"attachment_id":82378,"filename":"product-image-82371-6996d800d2a8a.jpg"}
[2026-02-19 09:29:37] [INFO] Created product | Context: {"external_id":1487517,"product_id":82371}
[2026-02-19 09:29:37] [INFO] Downloaded product image | Context: {"product_id":82370,"attachment_id":82379,"filename":"product-image-82370-6996d800d2845.jpg"}
[2026-02-19 09:29:37] [INFO] Created product | Context: {"external_id":1487517,"product_id":82370}
[2026-02-19 09:29:37] [INFO] Downloaded product image | Context: {"product_id":82380,"attachment_id":82383,"filename":"product-image-82380-6996d801942dd.jpg"}
[2026-02-19 09:29:37] [INFO] Downloaded product image | Context: {"product_id":82381,"attachment_id":82382,"filename":"product-image-82381-6996d80194141.jpg"}
[2026-02-19 09:29:38] [INFO] Downloaded product image | Context: {"product_id":82380,"attachment_id":82384,"filename":"product-image-82380-6996d8021d583.jpg"}
[2026-02-19 09:29:38] [INFO] Downloaded product image | Context: {"product_id":82381,"attachment_id":82385,"filename":"product-image-82381-6996d8021d795.jpg"}
[2026-02-19 09:29:38] [INFO] Downloaded product image | Context: {"product_id":82381,"attachment_id":82387,"filename":"product-image-82381-6996d8029a598.jpg"}
[2026-02-19 09:29:38] [INFO] Downloaded product image | Context: {"product_id":82380,"attachment_id":82386,"filename":"product-image-82380-6996d8029a2ae.jpg"}
[2026-02-19 09:29:39] [INFO] Downloaded product image | Context: {"product_id":82380,"attachment_id":82389,"filename":"product-image-82380-6996d803212a8.jpg"}
[2026-02-19 09:29:39] [INFO] Downloaded product image | Context: {"product_id":82381,"attachment_id":82388,"filename":"product-image-82381-6996d80320e32.jpg"}
[2026-02-19 09:29:39] [INFO] Downloaded product image | Context: {"product_id":82380,"attachment_id":82391,"filename":"product-image-82380-6996d80378c43.jpg"}
[2026-02-19 09:29:39] [INFO] Created product | Context: {"external_id":1487516,"product_id":82380}
[2026-02-19 09:29:39] [INFO] Downloaded product image | Context: {"product_id":82381,"attachment_id":82390,"filename":"product-image-82381-6996d803786af.jpg"}
[2026-02-19 09:29:39] [INFO] Created product | Context: {"external_id":1487516,"product_id":82381}
[2026-02-19 09:29:39] [INFO] Created product | Context: {"external_id":1487515,"product_id":82392}
[2026-02-19 09:29:39] [INFO] Batch processed | Context: {"offset":3100,"total":3431}
[2026-02-19 09:29:39] [INFO] Created product | Context: {"external_id":1487515,"product_id":82393}
[2026-02-19 09:29:39] [INFO] Batch processed | Context: {"offset":3100,"total":3431}
[2026-02-19 09:29:41] [INFO] Created product | Context: {"external_id":1487514,"product_id":82394}
[2026-02-19 09:29:41] [INFO] Created product | Context: {"external_id":1487514,"product_id":82395}
[2026-02-19 09:29:41] [INFO] Created product | Context: {"external_id":1487503,"product_id":82396}
[2026-02-19 09:29:41] [INFO] Created product | Context: {"external_id":1487503,"product_id":82397}
[2026-02-19 09:29:41] [ERROR] Error mapping product | Context: {"external_id":1487457,"error":"Invalid or duplicated SKU."}
[2026-02-19 09:29:41] [ERROR] Failed to create product | Context: {"external_id":1487457,"error":"Invalid or duplicated SKU."}
[2026-02-19 09:29:41] [INFO] Created product | Context: {"external_id":1487456,"product_id":82399}
[2026-02-19 09:29:41] [INFO] Updated product | Context: {"external_id":1487421,"product_id":80176}
[2026-02-19 09:29:41] [INFO] Updated product | Context: {"external_id":1487420,"product_id":80177}
[2026-02-19 09:29:41] [INFO] Updated product | Context: {"external_id":1487419,"product_id":80178}
[2026-02-19 09:29:41] [INFO] Updated product | Context: {"external_id":1487418,"product_id":80179}
[2026-02-19 09:29:41] [INFO] Updated product | Context: {"external_id":1487417,"product_id":80180}
[2026-02-19 09:29:41] [INFO] Downloaded product image | Context: {"product_id":82398,"attachment_id":82400,"filename":"product-image-82398-6996d805bae26.jpg"}
[2026-02-19 09:29:41] [INFO] Updated product | Context: {"external_id":1487405,"product_id":80185}
[2026-02-19 09:29:42] [INFO] Created product | Context: {"external_id":1487404,"product_id":82401}
[2026-02-19 09:29:42] [INFO] Updated product | Context: {"external_id":1487313,"product_id":80186}
[2026-02-19 09:29:42] [INFO] Updated product | Context: {"external_id":1487312,"product_id":80187}
[2026-02-19 09:29:42] [INFO] Downloaded product image | Context: {"product_id":82398,"attachment_id":82402,"filename":"product-image-82398-6996d8062cad1.jpg"}
[2026-02-19 09:29:42] [INFO] Downloaded product image | Context: {"product_id":80188,"attachment_id":82403,"filename":"product-image-80188-6996d8068fc3d.jpg"}
[2026-02-19 09:29:42] [INFO] Downloaded product image | Context: {"product_id":82398,"attachment_id":82404,"filename":"product-image-82398-6996d806a3e76.jpg"}
[2026-02-19 09:29:43] [INFO] Downloaded product image | Context: {"product_id":80188,"attachment_id":82405,"filename":"product-image-80188-6996d80717659.jpg"}
[2026-02-19 09:29:43] [INFO] Downloaded product image | Context: {"product_id":82398,"attachment_id":82406,"filename":"product-image-82398-6996d8071acef.jpg"}
[2026-02-19 09:29:43] [INFO] Downloaded product image | Context: {"product_id":80188,"attachment_id":82407,"filename":"product-image-80188-6996d8077ee93.jpg"}
[2026-02-19 09:29:43] [INFO] Downloaded product image | Context: {"product_id":82398,"attachment_id":82408,"filename":"product-image-82398-6996d807a038c.jpg"}
[2026-02-19 09:29:43] [INFO] Created product | Context: {"external_id":1487457,"product_id":82398}
[2026-02-19 09:29:43] [ERROR] Error mapping product | Context: {"external_id":1487456,"error":"Invalid or duplicated SKU."}
[2026-02-19 09:29:43] [ERROR] Failed to create product | Context: {"external_id":1487456,"error":"Invalid or duplicated SKU."}
[2026-02-19 09:29:43] [ERROR] Error mapping product | Context: {"external_id":1487404,"error":"Invalid or duplicated SKU."}
[2026-02-19 09:29:43] [ERROR] Failed to create product | Context: {"external_id":1487404,"error":"Invalid or duplicated SKU."}
[2026-02-19 09:29:43] [INFO] Updated product | Context: {"external_id":1483536,"product_id":80191}
[2026-02-19 09:29:43] [INFO] Updated product | Context: {"external_id":1483535,"product_id":80192}
[2026-02-19 09:29:43] [INFO] Updated product | Context: {"external_id":1483534,"product_id":80193}
[2026-02-19 09:29:44] [INFO] Updated product | Context: {"external_id":1483533,"product_id":80194}
[2026-02-19 09:29:44] [INFO] Updated product | Context: {"external_id":1483531,"product_id":80195}
[2026-02-19 09:29:44] [INFO] Downloaded product image | Context: {"product_id":80188,"attachment_id":82409,"filename":"product-image-80188-6996d807e7620.jpg"}
[2026-02-19 09:29:44] [INFO] Updated product | Context: {"external_id":1486887,"product_id":80188}
[2026-02-19 09:29:44] [INFO] Created product | Context: {"external_id":1481067,"product_id":82410}
[2026-02-19 09:29:44] [INFO] Created product | Context: {"external_id":1481067,"product_id":82411}
[2026-02-19 09:29:44] [INFO] Created product | Context: {"external_id":1481056,"product_id":82412}
[2026-02-19 09:29:44] [INFO] Created product | Context: {"external_id":1481056,"product_id":82413}
[2026-02-19 09:29:44] [INFO] Created product | Context: {"external_id":1481023,"product_id":82414}
[2026-02-19 09:29:44] [INFO] Created product | Context: {"external_id":1481023,"product_id":82415}
[2026-02-19 09:29:45] [INFO] Created product | Context: {"external_id":1481001,"product_id":82416}
[2026-02-19 09:29:45] [INFO] Created product | Context: {"external_id":1481001,"product_id":82417}
[2026-02-19 09:29:45] [INFO] Created product | Context: {"external_id":1480999,"product_id":82418}
[2026-02-19 09:29:45] [INFO] Created product | Context: {"external_id":1480999,"product_id":82419}
[2026-02-19 09:29:46] [INFO] Downloaded product image | Context: {"product_id":82421,"attachment_id":82422,"filename":"product-image-82421-6996d809d33f2.jpg"}
[2026-02-19 09:29:46] [INFO] Downloaded product image | Context: {"product_id":82420,"attachment_id":82423,"filename":"product-image-82420-6996d809d35d3.jpg"}
[2026-02-19 09:29:46] [INFO] Downloaded product image | Context: {"product_id":82421,"attachment_id":82425,"filename":"product-image-82421-6996d80a40888.jpg"}
[2026-02-19 09:29:46] [INFO] Downloaded product image | Context: {"product_id":82420,"attachment_id":82424,"filename":"product-image-82420-6996d80a405a5.jpg"}
[2026-02-19 09:29:46] [INFO] Downloaded product image | Context: {"product_id":82421,"attachment_id":82426,"filename":"product-image-82421-6996d80ab0566.jpg"}
[2026-02-19 09:29:46] [INFO] Downloaded product image | Context: {"product_id":82420,"attachment_id":82427,"filename":"product-image-82420-6996d80ab0754.jpg"}
[2026-02-19 09:29:47] [INFO] Downloaded product image | Context: {"product_id":82420,"attachment_id":82429,"filename":"product-image-82420-6996d80b2cf31.jpg"}
[2026-02-19 09:29:47] [INFO] Downloaded product image | Context: {"product_id":82421,"attachment_id":82428,"filename":"product-image-82421-6996d80b2cf27.jpg"}
[2026-02-19 09:29:47] [INFO] Downloaded product image | Context: {"product_id":82421,"attachment_id":82430,"filename":"product-image-82421-6996d80b88181.jpg"}
[2026-02-19 09:29:47] [INFO] Created product | Context: {"external_id":1480932,"product_id":82421}
[2026-02-19 09:29:47] [INFO] Downloaded product image | Context: {"product_id":82420,"attachment_id":82431,"filename":"product-image-82420-6996d80b88342.jpg"}
[2026-02-19 09:29:47] [INFO] Created product | Context: {"external_id":1480932,"product_id":82420}
[2026-02-19 09:29:48] [INFO] Downloaded product image | Context: {"product_id":82432,"attachment_id":82435,"filename":"product-image-82432-6996d80c3b9b8.jpg"}
[2026-02-19 09:29:48] [INFO] Downloaded product image | Context: {"product_id":82433,"attachment_id":82434,"filename":"product-image-82433-6996d80c3ba63.jpg"}
[2026-02-19 09:29:48] [INFO] Downloaded product image | Context: {"product_id":82433,"attachment_id":82436,"filename":"product-image-82433-6996d80c9bd6a.jpg"}
[2026-02-19 09:29:48] [INFO] Downloaded product image | Context: {"product_id":82432,"attachment_id":82437,"filename":"product-image-82432-6996d80c9c1c6.jpg"}
[2026-02-19 09:29:49] [INFO] Downloaded product image | Context: {"product_id":82433,"attachment_id":82438,"filename":"product-image-82433-6996d80d1d025.jpg"}
[2026-02-19 09:29:49] [INFO] Downloaded product image | Context: {"product_id":82432,"attachment_id":82439,"filename":"product-image-82432-6996d80d1d1d4.jpg"}
[2026-02-19 09:29:49] [INFO] Downloaded product image | Context: {"product_id":82433,"attachment_id":82440,"filename":"product-image-82433-6996d80d9c860.jpg"}
[2026-02-19 09:29:49] [INFO] Downloaded product image | Context: {"product_id":82432,"attachment_id":82441,"filename":"product-image-82432-6996d80d9c8b2.jpg"}
[2026-02-19 09:29:50] [INFO] Downloaded product image | Context: {"product_id":82432,"attachment_id":82442,"filename":"product-image-82432-6996d80e12e96.jpg"}
[2026-02-19 09:29:50] [INFO] Created product | Context: {"external_id":1480931,"product_id":82432}
[2026-02-19 09:29:50] [INFO] Downloaded product image | Context: {"product_id":82433,"attachment_id":82443,"filename":"product-image-82433-6996d80e13093.jpg"}
[2026-02-19 09:29:50] [INFO] Created product | Context: {"external_id":1480931,"product_id":82433}
[2026-02-19 09:29:50] [INFO] Downloaded product image | Context: {"product_id":82444,"attachment_id":82446,"filename":"product-image-82444-6996d80eaf6ce.jpg"}
[2026-02-19 09:29:50] [INFO] Downloaded product image | Context: {"product_id":82445,"attachment_id":82447,"filename":"product-image-82445-6996d80eaf769.jpg"}
[2026-02-19 09:29:51] [INFO] Downloaded product image | Context: {"product_id":82445,"attachment_id":82449,"filename":"product-image-82445-6996d80f36a55.jpg"}
[2026-02-19 09:29:51] [INFO] Downloaded product image | Context: {"product_id":82444,"attachment_id":82448,"filename":"product-image-82444-6996d80f36950.jpg"}
[2026-02-19 09:29:51] [INFO] Downloaded product image | Context: {"product_id":82445,"attachment_id":82451,"filename":"product-image-82445-6996d80fb0435.jpg"}
[2026-02-19 09:29:51] [INFO] Downloaded product image | Context: {"product_id":82444,"attachment_id":82450,"filename":"product-image-82444-6996d80fb0482.jpg"}
[2026-02-19 09:29:52] [INFO] Downloaded product image | Context: {"product_id":82445,"attachment_id":82452,"filename":"product-image-82445-6996d81031974.jpg"}
[2026-02-19 09:29:52] [INFO] Downloaded product image | Context: {"product_id":82444,"attachment_id":82453,"filename":"product-image-82444-6996d81031a4f.jpg"}
[2026-02-19 09:29:52] [INFO] Downloaded product image | Context: {"product_id":82445,"attachment_id":82454,"filename":"product-image-82445-6996d8109bfd4.jpg"}
[2026-02-19 09:29:52] [INFO] Downloaded product image | Context: {"product_id":82444,"attachment_id":82455,"filename":"product-image-82444-6996d8109c2a4.jpg"}
[2026-02-19 09:29:52] [INFO] Created product | Context: {"external_id":1480925,"product_id":82445}
[2026-02-19 09:29:52] [INFO] Created product | Context: {"external_id":1480925,"product_id":82444}
[2026-02-19 09:29:53] [INFO] Downloaded product image | Context: {"product_id":82457,"attachment_id":82459,"filename":"product-image-82457-6996d81150560.jpg"}
[2026-02-19 09:29:53] [INFO] Downloaded product image | Context: {"product_id":82456,"attachment_id":82458,"filename":"product-image-82456-6996d811503ab.jpg"}
[2026-02-19 09:29:53] [INFO] Downloaded product image | Context: {"product_id":82457,"attachment_id":82460,"filename":"product-image-82457-6996d811bf0da.jpg"}
[2026-02-19 09:29:53] [INFO] Downloaded product image | Context: {"product_id":82456,"attachment_id":82461,"filename":"product-image-82456-6996d811bfab8.jpg"}
[2026-02-19 09:29:54] [INFO] Downloaded product image | Context: {"product_id":82456,"attachment_id":82462,"filename":"product-image-82456-6996d81240508.jpg"}
[2026-02-19 09:29:54] [INFO] Downloaded product image | Context: {"product_id":82457,"attachment_id":82463,"filename":"product-image-82457-6996d812406bc.jpg"}
[2026-02-19 09:29:54] [INFO] Downloaded product image | Context: {"product_id":82457,"attachment_id":82465,"filename":"product-image-82457-6996d8129c212.jpg"}
[2026-02-19 09:29:54] [INFO] Downloaded product image | Context: {"product_id":82456,"attachment_id":82464,"filename":"product-image-82456-6996d8129be16.jpg"}
[2026-02-19 09:29:55] [INFO] Downloaded product image | Context: {"product_id":82457,"attachment_id":82467,"filename":"product-image-82457-6996d8131e036.jpg"}
[2026-02-19 09:29:55] [INFO] Created product | Context: {"external_id":1480769,"product_id":82457}
[2026-02-19 09:29:55] [INFO] Downloaded product image | Context: {"product_id":82456,"attachment_id":82466,"filename":"product-image-82456-6996d8131de7e.jpg"}
[2026-02-19 09:29:55] [INFO] Created product | Context: {"external_id":1480769,"product_id":82456}
[2026-02-19 09:29:55] [INFO] Created product | Context: {"external_id":1480736,"product_id":82468}
[2026-02-19 09:29:55] [INFO] Created product | Context: {"external_id":1480736,"product_id":82469}
[2026-02-19 09:29:55] [INFO] Updated product | Context: {"external_id":1479816,"product_id":80204}
[2026-02-19 09:29:55] [INFO] Updated product | Context: {"external_id":1479816,"product_id":80204}
[2026-02-19 09:29:55] [INFO] Updated product | Context: {"external_id":1479814,"product_id":80205}
[2026-02-19 09:29:55] [INFO] Updated product | Context: {"external_id":1479814,"product_id":80205}
[2026-02-19 09:29:55] [INFO] Updated product | Context: {"external_id":1476556,"product_id":80207}
[2026-02-19 09:29:55] [INFO] Updated product | Context: {"external_id":1476556,"product_id":80207}
[2026-02-19 09:29:55] [INFO] Updated product | Context: {"external_id":1476554,"product_id":80103}
[2026-02-19 09:29:55] [INFO] Updated product | Context: {"external_id":1476554,"product_id":80103}
[2026-02-19 09:29:55] [INFO] Updated product | Context: {"external_id":1476553,"product_id":80209}
[2026-02-19 09:29:55] [INFO] Updated product | Context: {"external_id":1476553,"product_id":80209}
[2026-02-19 09:29:55] [INFO] Updated product | Context: {"external_id":1476552,"product_id":80210}
[2026-02-19 09:29:55] [INFO] Updated product | Context: {"external_id":1476552,"product_id":80210}
[2026-02-19 09:29:55] [INFO] Updated product | Context: {"external_id":1476551,"product_id":80211}
[2026-02-19 09:29:55] [INFO] Updated product | Context: {"external_id":1476551,"product_id":80211}
[2026-02-19 09:29:55] [INFO] Updated product | Context: {"external_id":1476549,"product_id":80104}
[2026-02-19 09:29:55] [INFO] Updated product | Context: {"external_id":1476549,"product_id":80104}
[2026-02-19 09:29:55] [INFO] Updated product | Context: {"external_id":1476548,"product_id":80213}
[2026-02-19 09:29:56] [INFO] Updated product | Context: {"external_id":1476548,"product_id":80213}
[2026-02-19 09:29:56] [INFO] Updated product | Context: {"external_id":1476546,"product_id":80215}
[2026-02-19 09:29:56] [INFO] Updated product | Context: {"external_id":1476546,"product_id":80215}
[2026-02-19 09:29:56] [INFO] Updated product | Context: {"external_id":1476545,"product_id":80216}
[2026-02-19 09:29:56] [INFO] Updated product | Context: {"external_id":1476545,"product_id":80216}
[2026-02-19 09:29:56] [INFO] Updated product | Context: {"external_id":1476544,"product_id":80217}
[2026-02-19 09:29:56] [INFO] Updated product | Context: {"external_id":1476544,"product_id":80217}
[2026-02-19 09:29:56] [INFO] Updated product | Context: {"external_id":1476543,"product_id":80105}
[2026-02-19 09:29:56] [INFO] Updated product | Context: {"external_id":1476543,"product_id":80105}
[2026-02-19 09:29:56] [INFO] Updated product | Context: {"external_id":1476542,"product_id":80218}
[2026-02-19 09:29:56] [INFO] Updated product | Context: {"external_id":1476542,"product_id":80218}
[2026-02-19 09:29:56] [INFO] Updated product | Context: {"external_id":1476541,"product_id":80219}
[2026-02-19 09:29:56] [INFO] Updated product | Context: {"external_id":1476541,"product_id":80219}
[2026-02-19 09:29:56] [INFO] Updated product | Context: {"external_id":1476538,"product_id":80220}
[2026-02-19 09:29:56] [INFO] Updated product | Context: {"external_id":1476538,"product_id":80220}
[2026-02-19 09:29:56] [INFO] Updated product | Context: {"external_id":1476537,"product_id":80221}
[2026-02-19 09:29:56] [INFO] Updated product | Context: {"external_id":1476537,"product_id":80221}
[2026-02-19 09:29:56] [INFO] Updated product | Context: {"external_id":1476535,"product_id":80222}
[2026-02-19 09:29:56] [INFO] Updated product | Context: {"external_id":1476535,"product_id":80222}
[2026-02-19 09:29:56] [INFO] Updated product | Context: {"external_id":1476054,"product_id":80224}
[2026-02-19 09:29:56] [INFO] Updated product | Context: {"external_id":1476054,"product_id":80224}
[2026-02-19 09:29:56] [INFO] Updated product | Context: {"external_id":1476053,"product_id":80225}
[2026-02-19 09:29:56] [INFO] Updated product | Context: {"external_id":1476053,"product_id":80225}
[2026-02-19 09:29:57] [INFO] Downloaded product image | Context: {"product_id":82470,"attachment_id":82473,"filename":"product-image-82470-6996d815107c1.jpg"}
[2026-02-19 09:29:57] [INFO] Downloaded product image | Context: {"product_id":82471,"attachment_id":82472,"filename":"product-image-82471-6996d815107e7.jpg"}
[2026-02-19 09:29:57] [INFO] Downloaded product image | Context: {"product_id":82471,"attachment_id":82475,"filename":"product-image-82471-6996d81589712.jpg"}
[2026-02-19 09:29:57] [INFO] Downloaded product image | Context: {"product_id":82470,"attachment_id":82474,"filename":"product-image-82470-6996d81589835.jpg"}
[2026-02-19 09:29:58] [INFO] Downloaded product image | Context: {"product_id":82470,"attachment_id":82476,"filename":"product-image-82470-6996d8160fda1.jpg"}
[2026-02-19 09:29:58] [INFO] Downloaded product image | Context: {"product_id":82471,"attachment_id":82477,"filename":"product-image-82471-6996d8160ff0f.jpg"}
[2026-02-19 09:29:58] [INFO] Downloaded product image | Context: {"product_id":82471,"attachment_id":82478,"filename":"product-image-82471-6996d8167f3e5.jpg"}
[2026-02-19 09:29:58] [INFO] Downloaded product image | Context: {"product_id":82470,"attachment_id":82479,"filename":"product-image-82470-6996d8167f43e.jpg"}
[2026-02-19 09:29:59] [INFO] Downloaded product image | Context: {"product_id":82471,"attachment_id":82480,"filename":"product-image-82471-6996d816e4b37.jpg"}
[2026-02-19 09:29:59] [INFO] Created product | Context: {"external_id":1470657,"product_id":82471}
[2026-02-19 09:29:59] [INFO] Batch processed | Context: {"offset":3150,"total":3431}
[2026-02-19 09:29:59] [INFO] Downloaded product image | Context: {"product_id":82470,"attachment_id":82481,"filename":"product-image-82470-6996d816e4ae3.jpg"}
[2026-02-19 09:29:59] [INFO] Created product | Context: {"external_id":1470657,"product_id":82470}
[2026-02-19 09:29:59] [INFO] Batch processed | Context: {"offset":3150,"total":3431}
[2026-02-19 09:30:00] [ERROR] Error mapping product | Context: {"external_id":1470656,"error":"Invalid or duplicated SKU."}
[2026-02-19 09:30:00] [ERROR] Failed to create product | Context: {"external_id":1470656,"error":"Invalid or duplicated SKU."}
[2026-02-19 09:30:00] [INFO] Updated product | Context: {"external_id":1456529,"product_id":80110}
[2026-02-19 09:30:00] [INFO] Updated product | Context: {"external_id":1456526,"product_id":80227}
[2026-02-19 09:30:00] [INFO] Updated product | Context: {"external_id":1456524,"product_id":80229}
[2026-02-19 09:30:00] [INFO] Updated product | Context: {"external_id":1456523,"product_id":80230}
[2026-02-19 09:30:00] [INFO] Updated product | Context: {"external_id":1456522,"product_id":80231}
[2026-02-19 09:30:00] [INFO] Downloaded product image | Context: {"product_id":82482,"attachment_id":82483,"filename":"product-image-82482-6996d8186206f.jpg"}
[2026-02-19 09:30:01] [INFO] Downloaded product image | Context: {"product_id":82482,"attachment_id":82485,"filename":"product-image-82482-6996d818dc714.jpg"}
[2026-02-19 09:30:01] [INFO] Downloaded product image | Context: {"product_id":82484,"attachment_id":82486,"filename":"product-image-82484-6996d81901901.jpg"}
[2026-02-19 09:30:01] [INFO] Downloaded product image | Context: {"product_id":82482,"attachment_id":82487,"filename":"product-image-82482-6996d81969872.jpg"}
[2026-02-19 09:30:01] [INFO] Downloaded product image | Context: {"product_id":82484,"attachment_id":82488,"filename":"product-image-82484-6996d8197d07d.jpg"}
[2026-02-19 09:30:02] [INFO] Downloaded product image | Context: {"product_id":82484,"attachment_id":82489,"filename":"product-image-82484-6996d81a05651.jpg"}
[2026-02-19 09:30:02] [INFO] Downloaded product image | Context: {"product_id":82482,"attachment_id":82490,"filename":"product-image-82482-6996d81a0a5a3.jpg"}
[2026-02-19 09:30:02] [INFO] Downloaded product image | Context: {"product_id":82482,"attachment_id":82491,"filename":"product-image-82482-6996d81a7448a.jpg"}
[2026-02-19 09:30:02] [INFO] Created product | Context: {"external_id":1470656,"product_id":82482}
[2026-02-19 09:30:02] [ERROR] Error mapping product | Context: {"external_id":1455518,"error":"Invalid or duplicated SKU."}
[2026-02-19 09:30:02] [ERROR] Failed to create product | Context: {"external_id":1455518,"error":"Invalid or duplicated SKU."}
[2026-02-19 09:30:02] [INFO] Downloaded product image | Context: {"product_id":82484,"attachment_id":82492,"filename":"product-image-82484-6996d81a7a2d5.jpg"}
[2026-02-19 09:30:03] [INFO] Downloaded product image | Context: {"product_id":82484,"attachment_id":82494,"filename":"product-image-82484-6996d81ae59ca.jpg"}
[2026-02-19 09:30:03] [INFO] Created product | Context: {"external_id":1455518,"product_id":82484}
[2026-02-19 09:30:03] [ERROR] Error mapping product | Context: {"external_id":1455517,"error":"Invalid or duplicated SKU."}
[2026-02-19 09:30:03] [ERROR] Failed to create product | Context: {"external_id":1455517,"error":"Invalid or duplicated SKU."}
[2026-02-19 09:30:03] [INFO] Downloaded product image | Context: {"product_id":82493,"attachment_id":82495,"filename":"product-image-82493-6996d81af16a9.jpg"}
[2026-02-19 09:30:03] [INFO] Created product | Context: {"external_id":1455517,"product_id":82493}
[2026-02-19 09:30:03] [INFO] Created product | Context: {"external_id":1455516,"product_id":82496}
[2026-02-19 09:30:03] [INFO] Created product | Context: {"external_id":1455516,"product_id":82497}
[2026-02-19 09:30:03] [INFO] Updated product | Context: {"external_id":1454732,"product_id":80233}
[2026-02-19 09:30:03] [INFO] Updated product | Context: {"external_id":1454732,"product_id":80233}
[2026-02-19 09:30:03] [INFO] Updated product | Context: {"external_id":1454731,"product_id":80112}
[2026-02-19 09:30:03] [INFO] Updated product | Context: {"external_id":1454731,"product_id":80112}
[2026-02-19 09:30:04] [INFO] Downloaded product image | Context: {"product_id":82498,"attachment_id":82500,"filename":"product-image-82498-6996d81c22cb2.jpg"}
[2026-02-19 09:30:04] [INFO] Downloaded product image | Context: {"product_id":82499,"attachment_id":82501,"filename":"product-image-82499-6996d81c22d0e.jpg"}
[2026-02-19 09:30:04] [INFO] Downloaded product image | Context: {"product_id":82499,"attachment_id":82503,"filename":"product-image-82499-6996d81c98755.jpg"}
[2026-02-19 09:30:04] [INFO] Downloaded product image | Context: {"product_id":82498,"attachment_id":82502,"filename":"product-image-82498-6996d81c98374.jpg"}
[2026-02-19 09:30:05] [INFO] Downloaded product image | Context: {"product_id":82499,"attachment_id":82504,"filename":"product-image-82499-6996d81d19b68.jpg"}
[2026-02-19 09:30:05] [INFO] Downloaded product image | Context: {"product_id":82498,"attachment_id":82505,"filename":"product-image-82498-6996d81d19fe4.jpg"}
[2026-02-19 09:30:05] [INFO] Downloaded product image | Context: {"product_id":82499,"attachment_id":82506,"filename":"product-image-82499-6996d81d8a2b8.jpg"}
[2026-02-19 09:30:05] [INFO] Created product | Context: {"external_id":1371911,"product_id":82499}
[2026-02-19 09:30:05] [INFO] Downloaded product image | Context: {"product_id":82498,"attachment_id":82507,"filename":"product-image-82498-6996d81d8a0f3.jpg"}
[2026-02-19 09:30:05] [INFO] Created product | Context: {"external_id":1371911,"product_id":82498}
[2026-02-19 09:30:05] [INFO] Updated product | Context: {"external_id":1370786,"product_id":80235}
[2026-02-19 09:30:05] [INFO] Updated product | Context: {"external_id":1370786,"product_id":80235}
[2026-02-19 09:30:05] [INFO] Updated product | Context: {"external_id":1370577,"product_id":80236}
[2026-02-19 09:30:05] [INFO] Updated product | Context: {"external_id":1370577,"product_id":80236}
[2026-02-19 09:30:05] [INFO] Updated product | Context: {"external_id":1370572,"product_id":80237}
[2026-02-19 09:30:05] [INFO] Updated product | Context: {"external_id":1370572,"product_id":80237}
[2026-02-19 09:30:06] [INFO] Updated product | Context: {"external_id":1370463,"product_id":80238}
[2026-02-19 09:30:06] [INFO] Updated product | Context: {"external_id":1370463,"product_id":80238}
[2026-02-19 09:30:06] [INFO] Updated product | Context: {"external_id":1370462,"product_id":80239}
[2026-02-19 09:30:06] [INFO] Updated product | Context: {"external_id":1370462,"product_id":80239}
[2026-02-19 09:30:06] [INFO] Updated product | Context: {"external_id":1370460,"product_id":80240}
[2026-02-19 09:30:06] [INFO] Updated product | Context: {"external_id":1370460,"product_id":80240}
[2026-02-19 09:30:06] [INFO] Updated product | Context: {"external_id":1370459,"product_id":80114}
[2026-02-19 09:30:06] [INFO] Updated product | Context: {"external_id":1370459,"product_id":80114}
[2026-02-19 09:30:06] [INFO] Updated product | Context: {"external_id":1370457,"product_id":80241}
[2026-02-19 09:30:06] [INFO] Updated product | Context: {"external_id":1370457,"product_id":80241}
[2026-02-19 09:30:06] [INFO] Updated product | Context: {"external_id":1370456,"product_id":80242}
[2026-02-19 09:30:06] [INFO] Updated product | Context: {"external_id":1370456,"product_id":80242}
[2026-02-19 09:30:06] [INFO] Updated product | Context: {"external_id":1370454,"product_id":80243}
[2026-02-19 09:30:06] [INFO] Updated product | Context: {"external_id":1370454,"product_id":80243}
[2026-02-19 09:30:06] [INFO] Updated product | Context: {"external_id":1370451,"product_id":80115}
[2026-02-19 09:30:06] [INFO] Updated product | Context: {"external_id":1370451,"product_id":80115}
[2026-02-19 09:30:06] [INFO] Updated product | Context: {"external_id":1370450,"product_id":80116}
[2026-02-19 09:30:06] [INFO] Updated product | Context: {"external_id":1370450,"product_id":80116}
[2026-02-19 09:30:06] [INFO] Updated product | Context: {"external_id":1370448,"product_id":80245}
[2026-02-19 09:30:06] [INFO] Updated product | Context: {"external_id":1370448,"product_id":80245}
[2026-02-19 09:30:06] [INFO] Updated product | Context: {"external_id":1370447,"product_id":80246}
[2026-02-19 09:30:06] [INFO] Updated product | Context: {"external_id":1370447,"product_id":80246}
[2026-02-19 09:30:06] [INFO] Updated product | Context: {"external_id":1370445,"product_id":80247}
[2026-02-19 09:30:06] [INFO] Updated product | Context: {"external_id":1370445,"product_id":80247}
[2026-02-19 09:30:06] [INFO] Updated product | Context: {"external_id":1370442,"product_id":80248}
[2026-02-19 09:30:06] [INFO] Updated product | Context: {"external_id":1370442,"product_id":80248}
[2026-02-19 09:30:06] [INFO] Updated product | Context: {"external_id":1370439,"product_id":80249}
[2026-02-19 09:30:06] [INFO] Updated product | Context: {"external_id":1370439,"product_id":80249}
[2026-02-19 09:30:06] [INFO] Updated product | Context: {"external_id":1370437,"product_id":80250}
[2026-02-19 09:30:06] [INFO] Updated product | Context: {"external_id":1370437,"product_id":80250}
[2026-02-19 09:30:06] [INFO] Updated product | Context: {"external_id":1370436,"product_id":80251}
[2026-02-19 09:30:06] [INFO] Updated product | Context: {"external_id":1370436,"product_id":80251}
[2026-02-19 09:30:07] [INFO] Updated product | Context: {"external_id":1370435,"product_id":80252}
[2026-02-19 09:30:07] [INFO] Updated product | Context: {"external_id":1370435,"product_id":80252}
[2026-02-19 09:30:07] [INFO] Updated product | Context: {"external_id":1370434,"product_id":80118}
[2026-02-19 09:30:07] [INFO] Updated product | Context: {"external_id":1370434,"product_id":80118}
[2026-02-19 09:30:07] [INFO] Updated product | Context: {"external_id":1370433,"product_id":80253}
[2026-02-19 09:30:07] [INFO] Updated product | Context: {"external_id":1370433,"product_id":80253}
[2026-02-19 09:30:07] [INFO] Updated product | Context: {"external_id":1370432,"product_id":80254}
[2026-02-19 09:30:07] [INFO] Updated product | Context: {"external_id":1370432,"product_id":80254}
[2026-02-19 09:30:07] [INFO] Updated product | Context: {"external_id":1370431,"product_id":80255}
[2026-02-19 09:30:07] [INFO] Updated product | Context: {"external_id":1370431,"product_id":80255}
[2026-02-19 09:30:07] [INFO] Updated product | Context: {"external_id":1370429,"product_id":80256}
[2026-02-19 09:30:07] [INFO] Updated product | Context: {"external_id":1370429,"product_id":80256}
[2026-02-19 09:30:07] [INFO] Updated product | Context: {"external_id":1370428,"product_id":80257}
[2026-02-19 09:30:07] [INFO] Updated product | Context: {"external_id":1370428,"product_id":80257}
[2026-02-19 09:30:07] [INFO] Updated product | Context: {"external_id":1370426,"product_id":80259}
[2026-02-19 09:30:07] [INFO] Updated product | Context: {"external_id":1370426,"product_id":80259}
[2026-02-19 09:30:07] [INFO] Updated product | Context: {"external_id":1370425,"product_id":80260}
[2026-02-19 09:30:07] [INFO] Updated product | Context: {"external_id":1370425,"product_id":80260}
[2026-02-19 09:30:07] [INFO] Updated product | Context: {"external_id":1370423,"product_id":80261}
[2026-02-19 09:30:07] [INFO] Updated product | Context: {"external_id":1370423,"product_id":80261}
[2026-02-19 09:30:07] [INFO] Updated product | Context: {"external_id":1370419,"product_id":80262}
[2026-02-19 09:30:07] [INFO] Updated product | Context: {"external_id":1370419,"product_id":80262}
[2026-02-19 09:30:07] [INFO] Updated product | Context: {"external_id":1370418,"product_id":80263}
[2026-02-19 09:30:07] [INFO] Updated product | Context: {"external_id":1370418,"product_id":80263}
[2026-02-19 09:30:07] [INFO] Updated product | Context: {"external_id":1370416,"product_id":80264}
[2026-02-19 09:30:07] [INFO] Updated product | Context: {"external_id":1370416,"product_id":80264}
[2026-02-19 09:30:07] [INFO] Updated product | Context: {"external_id":1370415,"product_id":80265}
[2026-02-19 09:30:07] [INFO] Updated product | Context: {"external_id":1370415,"product_id":80265}
[2026-02-19 09:30:07] [INFO] Updated product | Context: {"external_id":1370410,"product_id":80266}
[2026-02-19 09:30:07] [INFO] Updated product | Context: {"external_id":1370410,"product_id":80266}
[2026-02-19 09:30:07] [INFO] Updated product | Context: {"external_id":1370409,"product_id":80267}
[2026-02-19 09:30:07] [INFO] Updated product | Context: {"external_id":1370409,"product_id":80267}
[2026-02-19 09:30:08] [INFO] Downloaded product image | Context: {"product_id":80268,"attachment_id":82509,"filename":"product-image-80268-6996d8205b1bd.jpg"}
[2026-02-19 09:30:08] [INFO] Downloaded product image | Context: {"product_id":80268,"attachment_id":82508,"filename":"product-image-80268-6996d8205b15e.jpg"}
[2026-02-19 09:30:08] [INFO] Updated product | Context: {"external_id":1369285,"product_id":80268}
[2026-02-19 09:30:08] [INFO] Updated product | Context: {"external_id":1369285,"product_id":80268}
[2026-02-19 09:30:08] [INFO] Updated product | Context: {"external_id":1369283,"product_id":80269}
[2026-02-19 09:30:08] [INFO] Updated product | Context: {"external_id":1369283,"product_id":80269}
[2026-02-19 09:30:08] [INFO] Updated product | Context: {"external_id":1368952,"product_id":80122}
[2026-02-19 09:30:08] [INFO] Batch processed | Context: {"offset":3200,"total":3431}
[2026-02-19 09:30:08] [INFO] Updated product | Context: {"external_id":1368952,"product_id":80122}
[2026-02-19 09:30:08] [INFO] Batch processed | Context: {"offset":3200,"total":3431}
[2026-02-19 09:30:09] [INFO] Updated product | Context: {"external_id":1368950,"product_id":80012}
[2026-02-19 09:30:09] [INFO] Updated product | Context: {"external_id":1368949,"product_id":80270}
[2026-02-19 09:30:09] [INFO] Created product | Context: {"external_id":1366110,"product_id":82510}
[2026-02-19 09:30:09] [INFO] Updated product | Context: {"external_id":1366109,"product_id":80271}
[2026-02-19 09:30:10] [INFO] Created product | Context: {"external_id":1366110,"product_id":82511}
[2026-02-19 09:30:10] [INFO] Created product | Context: {"external_id":1366108,"product_id":82512}
[2026-02-19 09:30:10] [INFO] Updated product | Context: {"external_id":1366107,"product_id":80272}
[2026-02-19 09:30:10] [INFO] Created product | Context: {"external_id":1366108,"product_id":82513}
[2026-02-19 09:30:10] [INFO] Updated product | Context: {"external_id":1366103,"product_id":80273}
[2026-02-19 09:30:10] [INFO] Updated product | Context: {"external_id":1366103,"product_id":80273}
[2026-02-19 09:30:10] [INFO] Updated product | Context: {"external_id":1366099,"product_id":80274}
[2026-02-19 09:30:10] [INFO] Updated product | Context: {"external_id":1366099,"product_id":80274}
[2026-02-19 09:30:10] [INFO] Updated product | Context: {"external_id":1366069,"product_id":80074}
[2026-02-19 09:30:10] [INFO] Updated product | Context: {"external_id":1366069,"product_id":80074}
[2026-02-19 09:30:10] [INFO] Updated product | Context: {"external_id":1366038,"product_id":80275}
[2026-02-19 09:30:10] [INFO] Updated product | Context: {"external_id":1366038,"product_id":80275}
[2026-02-19 09:30:10] [INFO] Updated product | Context: {"external_id":1366036,"product_id":80125}
[2026-02-19 09:30:10] [INFO] Updated product | Context: {"external_id":1366036,"product_id":80125}
[2026-02-19 09:30:10] [INFO] Updated product | Context: {"external_id":1366030,"product_id":80126}
[2026-02-19 09:30:10] [INFO] Updated product | Context: {"external_id":1366030,"product_id":80126}
[2026-02-19 09:30:10] [INFO] Updated product | Context: {"external_id":1366028,"product_id":80276}
[2026-02-19 09:30:10] [INFO] Updated product | Context: {"external_id":1366028,"product_id":80276}
[2026-02-19 09:30:10] [INFO] Updated product | Context: {"external_id":1366009,"product_id":80277}
[2026-02-19 09:30:10] [INFO] Updated product | Context: {"external_id":1366009,"product_id":80277}
[2026-02-19 09:30:10] [INFO] Updated product | Context: {"external_id":1366006,"product_id":80280}
[2026-02-19 09:30:10] [INFO] Updated product | Context: {"external_id":1366006,"product_id":80280}
[2026-02-19 09:30:10] [INFO] Updated product | Context: {"external_id":1366005,"product_id":80075}
[2026-02-19 09:30:10] [INFO] Updated product | Context: {"external_id":1366005,"product_id":80075}
[2026-02-19 09:30:10] [INFO] Updated product | Context: {"external_id":1366004,"product_id":80128}
[2026-02-19 09:30:10] [INFO] Updated product | Context: {"external_id":1366004,"product_id":80128}
[2026-02-19 09:30:11] [INFO] Updated product | Context: {"external_id":1366003,"product_id":80281}
[2026-02-19 09:30:11] [INFO] Updated product | Context: {"external_id":1366003,"product_id":80281}
[2026-02-19 09:30:11] [INFO] Updated product | Context: {"external_id":1366000,"product_id":80282}
[2026-02-19 09:30:11] [INFO] Updated product | Context: {"external_id":1366000,"product_id":80282}
[2026-02-19 09:30:11] [INFO] Updated product | Context: {"external_id":1365998,"product_id":80283}
[2026-02-19 09:30:11] [INFO] Updated product | Context: {"external_id":1365998,"product_id":80283}
[2026-02-19 09:30:11] [INFO] Updated product | Context: {"external_id":1365996,"product_id":80284}
[2026-02-19 09:30:11] [INFO] Updated product | Context: {"external_id":1365996,"product_id":80284}
[2026-02-19 09:30:11] [INFO] Updated product | Context: {"external_id":1365975,"product_id":80285}
[2026-02-19 09:30:11] [INFO] Updated product | Context: {"external_id":1365975,"product_id":80285}
[2026-02-19 09:30:11] [INFO] Updated product | Context: {"external_id":1365967,"product_id":80286}
[2026-02-19 09:30:11] [INFO] Updated product | Context: {"external_id":1365967,"product_id":80286}
[2026-02-19 09:30:11] [INFO] Updated product | Context: {"external_id":1365940,"product_id":80287}
[2026-02-19 09:30:11] [INFO] Updated product | Context: {"external_id":1365940,"product_id":80287}
[2026-02-19 09:30:11] [INFO] Updated product | Context: {"external_id":1365936,"product_id":80288}
[2026-02-19 09:30:11] [INFO] Updated product | Context: {"external_id":1365936,"product_id":80288}
[2026-02-19 09:30:11] [INFO] Updated product | Context: {"external_id":1365932,"product_id":80076}
[2026-02-19 09:30:11] [INFO] Updated product | Context: {"external_id":1365932,"product_id":80076}
[2026-02-19 09:30:11] [INFO] Created product | Context: {"external_id":1365898,"product_id":82514}
[2026-02-19 09:30:11] [INFO] Created product | Context: {"external_id":1365898,"product_id":82515}
[2026-02-19 09:30:11] [INFO] Updated product | Context: {"external_id":1365897,"product_id":80289}
[2026-02-19 09:30:11] [INFO] Updated product | Context: {"external_id":1365897,"product_id":80289}
[2026-02-19 09:30:12] [INFO] Updated product | Context: {"external_id":1365855,"product_id":80290}
[2026-02-19 09:30:12] [INFO] Updated product | Context: {"external_id":1365855,"product_id":80290}
[2026-02-19 09:30:12] [INFO] Updated product | Context: {"external_id":1360375,"product_id":80294}
[2026-02-19 09:30:12] [INFO] Updated product | Context: {"external_id":1360375,"product_id":80294}
[2026-02-19 09:30:12] [INFO] Updated product | Context: {"external_id":1360374,"product_id":80295}
[2026-02-19 09:30:12] [INFO] Updated product | Context: {"external_id":1360374,"product_id":80295}
[2026-02-19 09:30:12] [INFO] Downloaded product image | Context: {"product_id":80296,"attachment_id":82517,"filename":"product-image-80296-6996d8248527f.jpg"}
[2026-02-19 09:30:12] [INFO] Downloaded product image | Context: {"product_id":80296,"attachment_id":82516,"filename":"product-image-80296-6996d82484c75.jpg"}
[2026-02-19 09:30:13] [INFO] Downloaded product image | Context: {"product_id":80296,"attachment_id":82518,"filename":"product-image-80296-6996d82514369.jpg"}
[2026-02-19 09:30:13] [INFO] Downloaded product image | Context: {"product_id":80296,"attachment_id":82519,"filename":"product-image-80296-6996d82514327.jpg"}
[2026-02-19 09:30:13] [INFO] Downloaded product image | Context: {"product_id":80296,"attachment_id":82520,"filename":"product-image-80296-6996d82593077.jpg"}
[2026-02-19 09:30:13] [INFO] Downloaded product image | Context: {"product_id":80296,"attachment_id":82521,"filename":"product-image-80296-6996d82593116.jpg"}
[2026-02-19 09:30:14] [INFO] Downloaded product image | Context: {"product_id":80296,"attachment_id":82522,"filename":"product-image-80296-6996d8260d49a.jpg"}
[2026-02-19 09:30:14] [INFO] Updated product | Context: {"external_id":1357803,"product_id":80296}
[2026-02-19 09:30:14] [INFO] Downloaded product image | Context: {"product_id":80296,"attachment_id":82523,"filename":"product-image-80296-6996d8260d237.jpg"}
[2026-02-19 09:30:14] [INFO] Updated product | Context: {"external_id":1357803,"product_id":80296}
[2026-02-19 09:30:14] [INFO] Updated product | Context: {"external_id":1357801,"product_id":80134}
[2026-02-19 09:30:14] [INFO] Updated product | Context: {"external_id":1357801,"product_id":80134}
[2026-02-19 09:30:14] [INFO] Updated product | Context: {"external_id":1357800,"product_id":80297}
[2026-02-19 09:30:14] [INFO] Updated product | Context: {"external_id":1357800,"product_id":80297}
[2026-02-19 09:30:14] [INFO] Updated product | Context: {"external_id":1357798,"product_id":80298}
[2026-02-19 09:30:14] [INFO] Updated product | Context: {"external_id":1357798,"product_id":80298}
[2026-02-19 09:30:14] [INFO] Updated product | Context: {"external_id":1357563,"product_id":80300}
[2026-02-19 09:30:14] [INFO] Updated product | Context: {"external_id":1357563,"product_id":80300}
[2026-02-19 09:30:14] [INFO] Updated product | Context: {"external_id":1357562,"product_id":80301}
[2026-02-19 09:30:14] [INFO] Updated product | Context: {"external_id":1357562,"product_id":80301}
[2026-02-19 09:30:14] [INFO] Updated product | Context: {"external_id":1357561,"product_id":80302}
[2026-02-19 09:30:14] [INFO] Updated product | Context: {"external_id":1357561,"product_id":80302}
[2026-02-19 09:30:14] [INFO] Updated product | Context: {"external_id":1357559,"product_id":80303}
[2026-02-19 09:30:14] [INFO] Updated product | Context: {"external_id":1357559,"product_id":80303}
[2026-02-19 09:30:14] [INFO] Updated product | Context: {"external_id":1357558,"product_id":80304}
[2026-02-19 09:30:14] [INFO] Updated product | Context: {"external_id":1357558,"product_id":80304}
[2026-02-19 09:30:14] [INFO] Updated product | Context: {"external_id":1357555,"product_id":80305}
[2026-02-19 09:30:14] [INFO] Updated product | Context: {"external_id":1357555,"product_id":80305}
[2026-02-19 09:30:14] [INFO] Updated product | Context: {"external_id":1357553,"product_id":80307}
[2026-02-19 09:30:14] [INFO] Updated product | Context: {"external_id":1357553,"product_id":80307}
[2026-02-19 09:30:14] [INFO] Updated product | Context: {"external_id":1357385,"product_id":80136}
[2026-02-19 09:30:14] [INFO] Updated product | Context: {"external_id":1357385,"product_id":80136}
[2026-02-19 09:30:14] [INFO] Updated product | Context: {"external_id":1357363,"product_id":80137}
[2026-02-19 09:30:14] [INFO] Updated product | Context: {"external_id":1357363,"product_id":80137}
[2026-02-19 09:30:15] [INFO] Updated product | Context: {"external_id":1357355,"product_id":80138}
[2026-02-19 09:30:15] [INFO] Updated product | Context: {"external_id":1357355,"product_id":80138}
[2026-02-19 09:30:15] [INFO] Downloaded product image | Context: {"product_id":80309,"attachment_id":82524,"filename":"product-image-80309-6996d82761e40.jpg"}
[2026-02-19 09:30:15] [INFO] Downloaded product image | Context: {"product_id":80309,"attachment_id":82525,"filename":"product-image-80309-6996d82761e0b.jpg"}
[2026-02-19 09:30:16] [INFO] Downloaded product image | Context: {"product_id":80309,"attachment_id":82526,"filename":"product-image-80309-6996d827d44e4.jpg"}
[2026-02-19 09:30:16] [INFO] Downloaded product image | Context: {"product_id":80309,"attachment_id":82527,"filename":"product-image-80309-6996d827d47e6.jpg"}
[2026-02-19 09:30:16] [INFO] Downloaded product image | Context: {"product_id":80309,"attachment_id":82529,"filename":"product-image-80309-6996d8284bcf3.jpg"}
[2026-02-19 09:30:16] [INFO] Downloaded product image | Context: {"product_id":80309,"attachment_id":82528,"filename":"product-image-80309-6996d8284bc6d.jpg"}
[2026-02-19 09:30:16] [INFO] Downloaded product image | Context: {"product_id":80309,"attachment_id":82531,"filename":"product-image-80309-6996d828b8d58.jpg"}
[2026-02-19 09:30:16] [INFO] Downloaded product image | Context: {"product_id":80309,"attachment_id":82530,"filename":"product-image-80309-6996d828b8e53.jpg"}
[2026-02-19 09:30:16] [INFO] Updated product | Context: {"external_id":1354858,"product_id":80309}
[2026-02-19 09:30:16] [INFO] Updated product | Context: {"external_id":1354858,"product_id":80309}
[2026-02-19 09:30:17] [INFO] Downloaded product image | Context: {"product_id":80310,"attachment_id":82532,"filename":"product-image-80310-6996d8294db07.jpg"}
[2026-02-19 09:30:17] [INFO] Downloaded product image | Context: {"product_id":80310,"attachment_id":82533,"filename":"product-image-80310-6996d8294dc65.jpg"}
[2026-02-19 09:30:17] [INFO] Downloaded product image | Context: {"product_id":80310,"attachment_id":82535,"filename":"product-image-80310-6996d829b7400.jpg"}
[2026-02-19 09:30:17] [INFO] Downloaded product image | Context: {"product_id":80310,"attachment_id":82534,"filename":"product-image-80310-6996d829b704d.jpg"}
[2026-02-19 09:30:18] [INFO] Downloaded product image | Context: {"product_id":80310,"attachment_id":82536,"filename":"product-image-80310-6996d82a37f68.jpg"}
[2026-02-19 09:30:18] [INFO] Downloaded product image | Context: {"product_id":80310,"attachment_id":82537,"filename":"product-image-80310-6996d82a38119.jpg"}
[2026-02-19 09:30:18] [INFO] Downloaded product image | Context: {"product_id":80310,"attachment_id":82538,"filename":"product-image-80310-6996d82ab2bfd.jpg"}
[2026-02-19 09:30:18] [INFO] Updated product | Context: {"external_id":1354809,"product_id":80310}
[2026-02-19 09:30:18] [INFO] Downloaded product image | Context: {"product_id":80310,"attachment_id":82539,"filename":"product-image-80310-6996d82ab3173.jpg"}
[2026-02-19 09:30:18] [INFO] Updated product | Context: {"external_id":1354809,"product_id":80310}
[2026-02-19 09:30:18] [INFO] Updated product | Context: {"external_id":1354803,"product_id":80311}
[2026-02-19 09:30:18] [INFO] Updated product | Context: {"external_id":1354803,"product_id":80311}
[2026-02-19 09:30:19] [INFO] Updated product | Context: {"external_id":1354802,"product_id":80312}
[2026-02-19 09:30:19] [INFO] Updated product | Context: {"external_id":1354802,"product_id":80312}
[2026-02-19 09:30:19] [INFO] Updated product | Context: {"external_id":1354671,"product_id":80314}
[2026-02-19 09:30:19] [INFO] Updated product | Context: {"external_id":1354671,"product_id":80314}
[2026-02-19 09:30:19] [INFO] Batch processed | Context: {"offset":3250,"total":3431}
[2026-02-19 09:30:19] [INFO] Batch processed | Context: {"offset":3250,"total":3431}
[2026-02-19 09:30:19] [INFO] Updated product | Context: {"external_id":1353913,"product_id":80315}
[2026-02-19 09:30:20] [INFO] Updated product | Context: {"external_id":1353912,"product_id":80316}
[2026-02-19 09:30:20] [INFO] Updated product | Context: {"external_id":1353911,"product_id":80317}
[2026-02-19 09:30:20] [INFO] Updated product | Context: {"external_id":1353910,"product_id":80318}
[2026-02-19 09:30:20] [INFO] Updated product | Context: {"external_id":1353909,"product_id":80319}
[2026-02-19 09:30:20] [INFO] Updated product | Context: {"external_id":1353908,"product_id":80320}
[2026-02-19 09:30:20] [INFO] Updated product | Context: {"external_id":1353907,"product_id":80145}
[2026-02-19 09:30:20] [INFO] Updated product | Context: {"external_id":1353906,"product_id":80321}
[2026-02-19 09:30:20] [INFO] Updated product | Context: {"external_id":1353903,"product_id":80322}
[2026-02-19 09:30:20] [INFO] Updated product | Context: {"external_id":1353902,"product_id":80323}
[2026-02-19 09:30:20] [INFO] Updated product | Context: {"external_id":1353901,"product_id":80324}
[2026-02-19 09:30:20] [INFO] Updated product | Context: {"external_id":1353900,"product_id":80325}
[2026-02-19 09:30:20] [INFO] Updated product | Context: {"external_id":1351377,"product_id":80146}
[2026-02-19 09:30:20] [INFO] Updated product | Context: {"external_id":1351377,"product_id":80146}
[2026-02-19 09:30:21] [INFO] Downloaded product image | Context: {"product_id":82540,"attachment_id":82542,"filename":"product-image-82540-6996d82d47b0b.jpg"}
[2026-02-19 09:30:21] [INFO] Downloaded product image | Context: {"product_id":82541,"attachment_id":82543,"filename":"product-image-82541-6996d82d47ee6.jpg"}
[2026-02-19 09:30:21] [INFO] Downloaded product image | Context: {"product_id":82540,"attachment_id":82545,"filename":"product-image-82540-6996d82db9e40.jpg"}
[2026-02-19 09:30:21] [INFO] Downloaded product image | Context: {"product_id":82541,"attachment_id":82544,"filename":"product-image-82541-6996d82db9e55.jpg"}
[2026-02-19 09:30:22] [INFO] Downloaded product image | Context: {"product_id":82540,"attachment_id":82546,"filename":"product-image-82540-6996d82e3ef98.jpg"}
[2026-02-19 09:30:22] [INFO] Downloaded product image | Context: {"product_id":82541,"attachment_id":82547,"filename":"product-image-82541-6996d82e3f1d6.jpg"}
[2026-02-19 09:30:22] [INFO] Downloaded product image | Context: {"product_id":82541,"attachment_id":82548,"filename":"product-image-82541-6996d82eaec19.jpg"}
[2026-02-19 09:30:22] [INFO] Downloaded product image | Context: {"product_id":82540,"attachment_id":82549,"filename":"product-image-82540-6996d82eaed4e.jpg"}
[2026-02-19 09:30:23] [INFO] Downloaded product image | Context: {"product_id":82540,"attachment_id":82550,"filename":"product-image-82540-6996d82f40429.jpg"}
[2026-02-19 09:30:23] [INFO] Created product | Context: {"external_id":1351019,"product_id":82540}
[2026-02-19 09:30:23] [INFO] Downloaded product image | Context: {"product_id":82541,"attachment_id":82551,"filename":"product-image-82541-6996d82f40ab2.jpg"}
[2026-02-19 09:30:23] [INFO] Created product | Context: {"external_id":1351019,"product_id":82541}
[2026-02-19 09:30:23] [INFO] Created product | Context: {"external_id":1351018,"product_id":82552}
[2026-02-19 09:30:23] [INFO] Created product | Context: {"external_id":1351018,"product_id":82553}
[2026-02-19 09:30:23] [INFO] Created product | Context: {"external_id":1351017,"product_id":82554}
[2026-02-19 09:30:23] [INFO] Created product | Context: {"external_id":1351017,"product_id":82555}
[2026-02-19 09:30:24] [INFO] Updated product | Context: {"external_id":1347767,"product_id":80149}
[2026-02-19 09:30:24] [INFO] Updated product | Context: {"external_id":1347767,"product_id":80149}
[2026-02-19 09:30:24] [INFO] Updated product | Context: {"external_id":1347765,"product_id":80329}
[2026-02-19 09:30:24] [INFO] Updated product | Context: {"external_id":1347765,"product_id":80329}
[2026-02-19 09:30:24] [INFO] Updated product | Context: {"external_id":1347763,"product_id":80330}
[2026-02-19 09:30:24] [INFO] Updated product | Context: {"external_id":1347763,"product_id":80330}
[2026-02-19 09:30:24] [INFO] Updated product | Context: {"external_id":1347762,"product_id":80331}
[2026-02-19 09:30:24] [INFO] Updated product | Context: {"external_id":1347762,"product_id":80331}
[2026-02-19 09:30:24] [INFO] Updated product | Context: {"external_id":1347760,"product_id":80152}
[2026-02-19 09:30:24] [INFO] Updated product | Context: {"external_id":1347760,"product_id":80152}
[2026-02-19 09:30:24] [INFO] Updated product | Context: {"external_id":1347759,"product_id":80332}
[2026-02-19 09:30:24] [INFO] Updated product | Context: {"external_id":1347759,"product_id":80332}
[2026-02-19 09:30:24] [INFO] Updated product | Context: {"external_id":1341288,"product_id":80153}
[2026-02-19 09:30:24] [INFO] Updated product | Context: {"external_id":1341288,"product_id":80153}
[2026-02-19 09:30:24] [INFO] Updated product | Context: {"external_id":1341285,"product_id":80334}
[2026-02-19 09:30:24] [INFO] Updated product | Context: {"external_id":1341285,"product_id":80334}
[2026-02-19 09:30:24] [INFO] Updated product | Context: {"external_id":1341283,"product_id":80335}
[2026-02-19 09:30:24] [INFO] Updated product | Context: {"external_id":1341283,"product_id":80335}
[2026-02-19 09:30:24] [INFO] Updated product | Context: {"external_id":1341273,"product_id":80337}
[2026-02-19 09:30:24] [INFO] Updated product | Context: {"external_id":1341273,"product_id":80337}
[2026-02-19 09:30:24] [INFO] Updated product | Context: {"external_id":1335229,"product_id":80055}
[2026-02-19 09:30:24] [INFO] Updated product | Context: {"external_id":1335229,"product_id":80055}
[2026-02-19 09:30:24] [INFO] Updated product | Context: {"external_id":1335228,"product_id":80338}
[2026-02-19 09:30:24] [INFO] Updated product | Context: {"external_id":1335228,"product_id":80338}
[2026-02-19 09:30:24] [INFO] Updated product | Context: {"external_id":1335227,"product_id":80339}
[2026-02-19 09:30:24] [INFO] Updated product | Context: {"external_id":1335227,"product_id":80339}
[2026-02-19 09:30:24] [INFO] Updated product | Context: {"external_id":1335224,"product_id":80341}
[2026-02-19 09:30:24] [INFO] Updated product | Context: {"external_id":1335224,"product_id":80341}
[2026-02-19 09:30:24] [INFO] Updated product | Context: {"external_id":1335223,"product_id":80155}
[2026-02-19 09:30:24] [INFO] Updated product | Context: {"external_id":1335223,"product_id":80155}
[2026-02-19 09:30:24] [INFO] Updated product | Context: {"external_id":1335220,"product_id":80156}
[2026-02-19 09:30:24] [INFO] Updated product | Context: {"external_id":1335220,"product_id":80156}
[2026-02-19 09:30:24] [INFO] Updated product | Context: {"external_id":1335218,"product_id":80343}
[2026-02-19 09:30:24] [INFO] Updated product | Context: {"external_id":1335218,"product_id":80343}
[2026-02-19 09:30:25] [INFO] Updated product | Context: {"external_id":1335216,"product_id":80345}
[2026-02-19 09:30:25] [INFO] Updated product | Context: {"external_id":1335216,"product_id":80345}
[2026-02-19 09:30:25] [INFO] Updated product | Context: {"external_id":1335213,"product_id":80346}
[2026-02-19 09:30:25] [INFO] Updated product | Context: {"external_id":1335213,"product_id":80346}
[2026-02-19 09:30:25] [INFO] Updated product | Context: {"external_id":1335212,"product_id":80347}
[2026-02-19 09:30:25] [INFO] Updated product | Context: {"external_id":1335212,"product_id":80347}
[2026-02-19 09:30:25] [INFO] Updated product | Context: {"external_id":1335211,"product_id":80348}
[2026-02-19 09:30:25] [INFO] Updated product | Context: {"external_id":1335211,"product_id":80348}
[2026-02-19 09:30:25] [INFO] Updated product | Context: {"external_id":1335210,"product_id":80349}
[2026-02-19 09:30:25] [INFO] Updated product | Context: {"external_id":1335210,"product_id":80349}
[2026-02-19 09:30:25] [INFO] Created product | Context: {"external_id":1332867,"product_id":82556}
[2026-02-19 09:30:25] [INFO] Created product | Context: {"external_id":1332867,"product_id":82557}
[2026-02-19 09:30:25] [INFO] Created product | Context: {"external_id":1332850,"product_id":82558}
[2026-02-19 09:30:25] [INFO] Created product | Context: {"external_id":1332850,"product_id":82559}
[2026-02-19 09:30:26] [INFO] Downloaded product image | Context: {"product_id":80350,"attachment_id":82561,"filename":"product-image-80350-6996d831e8bdc.jpg"}
[2026-02-19 09:30:26] [INFO] Downloaded product image | Context: {"product_id":82560,"attachment_id":82562,"filename":"product-image-82560-6996d8324cdb7.jpg"}
[2026-02-19 09:30:26] [INFO] Downloaded product image | Context: {"product_id":80350,"attachment_id":82563,"filename":"product-image-80350-6996d8326c1e7.jpg"}
[2026-02-19 09:30:26] [INFO] Downloaded product image | Context: {"product_id":82560,"attachment_id":82564,"filename":"product-image-82560-6996d832b0334.jpg"}
[2026-02-19 09:30:27] [INFO] Downloaded product image | Context: {"product_id":80350,"attachment_id":82565,"filename":"product-image-80350-6996d832e0556.jpg"}
[2026-02-19 09:30:27] [INFO] Downloaded product image | Context: {"product_id":82560,"attachment_id":82566,"filename":"product-image-82560-6996d833254ef.jpg"}
[2026-02-19 09:30:27] [INFO] Downloaded product image | Context: {"product_id":80350,"attachment_id":82567,"filename":"product-image-80350-6996d83365432.jpg"}
[2026-02-19 09:30:27] [INFO] Updated product | Context: {"external_id":1332295,"product_id":80350}
[2026-02-19 09:30:27] [ERROR] Error mapping product | Context: {"external_id":1332013,"error":"Invalid or duplicated SKU."}
[2026-02-19 09:30:27] [ERROR] Failed to create product | Context: {"external_id":1332013,"error":"Invalid or duplicated SKU."}
[2026-02-19 09:30:27] [INFO] Downloaded product image | Context: {"product_id":82560,"attachment_id":82569,"filename":"product-image-82560-6996d83395e66.jpg"}
[2026-02-19 09:30:28] [INFO] Downloaded product image | Context: {"product_id":82560,"attachment_id":82570,"filename":"product-image-82560-6996d834171f2.jpg"}
[2026-02-19 09:30:28] [INFO] Created product | Context: {"external_id":1332013,"product_id":82560}
[2026-02-19 09:30:28] [ERROR] Error mapping product | Context: {"external_id":1332012,"error":"Invalid or duplicated SKU."}
[2026-02-19 09:30:28] [ERROR] Failed to create product | Context: {"external_id":1332012,"error":"Invalid or duplicated SKU."}
[2026-02-19 09:30:28] [INFO] Downloaded product image | Context: {"product_id":82568,"attachment_id":82571,"filename":"product-image-82568-6996d83417398.jpg"}
[2026-02-19 09:30:28] [INFO] Created product | Context: {"external_id":1332012,"product_id":82568}
[2026-02-19 09:30:28] [INFO] Updated product | Context: {"external_id":1331947,"product_id":80034}
[2026-02-19 09:30:28] [INFO] Updated product | Context: {"external_id":1331947,"product_id":80034}
[2026-02-19 09:30:28] [INFO] Updated product | Context: {"external_id":1331587,"product_id":80351}
[2026-02-19 09:30:28] [INFO] Updated product | Context: {"external_id":1331587,"product_id":80351}
[2026-02-19 09:30:29] [INFO] Downloaded product image | Context: {"product_id":80352,"attachment_id":82572,"filename":"product-image-80352-6996d834cf05b.jpg"}
[2026-02-19 09:30:29] [INFO] Downloaded product image | Context: {"product_id":80352,"attachment_id":82573,"filename":"product-image-80352-6996d834cf463.jpg"}
[2026-02-19 09:30:29] [INFO] Downloaded product image | Context: {"product_id":80352,"attachment_id":82574,"filename":"product-image-80352-6996d8354e762.jpg"}
[2026-02-19 09:30:29] [INFO] Downloaded product image | Context: {"product_id":80352,"attachment_id":82575,"filename":"product-image-80352-6996d8354e906.jpg"}
[2026-02-19 09:30:29] [INFO] Downloaded product image | Context: {"product_id":80352,"attachment_id":82576,"filename":"product-image-80352-6996d835bdc14.jpg"}
[2026-02-19 09:30:29] [INFO] Downloaded product image | Context: {"product_id":80352,"attachment_id":82577,"filename":"product-image-80352-6996d835bda61.jpg"}
[2026-02-19 09:30:30] [INFO] Downloaded product image | Context: {"product_id":80352,"attachment_id":82578,"filename":"product-image-80352-6996d83633a02.jpg"}
[2026-02-19 09:30:30] [INFO] Updated product | Context: {"external_id":1331190,"product_id":80352}
[2026-02-19 09:30:30] [INFO] Downloaded product image | Context: {"product_id":80352,"attachment_id":82579,"filename":"product-image-80352-6996d8363364f.jpg"}
[2026-02-19 09:30:30] [INFO] Updated product | Context: {"external_id":1331190,"product_id":80352}
[2026-02-19 09:30:30] [INFO] Updated product | Context: {"external_id":1331184,"product_id":80355}
[2026-02-19 09:30:30] [INFO] Updated product | Context: {"external_id":1331184,"product_id":80355}
[2026-02-19 09:30:31] [INFO] Downloaded product image | Context: {"product_id":80356,"attachment_id":82580,"filename":"product-image-80356-6996d836e6529.jpg"}
[2026-02-19 09:30:31] [INFO] Downloaded product image | Context: {"product_id":80356,"attachment_id":82581,"filename":"product-image-80356-6996d836e740e.jpg"}
[2026-02-19 09:30:31] [INFO] Downloaded product image | Context: {"product_id":80356,"attachment_id":82582,"filename":"product-image-80356-6996d8376cf25.jpg"}
[2026-02-19 09:30:31] [INFO] Downloaded product image | Context: {"product_id":80356,"attachment_id":82583,"filename":"product-image-80356-6996d8376d0a5.jpg"}
[2026-02-19 09:30:32] [INFO] Downloaded product image | Context: {"product_id":80356,"attachment_id":82584,"filename":"product-image-80356-6996d837f3112.jpg"}
[2026-02-19 09:30:32] [INFO] Downloaded product image | Context: {"product_id":80356,"attachment_id":82585,"filename":"product-image-80356-6996d837f3185.jpg"}
[2026-02-19 09:30:32] [INFO] Downloaded product image | Context: {"product_id":80356,"attachment_id":82587,"filename":"product-image-80356-6996d8388250d.jpg"}
[2026-02-19 09:30:32] [INFO] Updated product | Context: {"external_id":1331180,"product_id":80356}
[2026-02-19 09:30:32] [INFO] Downloaded product image | Context: {"product_id":80356,"attachment_id":82586,"filename":"product-image-80356-6996d838820c3.jpg"}
[2026-02-19 09:30:32] [INFO] Updated product | Context: {"external_id":1331180,"product_id":80356}
[2026-02-19 09:30:32] [INFO] Updated product | Context: {"external_id":1331178,"product_id":80357}
[2026-02-19 09:30:32] [INFO] Updated product | Context: {"external_id":1331178,"product_id":80357}
[2026-02-19 09:30:32] [INFO] Updated product | Context: {"external_id":1331177,"product_id":80160}
[2026-02-19 09:30:32] [INFO] Batch processed | Context: {"offset":3300,"total":3431}
[2026-02-19 09:30:32] [INFO] Updated product | Context: {"external_id":1331177,"product_id":80160}
[2026-02-19 09:30:32] [INFO] Batch processed | Context: {"offset":3300,"total":3431}
[2026-02-19 09:30:33] [INFO] Updated product | Context: {"external_id":1331175,"product_id":80358}
[2026-02-19 09:30:33] [INFO] Updated product | Context: {"external_id":1331173,"product_id":80359}
[2026-02-19 09:30:33] [INFO] Updated product | Context: {"external_id":1331170,"product_id":80360}
[2026-02-19 09:30:34] [INFO] Created product | Context: {"external_id":1331169,"product_id":82588}
[2026-02-19 09:30:34] [INFO] Updated product | Context: {"external_id":1331157,"product_id":80361}
[2026-02-19 09:30:34] [INFO] Updated product | Context: {"external_id":1331153,"product_id":80362}
[2026-02-19 09:30:34] [INFO] Updated product | Context: {"external_id":1327853,"product_id":80363}
[2026-02-19 09:30:34] [INFO] Updated product | Context: {"external_id":1327852,"product_id":80364}
[2026-02-19 09:30:34] [ERROR] Error mapping product | Context: {"external_id":1331169,"error":"Invalid or duplicated SKU."}
[2026-02-19 09:30:34] [ERROR] Failed to create product | Context: {"external_id":1331169,"error":"Invalid or duplicated SKU."}
[2026-02-19 09:30:34] [INFO] Downloaded product image | Context: {"product_id":80365,"attachment_id":82589,"filename":"product-image-80365-6996d83a95363.jpg"}
[2026-02-19 09:30:34] [INFO] Downloaded product image | Context: {"product_id":80164,"attachment_id":82590,"filename":"product-image-80164-6996d83a9529a.jpg"}
[2026-02-19 09:30:35] [INFO] Downloaded product image | Context: {"product_id":80164,"attachment_id":82592,"filename":"product-image-80164-6996d83b17423.jpg"}
[2026-02-19 09:30:35] [INFO] Downloaded product image | Context: {"product_id":80365,"attachment_id":82591,"filename":"product-image-80365-6996d83b173eb.jpg"}
[2026-02-19 09:30:35] [INFO] Downloaded product image | Context: {"product_id":80365,"attachment_id":82593,"filename":"product-image-80365-6996d83b94ceb.jpg"}
[2026-02-19 09:30:35] [INFO] Downloaded product image | Context: {"product_id":80164,"attachment_id":82594,"filename":"product-image-80164-6996d83b9504b.jpg"}
[2026-02-19 09:30:36] [INFO] Downloaded product image | Context: {"product_id":80365,"attachment_id":82595,"filename":"product-image-80365-6996d83c1334a.jpg"}
[2026-02-19 09:30:36] [INFO] Updated product | Context: {"external_id":1327689,"product_id":80365}
[2026-02-19 09:30:36] [INFO] Downloaded product image | Context: {"product_id":80164,"attachment_id":82596,"filename":"product-image-80164-6996d83c13560.jpg"}
[2026-02-19 09:30:36] [INFO] Updated product | Context: {"external_id":1327690,"product_id":80164}
[2026-02-19 09:30:36] [INFO] Updated product | Context: {"external_id":1327688,"product_id":80366}
[2026-02-19 09:30:36] [INFO] Updated product | Context: {"external_id":1327688,"product_id":80366}
[2026-02-19 09:30:36] [INFO] Downloaded product image | Context: {"product_id":80367,"attachment_id":82597,"filename":"product-image-80367-6996d83ca7357.jpg"}
[2026-02-19 09:30:36] [INFO] Downloaded product image | Context: {"product_id":80367,"attachment_id":82598,"filename":"product-image-80367-6996d83ca75fc.jpg"}
[2026-02-19 09:30:37] [INFO] Downloaded product image | Context: {"product_id":80367,"attachment_id":82600,"filename":"product-image-80367-6996d83d27614.jpg"}
[2026-02-19 09:30:37] [INFO] Downloaded product image | Context: {"product_id":80367,"attachment_id":82599,"filename":"product-image-80367-6996d83d273f4.jpg"}
[2026-02-19 09:30:37] [INFO] Downloaded product image | Context: {"product_id":80367,"attachment_id":82601,"filename":"product-image-80367-6996d83d9a504.jpg"}
[2026-02-19 09:30:37] [INFO] Downloaded product image | Context: {"product_id":80367,"attachment_id":82602,"filename":"product-image-80367-6996d83d9a7fe.jpg"}
[2026-02-19 09:30:38] [INFO] Downloaded product image | Context: {"product_id":80367,"attachment_id":82603,"filename":"product-image-80367-6996d83e13ac5.jpg"}
[2026-02-19 09:30:38] [INFO] Downloaded product image | Context: {"product_id":80367,"attachment_id":82604,"filename":"product-image-80367-6996d83e13d30.jpg"}
[2026-02-19 09:30:38] [INFO] Updated product | Context: {"external_id":1327677,"product_id":80367}
[2026-02-19 09:30:38] [INFO] Updated product | Context: {"external_id":1327677,"product_id":80367}
[2026-02-19 09:30:38] [INFO] Updated product | Context: {"external_id":1327676,"product_id":80165}
[2026-02-19 09:30:38] [INFO] Updated product | Context: {"external_id":1327676,"product_id":80165}
[2026-02-19 09:30:38] [INFO] Updated product | Context: {"external_id":1327672,"product_id":80368}
[2026-02-19 09:30:38] [INFO] Updated product | Context: {"external_id":1327672,"product_id":80368}
[2026-02-19 09:30:38] [INFO] Updated product | Context: {"external_id":1327671,"product_id":80369}
[2026-02-19 09:30:38] [INFO] Updated product | Context: {"external_id":1327671,"product_id":80369}
[2026-02-19 09:30:38] [INFO] Updated product | Context: {"external_id":1327670,"product_id":80370}
[2026-02-19 09:30:38] [INFO] Updated product | Context: {"external_id":1327670,"product_id":80370}
[2026-02-19 09:30:39] [INFO] Downloaded product image | Context: {"product_id":80374,"attachment_id":82606,"filename":"product-image-80374-6996d83edcb97.jpg"}
[2026-02-19 09:30:39] [INFO] Downloaded product image | Context: {"product_id":80374,"attachment_id":82605,"filename":"product-image-80374-6996d83edc9f7.jpg"}
[2026-02-19 09:30:39] [INFO] Downloaded product image | Context: {"product_id":80374,"attachment_id":82607,"filename":"product-image-80374-6996d83f613c8.jpg"}
[2026-02-19 09:30:39] [INFO] Downloaded product image | Context: {"product_id":80374,"attachment_id":82608,"filename":"product-image-80374-6996d83f61360.jpg"}
[2026-02-19 09:30:40] [INFO] Downloaded product image | Context: {"product_id":80374,"attachment_id":82610,"filename":"product-image-80374-6996d83fdcffa.jpg"}
[2026-02-19 09:30:40] [INFO] Downloaded product image | Context: {"product_id":80374,"attachment_id":82609,"filename":"product-image-80374-6996d83fdcd78.jpg"}
[2026-02-19 09:30:40] [INFO] Downloaded product image | Context: {"product_id":80374,"attachment_id":82612,"filename":"product-image-80374-6996d84060d8b.jpg"}
[2026-02-19 09:30:40] [INFO] Updated product | Context: {"external_id":1321489,"product_id":80374}
[2026-02-19 09:30:40] [INFO] Downloaded product image | Context: {"product_id":80374,"attachment_id":82611,"filename":"product-image-80374-6996d84060872.jpg"}
[2026-02-19 09:30:40] [INFO] Updated product | Context: {"external_id":1321489,"product_id":80374}
[2026-02-19 09:30:40] [INFO] Updated product | Context: {"external_id":1308586,"product_id":80375}
[2026-02-19 09:30:40] [INFO] Updated product | Context: {"external_id":1308586,"product_id":80375}
[2026-02-19 09:30:40] [INFO] Updated product | Context: {"external_id":1308580,"product_id":80377}
[2026-02-19 09:30:40] [INFO] Updated product | Context: {"external_id":1308580,"product_id":80377}
[2026-02-19 09:30:40] [INFO] Updated product | Context: {"external_id":1308577,"product_id":80378}
[2026-02-19 09:30:40] [INFO] Updated product | Context: {"external_id":1308577,"product_id":80378}
[2026-02-19 09:30:41] [INFO] Created product | Context: {"external_id":1306418,"product_id":82614}
[2026-02-19 09:30:41] [INFO] Created product | Context: {"external_id":1306418,"product_id":82613}
[2026-02-19 09:30:41] [WARNING] Failed to download image | Context: {"url":"https:\/\/media.mts.ee\/eyJidWNrZXQiOiJtdHMtcHJvZHVjdC1pbWFnZXMiLCJrZXkiOiI3XC83NFwvNzQxNTU4MjI0ZWEyMTczMjcwMmIyZjBjOWUxNTU4ZWEuanBnIiwiZWRpdHMiOnsicmVzaXplIjp7IndpZHRoIjoxMjAwLCJoZWlnaHQiOjYzMCwiZml0IjoiY29udGFpbiIsImJhY2tncm91bmQiOnsiciI6MjU1LCJnIjoyNTUsImIiOjI1NSwiYWxwaGEiOjF9fX19","error":"Not Found"}
[2026-02-19 09:30:41] [WARNING] Failed to download image | Context: {"url":"https:\/\/media.mts.ee\/eyJidWNrZXQiOiJtdHMtcHJvZHVjdC1pbWFnZXMiLCJrZXkiOiI3XC83NFwvNzQxNTU4MjI0ZWEyMTczMjcwMmIyZjBjOWUxNTU4ZWEuanBnIiwiZWRpdHMiOnsicmVzaXplIjp7IndpZHRoIjoxMjAwLCJoZWlnaHQiOjYzMCwiZml0IjoiY29udGFpbiIsImJhY2tncm91bmQiOnsiciI6MjU1LCJnIjoyNTUsImIiOjI1NSwiYWxwaGEiOjF9fX19","error":"Not Found"}
[2026-02-19 09:30:41] [WARNING] Failed to download image | Context: {"url":"https:\/\/media.mts.ee\/eyJidWNrZXQiOiJtdHMtcHJvZHVjdC1pbWFnZXMiLCJrZXkiOiIxXC8xN1wvMTdlY2MzYjRlNDNhNTY1NjlhNzNmMzY0YmNjMjZkNTIuanBnIiwiZWRpdHMiOnsicmVzaXplIjp7IndpZHRoIjoxMjAwLCJoZWlnaHQiOjYzMCwiZml0IjoiY29udGFpbiIsImJhY2tncm91bmQiOnsiciI6MjU1LCJnIjoyNTUsImIiOjI1NSwiYWxwaGEiOjF9fX19","error":"Not Found"}
[2026-02-19 09:30:41] [WARNING] Failed to download image | Context: {"url":"https:\/\/media.mts.ee\/eyJidWNrZXQiOiJtdHMtcHJvZHVjdC1pbWFnZXMiLCJrZXkiOiIxXC8xN1wvMTdlY2MzYjRlNDNhNTY1NjlhNzNmMzY0YmNjMjZkNTIuanBnIiwiZWRpdHMiOnsicmVzaXplIjp7IndpZHRoIjoxMjAwLCJoZWlnaHQiOjYzMCwiZml0IjoiY29udGFpbiIsImJhY2tncm91bmQiOnsiciI6MjU1LCJnIjoyNTUsImIiOjI1NSwiYWxwaGEiOjF9fX19","error":"Not Found"}
[2026-02-19 09:30:41] [WARNING] Failed to download image | Context: {"url":"https:\/\/media.mts.ee\/eyJidWNrZXQiOiJtdHMtcHJvZHVjdC1pbWFnZXMiLCJrZXkiOiI5XC85NlwvOTZlMTcwMjk4NTNjMjlhMDlhOTY1M2Q4ODlmZDJjNmIuanBnIiwiZWRpdHMiOnsicmVzaXplIjp7IndpZHRoIjoxMjAwLCJoZWlnaHQiOjYzMCwiZml0IjoiY29udGFpbiIsImJhY2tncm91bmQiOnsiciI6MjU1LCJnIjoyNTUsImIiOjI1NSwiYWxwaGEiOjF9fX19","error":"Not Found"}
[2026-02-19 09:30:41] [INFO] Updated product | Context: {"external_id":1292992,"product_id":80380}
[2026-02-19 09:30:41] [WARNING] Failed to download image | Context: {"url":"https:\/\/media.mts.ee\/eyJidWNrZXQiOiJtdHMtcHJvZHVjdC1pbWFnZXMiLCJrZXkiOiI5XC85NlwvOTZlMTcwMjk4NTNjMjlhMDlhOTY1M2Q4ODlmZDJjNmIuanBnIiwiZWRpdHMiOnsicmVzaXplIjp7IndpZHRoIjoxMjAwLCJoZWlnaHQiOjYzMCwiZml0IjoiY29udGFpbiIsImJhY2tncm91bmQiOnsiciI6MjU1LCJnIjoyNTUsImIiOjI1NSwiYWxwaGEiOjF9fX19","error":"Not Found"}
[2026-02-19 09:30:41] [INFO] Updated product | Context: {"external_id":1292992,"product_id":80380}
[2026-02-19 09:30:41] [WARNING] Failed to download image | Context: {"url":"https:\/\/media.mts.ee\/eyJidWNrZXQiOiJtdHMtcHJvZHVjdC1pbWFnZXMiLCJrZXkiOiIzXC8zZlwvM2YxYmU0OGYxYjA1MTc5OWIzNDVjY2Y4NWUyOWJkMzQuanBnIiwiZWRpdHMiOnsicmVzaXplIjp7IndpZHRoIjoxMjAwLCJoZWlnaHQiOjYzMCwiZml0IjoiY29udGFpbiIsImJhY2tncm91bmQiOnsiciI6MjU1LCJnIjoyNTUsImIiOjI1NSwiYWxwaGEiOjF9fX19","error":"Not Found"}
[2026-02-19 09:30:41] [WARNING] Failed to download image | Context: {"url":"https:\/\/media.mts.ee\/eyJidWNrZXQiOiJtdHMtcHJvZHVjdC1pbWFnZXMiLCJrZXkiOiIzXC8zZlwvM2YxYmU0OGYxYjA1MTc5OWIzNDVjY2Y4NWUyOWJkMzQuanBnIiwiZWRpdHMiOnsicmVzaXplIjp7IndpZHRoIjoxMjAwLCJoZWlnaHQiOjYzMCwiZml0IjoiY29udGFpbiIsImJhY2tncm91bmQiOnsiciI6MjU1LCJnIjoyNTUsImIiOjI1NSwiYWxwaGEiOjF9fX19","error":"Not Found"}
[2026-02-19 09:30:41] [WARNING] Failed to download image | Context: {"url":"https:\/\/media.mts.ee\/eyJidWNrZXQiOiJtdHMtcHJvZHVjdC1pbWFnZXMiLCJrZXkiOiIzXC8zZVwvM2UxNDk4OTk4N2U3NDA0Zjc2ZjZjMWYyMjNkYTQ0YmIuanBnIiwiZWRpdHMiOnsicmVzaXplIjp7IndpZHRoIjoxMjAwLCJoZWlnaHQiOjYzMCwiZml0IjoiY29udGFpbiIsImJhY2tncm91bmQiOnsiciI6MjU1LCJnIjoyNTUsImIiOjI1NSwiYWxwaGEiOjF9fX19","error":"Not Found"}
[2026-02-19 09:30:41] [WARNING] Failed to download image | Context: {"url":"https:\/\/media.mts.ee\/eyJidWNrZXQiOiJtdHMtcHJvZHVjdC1pbWFnZXMiLCJrZXkiOiIzXC8zZVwvM2UxNDk4OTk4N2U3NDA0Zjc2ZjZjMWYyMjNkYTQ0YmIuanBnIiwiZWRpdHMiOnsicmVzaXplIjp7IndpZHRoIjoxMjAwLCJoZWlnaHQiOjYzMCwiZml0IjoiY29udGFpbiIsImJhY2tncm91bmQiOnsiciI6MjU1LCJnIjoyNTUsImIiOjI1NSwiYWxwaGEiOjF9fX19","error":"Not Found"}
[2026-02-19 09:30:41] [WARNING] Failed to download image | Context: {"url":"https:\/\/media.mts.ee\/eyJidWNrZXQiOiJtdHMtcHJvZHVjdC1pbWFnZXMiLCJrZXkiOiJkXC9kNVwvZDU1YjgzMjRhOGIzMzVjZTU1ZGVlOWYyYWFhZGE1MmMuanBnIiwiZWRpdHMiOnsicmVzaXplIjp7IndpZHRoIjoxMjAwLCJoZWlnaHQiOjYzMCwiZml0IjoiY29udGFpbiIsImJhY2tncm91bmQiOnsiciI6MjU1LCJnIjoyNTUsImIiOjI1NSwiYWxwaGEiOjF9fX19","error":"Not Found"}
[2026-02-19 09:30:41] [INFO] Updated product | Context: {"external_id":1292985,"product_id":80166}
[2026-02-19 09:30:41] [WARNING] Failed to download image | Context: {"url":"https:\/\/media.mts.ee\/eyJidWNrZXQiOiJtdHMtcHJvZHVjdC1pbWFnZXMiLCJrZXkiOiJkXC9kNVwvZDU1YjgzMjRhOGIzMzVjZTU1ZGVlOWYyYWFhZGE1MmMuanBnIiwiZWRpdHMiOnsicmVzaXplIjp7IndpZHRoIjoxMjAwLCJoZWlnaHQiOjYzMCwiZml0IjoiY29udGFpbiIsImJhY2tncm91bmQiOnsiciI6MjU1LCJnIjoyNTUsImIiOjI1NSwiYWxwaGEiOjF9fX19","error":"Not Found"}
[2026-02-19 09:30:41] [INFO] Updated product | Context: {"external_id":1292985,"product_id":80166}
[2026-02-19 09:30:41] [INFO] Downloaded product image | Context: {"product_id":80382,"attachment_id":82615,"filename":"product-image-80382-6996d841c5a50.jpg"}
[2026-02-19 09:30:41] [INFO] Downloaded product image | Context: {"product_id":80382,"attachment_id":82616,"filename":"product-image-80382-6996d841c5f92.jpg"}
[2026-02-19 09:30:42] [INFO] Downloaded product image | Context: {"product_id":80382,"attachment_id":82617,"filename":"product-image-80382-6996d8424291c.jpg"}
[2026-02-19 09:30:42] [INFO] Downloaded product image | Context: {"product_id":80382,"attachment_id":82618,"filename":"product-image-80382-6996d84242984.jpg"}
[2026-02-19 09:30:42] [INFO] Downloaded product image | Context: {"product_id":80382,"attachment_id":82619,"filename":"product-image-80382-6996d842a5f2b.jpg"}
[2026-02-19 09:30:42] [INFO] Downloaded product image | Context: {"product_id":80382,"attachment_id":82620,"filename":"product-image-80382-6996d842a5e62.jpg"}
[2026-02-19 09:30:43] [INFO] Downloaded product image | Context: {"product_id":80382,"attachment_id":82621,"filename":"product-image-80382-6996d8431d32e.jpg"}
[2026-02-19 09:30:43] [INFO] Updated product | Context: {"external_id":1292327,"product_id":80382}
[2026-02-19 09:30:43] [INFO] Downloaded product image | Context: {"product_id":80382,"attachment_id":82622,"filename":"product-image-80382-6996d8431d0df.jpg"}
[2026-02-19 09:30:43] [INFO] Updated product | Context: {"external_id":1292327,"product_id":80382}
[2026-02-19 09:30:43] [INFO] Updated product | Context: {"external_id":1292219,"product_id":80383}
[2026-02-19 09:30:43] [INFO] Updated product | Context: {"external_id":1292219,"product_id":80383}
[2026-02-19 09:30:43] [INFO] Downloaded product image | Context: {"product_id":80384,"attachment_id":82623,"filename":"product-image-80384-6996d843a6a28.jpg"}
[2026-02-19 09:30:43] [INFO] Downloaded product image | Context: {"product_id":80384,"attachment_id":82624,"filename":"product-image-80384-6996d843a6882.jpg"}
[2026-02-19 09:30:44] [INFO] Downloaded product image | Context: {"product_id":80384,"attachment_id":82626,"filename":"product-image-80384-6996d844229da.jpg"}
[2026-02-19 09:30:44] [INFO] Downloaded product image | Context: {"product_id":80384,"attachment_id":82625,"filename":"product-image-80384-6996d844225c6.jpg"}
[2026-02-19 09:30:44] [INFO] Downloaded product image | Context: {"product_id":80384,"attachment_id":82627,"filename":"product-image-80384-6996d84493a39.jpg"}
[2026-02-19 09:30:44] [INFO] Downloaded product image | Context: {"product_id":80384,"attachment_id":82628,"filename":"product-image-80384-6996d84494ad2.jpg"}
[2026-02-19 09:30:45] [INFO] Downloaded product image | Context: {"product_id":80384,"attachment_id":82630,"filename":"product-image-80384-6996d845003f5.jpg"}
[2026-02-19 09:30:45] [INFO] Updated product | Context: {"external_id":1289576,"product_id":80384}
[2026-02-19 09:30:45] [INFO] Downloaded product image | Context: {"product_id":80384,"attachment_id":82629,"filename":"product-image-80384-6996d8450032f.jpg"}
[2026-02-19 09:30:45] [INFO] Updated product | Context: {"external_id":1289576,"product_id":80384}
[2026-02-19 09:30:45] [INFO] Updated product | Context: {"external_id":1283447,"product_id":80173}
[2026-02-19 09:30:45] [INFO] Updated product | Context: {"external_id":1283447,"product_id":80173}
[2026-02-19 09:30:45] [INFO] Updated product | Context: {"external_id":1283440,"product_id":80386}
[2026-02-19 09:30:45] [INFO] Updated product | Context: {"external_id":1283440,"product_id":80386}
[2026-02-19 09:30:45] [INFO] Updated product | Context: {"external_id":1283430,"product_id":80387}
[2026-02-19 09:30:45] [INFO] Updated product | Context: {"external_id":1283430,"product_id":80387}
[2026-02-19 09:30:45] [INFO] Updated product | Context: {"external_id":1283418,"product_id":80388}
[2026-02-19 09:30:45] [INFO] Updated product | Context: {"external_id":1283418,"product_id":80388}
[2026-02-19 09:30:46] [INFO] Downloaded product image | Context: {"product_id":82631,"attachment_id":82633,"filename":"product-image-82631-6996d846149de.jpg"}
[2026-02-19 09:30:46] [INFO] Downloaded product image | Context: {"product_id":82632,"attachment_id":82634,"filename":"product-image-82632-6996d84614e24.jpg"}
[2026-02-19 09:30:46] [INFO] Downloaded product image | Context: {"product_id":82631,"attachment_id":82635,"filename":"product-image-82631-6996d84679c1b.jpg"}
[2026-02-19 09:30:46] [INFO] Downloaded product image | Context: {"product_id":82632,"attachment_id":82636,"filename":"product-image-82632-6996d8467a060.jpg"}
[2026-02-19 09:30:47] [INFO] Downloaded product image | Context: {"product_id":82632,"attachment_id":82637,"filename":"product-image-82632-6996d846ed311.jpg"}
[2026-02-19 09:30:47] [INFO] Downloaded product image | Context: {"product_id":82631,"attachment_id":82638,"filename":"product-image-82631-6996d846ed452.jpg"}
[2026-02-19 09:30:47] [INFO] Downloaded product image | Context: {"product_id":82631,"attachment_id":82639,"filename":"product-image-82631-6996d8476fc17.jpg"}
[2026-02-19 09:30:47] [INFO] Downloaded product image | Context: {"product_id":82632,"attachment_id":82640,"filename":"product-image-82632-6996d8477028c.jpg"}
[2026-02-19 09:30:48] [INFO] Downloaded product image | Context: {"product_id":82631,"attachment_id":82641,"filename":"product-image-82631-6996d847e992e.jpg"}
[2026-02-19 09:30:48] [INFO] Downloaded product image | Context: {"product_id":82632,"attachment_id":82642,"filename":"product-image-82632-6996d847e9a24.jpg"}
[2026-02-19 09:30:48] [INFO] Created product | Context: {"external_id":1270396,"product_id":82631}
[2026-02-19 09:30:48] [INFO] Created product | Context: {"external_id":1270396,"product_id":82632}
[2026-02-19 09:30:48] [INFO] Updated product | Context: {"external_id":1263782,"product_id":80390}
[2026-02-19 09:30:48] [INFO] Updated product | Context: {"external_id":1263782,"product_id":80390}
[2026-02-19 09:30:48] [INFO] Updated product | Context: {"external_id":1260796,"product_id":80391}
[2026-02-19 09:30:48] [INFO] Updated product | Context: {"external_id":1260796,"product_id":80391}
[2026-02-19 09:30:48] [INFO] Updated product | Context: {"external_id":1248316,"product_id":80392}
[2026-02-19 09:30:48] [INFO] Updated product | Context: {"external_id":1248316,"product_id":80392}
[2026-02-19 09:30:48] [INFO] Created category | Context: {"name":"Laptop 13\" i mniejsze"}
[2026-02-19 09:30:48] [INFO] Created category | Context: {"name":"Laptop 13\" i mniejsze"}
[2026-02-19 09:30:48] [INFO] Downloaded product image | Context: {"product_id":80394,"attachment_id":82643,"filename":"product-image-80394-6996d848b90a7.jpg"}
[2026-02-19 09:30:48] [INFO] Downloaded product image | Context: {"product_id":80394,"attachment_id":82644,"filename":"product-image-80394-6996d848b9543.jpg"}
[2026-02-19 09:30:49] [INFO] Downloaded product image | Context: {"product_id":80394,"attachment_id":82646,"filename":"product-image-80394-6996d84933c24.jpg"}
[2026-02-19 09:30:49] [INFO] Downloaded product image | Context: {"product_id":80394,"attachment_id":82645,"filename":"product-image-80394-6996d84933948.jpg"}
[2026-02-19 09:30:49] [INFO] Downloaded product image | Context: {"product_id":80394,"attachment_id":82647,"filename":"product-image-80394-6996d849a5856.jpg"}
[2026-02-19 09:30:49] [INFO] Downloaded product image | Context: {"product_id":80394,"attachment_id":82648,"filename":"product-image-80394-6996d849a5a94.jpg"}
[2026-02-19 09:30:50] [INFO] Downloaded product image | Context: {"product_id":80394,"attachment_id":82649,"filename":"product-image-80394-6996d84a2534c.jpg"}
[2026-02-19 09:30:50] [INFO] Updated product | Context: {"external_id":1322289,"product_id":80394}
[2026-02-19 09:30:50] [INFO] Downloaded product image | Context: {"product_id":80394,"attachment_id":82650,"filename":"product-image-80394-6996d84a2563e.jpg"}
[2026-02-19 09:30:50] [INFO] Updated product | Context: {"external_id":1322289,"product_id":80394}
[2026-02-19 09:30:50] [INFO] Updated product | Context: {"external_id":1322290,"product_id":80393}
[2026-02-19 09:30:50] [INFO] Updated product | Context: {"external_id":1322290,"product_id":80393}
[2026-02-19 09:30:51] [INFO] Downloaded product image | Context: {"product_id":80395,"attachment_id":82651,"filename":"product-image-80395-6996d84b1ab7c.jpg"}
[2026-02-19 09:30:51] [INFO] Downloaded product image | Context: {"product_id":80395,"attachment_id":82652,"filename":"product-image-80395-6996d84b1cf03.jpg"}
[2026-02-19 09:30:51] [INFO] Downloaded product image | Context: {"product_id":80395,"attachment_id":82653,"filename":"product-image-80395-6996d84b9c125.jpg"}
[2026-02-19 09:30:51] [INFO] Downloaded product image | Context: {"product_id":80395,"attachment_id":82654,"filename":"product-image-80395-6996d84b9c4dc.jpg"}
[2026-02-19 09:30:52] [INFO] Downloaded product image | Context: {"product_id":80395,"attachment_id":82656,"filename":"product-image-80395-6996d84c2b87e.jpg"}
[2026-02-19 09:30:52] [INFO] Downloaded product image | Context: {"product_id":80395,"attachment_id":82655,"filename":"product-image-80395-6996d84c2b910.jpg"}
[2026-02-19 09:30:52] [INFO] Downloaded product image | Context: {"product_id":80395,"attachment_id":82657,"filename":"product-image-80395-6996d84c96d11.jpg"}
[2026-02-19 09:30:52] [INFO] Downloaded product image | Context: {"product_id":80395,"attachment_id":82658,"filename":"product-image-80395-6996d84c96d57.jpg"}
[2026-02-19 09:30:53] [INFO] Downloaded product image | Context: {"product_id":80395,"attachment_id":82659,"filename":"product-image-80395-6996d84d1bab1.jpg"}
[2026-02-19 09:30:53] [INFO] Updated product | Context: {"external_id":1292432,"product_id":80395}
[2026-02-19 09:30:53] [INFO] Downloaded product image | Context: {"product_id":80395,"attachment_id":82660,"filename":"product-image-80395-6996d84d1bf3f.jpg"}
[2026-02-19 09:30:53] [INFO] Updated product | Context: {"external_id":1292432,"product_id":80395}
[2026-02-19 09:30:53] [INFO] Downloaded product image | Context: {"product_id":80396,"attachment_id":82661,"filename":"product-image-80396-6996d84db038a.jpg"}
[2026-02-19 09:30:53] [INFO] Downloaded product image | Context: {"product_id":80396,"attachment_id":82662,"filename":"product-image-80396-6996d84db062f.jpg"}
[2026-02-19 09:30:54] [INFO] Downloaded product image | Context: {"product_id":80396,"attachment_id":82663,"filename":"product-image-80396-6996d84e2b179.jpg"}
[2026-02-19 09:30:54] [INFO] Downloaded product image | Context: {"product_id":80396,"attachment_id":82664,"filename":"product-image-80396-6996d84e2b58f.jpg"}
[2026-02-19 09:30:54] [INFO] Downloaded product image | Context: {"product_id":80396,"attachment_id":82665,"filename":"product-image-80396-6996d84ea02da.jpg"}
[2026-02-19 09:30:54] [INFO] Downloaded product image | Context: {"product_id":80396,"attachment_id":82666,"filename":"product-image-80396-6996d84ea089e.jpg"}
[2026-02-19 09:30:55] [INFO] Downloaded product image | Context: {"product_id":80396,"attachment_id":82667,"filename":"product-image-80396-6996d84f21368.jpg"}
[2026-02-19 09:30:55] [INFO] Updated product | Context: {"external_id":1322287,"product_id":80396}
[2026-02-19 09:30:55] [INFO] Downloaded product image | Context: {"product_id":80396,"attachment_id":82668,"filename":"product-image-80396-6996d84f2169f.jpg"}
[2026-02-19 09:30:55] [INFO] Updated product | Context: {"external_id":1322287,"product_id":80396}
[2026-02-19 09:30:55] [INFO] Downloaded product image | Context: {"product_id":80397,"attachment_id":82669,"filename":"product-image-80397-6996d84fbe97d.jpg"}
[2026-02-19 09:30:55] [INFO] Downloaded product image | Context: {"product_id":80397,"attachment_id":82670,"filename":"product-image-80397-6996d84fbef4b.jpg"}
[2026-02-19 09:30:56] [INFO] Downloaded product image | Context: {"product_id":80397,"attachment_id":82671,"filename":"product-image-80397-6996d85047008.jpg"}
[2026-02-19 09:30:56] [INFO] Downloaded product image | Context: {"product_id":80397,"attachment_id":82672,"filename":"product-image-80397-6996d85047427.jpg"}
[2026-02-19 09:30:56] [INFO] Downloaded product image | Context: {"product_id":80397,"attachment_id":82674,"filename":"product-image-80397-6996d850afbd0.jpg"}
[2026-02-19 09:30:56] [INFO] Downloaded product image | Context: {"product_id":80397,"attachment_id":82673,"filename":"product-image-80397-6996d850af7ce.jpg"}
[2026-02-19 09:30:57] [INFO] Downloaded product image | Context: {"product_id":80397,"attachment_id":82675,"filename":"product-image-80397-6996d8513f425.jpg"}
[2026-02-19 09:30:57] [INFO] Updated product | Context: {"external_id":1322285,"product_id":80397}
[2026-02-19 09:30:57] [INFO] Downloaded product image | Context: {"product_id":80397,"attachment_id":82676,"filename":"product-image-80397-6996d8513f514.jpg"}
[2026-02-19 09:30:57] [INFO] Updated product | Context: {"external_id":1322285,"product_id":80397}
[2026-02-19 09:30:58] [INFO] Downloaded product image | Context: {"product_id":80398,"attachment_id":82677,"filename":"product-image-80398-6996d851d20e7.jpg"}
[2026-02-19 09:30:58] [INFO] Downloaded product image | Context: {"product_id":80398,"attachment_id":82678,"filename":"product-image-80398-6996d851d21dd.jpg"}
[2026-02-19 09:30:58] [INFO] Downloaded product image | Context: {"product_id":80398,"attachment_id":82680,"filename":"product-image-80398-6996d85256ecc.jpg"}
[2026-02-19 09:30:58] [INFO] Downloaded product image | Context: {"product_id":80398,"attachment_id":82679,"filename":"product-image-80398-6996d85256cac.jpg"}
[2026-02-19 09:30:59] [INFO] Downloaded product image | Context: {"product_id":80398,"attachment_id":82681,"filename":"product-image-80398-6996d852d466f.jpg"}
[2026-02-19 09:30:59] [INFO] Downloaded product image | Context: {"product_id":80398,"attachment_id":82682,"filename":"product-image-80398-6996d852d468f.jpg"}
[2026-02-19 09:30:59] [INFO] Downloaded product image | Context: {"product_id":80398,"attachment_id":82684,"filename":"product-image-80398-6996d85357959.jpg"}
[2026-02-19 09:30:59] [INFO] Downloaded product image | Context: {"product_id":80398,"attachment_id":82683,"filename":"product-image-80398-6996d85357a72.jpg"}
[2026-02-19 09:31:00] [INFO] Downloaded product image | Context: {"product_id":80398,"attachment_id":82685,"filename":"product-image-80398-6996d853e1405.jpg"}
[2026-02-19 09:31:00] [INFO] Downloaded product image | Context: {"product_id":80398,"attachment_id":82686,"filename":"product-image-80398-6996d853e1815.jpg"}
[2026-02-19 09:31:00] [INFO] Updated product | Context: {"external_id":1292431,"product_id":80398}
[2026-02-19 09:31:00] [INFO] Updated product | Context: {"external_id":1292431,"product_id":80398}
[2026-02-19 09:31:00] [INFO] Downloaded product image | Context: {"product_id":80399,"attachment_id":82687,"filename":"product-image-80399-6996d854870c9.jpg"}
[2026-02-19 09:31:00] [INFO] Downloaded product image | Context: {"product_id":80399,"attachment_id":82688,"filename":"product-image-80399-6996d8548742f.jpg"}
[2026-02-19 09:31:01] [INFO] Downloaded product image | Context: {"product_id":80399,"attachment_id":82689,"filename":"product-image-80399-6996d855042ce.jpg"}
[2026-02-19 09:31:01] [INFO] Downloaded product image | Context: {"product_id":80399,"attachment_id":82690,"filename":"product-image-80399-6996d85504f41.jpg"}
[2026-02-19 09:31:01] [INFO] Downloaded product image | Context: {"product_id":80399,"attachment_id":82691,"filename":"product-image-80399-6996d8557e17b.jpg"}
[2026-02-19 09:31:01] [INFO] Downloaded product image | Context: {"product_id":80399,"attachment_id":82692,"filename":"product-image-80399-6996d8557e3f0.jpg"}
[2026-02-19 09:31:02] [INFO] Downloaded product image | Context: {"product_id":80399,"attachment_id":82693,"filename":"product-image-80399-6996d856013af.jpg"}
[2026-02-19 09:31:02] [INFO] Updated product | Context: {"external_id":1322279,"product_id":80399}
[2026-02-19 09:31:02] [INFO] Downloaded product image | Context: {"product_id":80399,"attachment_id":82694,"filename":"product-image-80399-6996d85601ae3.jpg"}
[2026-02-19 09:31:02] [INFO] Updated product | Context: {"external_id":1322279,"product_id":80399}
[2026-02-19 09:31:02] [INFO] Updated product | Context: {"external_id":1327739,"product_id":80404}
[2026-02-19 09:31:02] [INFO] Updated product | Context: {"external_id":1327739,"product_id":80404}
[2026-02-19 09:31:02] [INFO] Updated product | Context: {"external_id":1322286,"product_id":80401}
[2026-02-19 09:31:02] [INFO] Updated product | Context: {"external_id":1322286,"product_id":80401}
[2026-02-19 09:31:02] [INFO] Updated product | Context: {"external_id":1322280,"product_id":80400}
[2026-02-19 09:31:02] [INFO] Updated product | Context: {"external_id":1322280,"product_id":80400}
[2026-02-19 09:31:03] [INFO] Updated product | Context: {"external_id":1327737,"product_id":80405}
[2026-02-19 09:31:03] [INFO] Updated product | Context: {"external_id":1327737,"product_id":80405}
[2026-02-19 09:31:03] [INFO] Updated product | Context: {"external_id":1322275,"product_id":80403}
[2026-02-19 09:31:03] [INFO] Updated product | Context: {"external_id":1322275,"product_id":80403}
[2026-02-19 09:31:03] [INFO] Updated product | Context: {"external_id":1322288,"product_id":80402}
[2026-02-19 09:31:03] [INFO] Updated product | Context: {"external_id":1322288,"product_id":80402}
[2026-02-19 09:31:03] [INFO] Updated product | Context: {"external_id":1324049,"product_id":80409}
[2026-02-19 09:31:03] [INFO] Updated product | Context: {"external_id":1324049,"product_id":80409}
[2026-02-19 09:31:03] [INFO] Updated product | Context: {"external_id":1324035,"product_id":80411}
[2026-02-19 09:31:03] [INFO] Updated product | Context: {"external_id":1324035,"product_id":80411}
[2026-02-19 09:31:04] [INFO] Updated product | Context: {"external_id":1322273,"product_id":80417}
[2026-02-19 09:31:04] [INFO] Batch processed | Context: {"offset":3350,"total":3431}
[2026-02-19 09:31:04] [INFO] Updated product | Context: {"external_id":1322273,"product_id":80417}
[2026-02-19 09:31:04] [INFO] Batch processed | Context: {"offset":3350,"total":3431}
[2026-02-19 09:31:05] [INFO] Updated product | Context: {"external_id":1324219,"product_id":80407}
[2026-02-19 09:31:05] [INFO] Updated product | Context: {"external_id":1324218,"product_id":80412}
[2026-02-19 09:31:05] [INFO] Updated product | Context: {"external_id":1324058,"product_id":80414}
[2026-02-19 09:31:05] [INFO] Updated product | Context: {"external_id":1327738,"product_id":80431}
[2026-02-19 09:31:05] [INFO] Updated product | Context: {"external_id":1327738,"product_id":80431}
[2026-02-19 09:31:05] [INFO] Updated product | Context: {"external_id":1324220,"product_id":80410}
[2026-02-19 09:31:05] [INFO] Updated product | Context: {"external_id":1324220,"product_id":80410}
[2026-02-19 09:31:06] [INFO] Updated product | Context: {"external_id":1324213,"product_id":80432}
[2026-02-19 09:31:06] [INFO] Updated product | Context: {"external_id":1324213,"product_id":80432}
[2026-02-19 09:31:06] [INFO] Updated product | Context: {"external_id":1324032,"product_id":80435}
[2026-02-19 09:31:06] [INFO] Updated product | Context: {"external_id":1324032,"product_id":80435}
[2026-02-19 09:31:06] [INFO] Updated product | Context: {"external_id":1327736,"product_id":80425}
[2026-02-19 09:31:06] [INFO] Updated product | Context: {"external_id":1327736,"product_id":80425}
[2026-02-19 09:31:06] [INFO] Updated product | Context: {"external_id":1324216,"product_id":80445}
[2026-02-19 09:31:06] [INFO] Updated product | Context: {"external_id":1324216,"product_id":80445}
[2026-02-19 09:31:06] [INFO] Updated product | Context: {"external_id":1324214,"product_id":80426}
[2026-02-19 09:31:06] [INFO] Updated product | Context: {"external_id":1324214,"product_id":80426}
[2026-02-19 09:31:06] [INFO] Updated product | Context: {"external_id":1324059,"product_id":80408}
[2026-02-19 09:31:06] [INFO] Updated product | Context: {"external_id":1324059,"product_id":80408}
[2026-02-19 09:31:07] [INFO] Updated product | Context: {"external_id":1324034,"product_id":80415}
[2026-02-19 09:31:07] [INFO] Updated product | Context: {"external_id":1324034,"product_id":80415}
[2026-02-19 09:31:07] [INFO] Updated product | Context: {"external_id":1324033,"product_id":80422}
[2026-02-19 09:31:07] [INFO] Updated product | Context: {"external_id":1324033,"product_id":80422}
[2026-02-19 09:31:07] [INFO] Downloaded product image | Context: {"product_id":80423,"attachment_id":82695,"filename":"product-image-80423-6996d85b98f0b.jpg"}
[2026-02-19 09:31:07] [INFO] Downloaded product image | Context: {"product_id":80423,"attachment_id":82696,"filename":"product-image-80423-6996d85b98d73.jpg"}
[2026-02-19 09:31:08] [INFO] Downloaded product image | Context: {"product_id":80423,"attachment_id":82697,"filename":"product-image-80423-6996d85c13690.jpg"}
[2026-02-19 09:31:08] [INFO] Downloaded product image | Context: {"product_id":80423,"attachment_id":82698,"filename":"product-image-80423-6996d85c13b34.jpg"}
[2026-02-19 09:31:08] [INFO] Downloaded product image | Context: {"product_id":80423,"attachment_id":82700,"filename":"product-image-80423-6996d85c838cd.jpg"}
[2026-02-19 09:31:08] [INFO] Downloaded product image | Context: {"product_id":80423,"attachment_id":82699,"filename":"product-image-80423-6996d85c835ea.jpg"}
[2026-02-19 09:31:09] [INFO] Downloaded product image | Context: {"product_id":80423,"attachment_id":82701,"filename":"product-image-80423-6996d85d03b2a.jpg"}
[2026-02-19 09:31:09] [INFO] Updated product | Context: {"external_id":1335205,"product_id":80423}
[2026-02-19 09:31:09] [INFO] Downloaded product image | Context: {"product_id":80423,"attachment_id":82702,"filename":"product-image-80423-6996d85d03f31.jpg"}
[2026-02-19 09:31:09] [INFO] Updated product | Context: {"external_id":1335205,"product_id":80423}
[2026-02-19 09:31:09] [INFO] Downloaded product image | Context: {"product_id":80424,"attachment_id":82704,"filename":"product-image-80424-6996d85da9b46.jpg"}
[2026-02-19 09:31:09] [INFO] Downloaded product image | Context: {"product_id":80424,"attachment_id":82703,"filename":"product-image-80424-6996d85da9cac.jpg"}
[2026-02-19 09:31:10] [INFO] Downloaded product image | Context: {"product_id":80424,"attachment_id":82705,"filename":"product-image-80424-6996d85e26f67.jpg"}
[2026-02-19 09:31:10] [INFO] Downloaded product image | Context: {"product_id":80424,"attachment_id":82706,"filename":"product-image-80424-6996d85e276c9.jpg"}
[2026-02-19 09:31:10] [INFO] Downloaded product image | Context: {"product_id":80424,"attachment_id":82708,"filename":"product-image-80424-6996d85eb2b47.jpg"}
[2026-02-19 09:31:10] [INFO] Downloaded product image | Context: {"product_id":80424,"attachment_id":82707,"filename":"product-image-80424-6996d85eb2b1f.jpg"}
[2026-02-19 09:31:11] [INFO] Downloaded product image | Context: {"product_id":80424,"attachment_id":82709,"filename":"product-image-80424-6996d85f17828.jpg"}
[2026-02-19 09:31:11] [INFO] Downloaded product image | Context: {"product_id":80424,"attachment_id":82710,"filename":"product-image-80424-6996d85f1796a.jpg"}
[2026-02-19 09:31:11] [INFO] Downloaded product image | Context: {"product_id":80424,"attachment_id":82712,"filename":"product-image-80424-6996d85f96fdc.jpg"}
[2026-02-19 09:31:11] [INFO] Updated product | Context: {"external_id":1334915,"product_id":80424}
[2026-02-19 09:31:11] [INFO] Downloaded product image | Context: {"product_id":80424,"attachment_id":82711,"filename":"product-image-80424-6996d85f96fde.jpg"}
[2026-02-19 09:31:11] [INFO] Updated product | Context: {"external_id":1334915,"product_id":80424}
[2026-02-19 09:31:11] [INFO] Updated product | Context: {"external_id":1324217,"product_id":80413}
[2026-02-19 09:31:11] [INFO] Updated product | Context: {"external_id":1324217,"product_id":80413}
[2026-02-19 09:31:12] [INFO] Updated product | Context: {"external_id":1324057,"product_id":80406}
[2026-02-19 09:31:12] [INFO] Updated product | Context: {"external_id":1324057,"product_id":80406}
[2026-02-19 09:31:12] [INFO] Updated product | Context: {"external_id":1324050,"product_id":80433}
[2026-02-19 09:31:12] [INFO] Updated product | Context: {"external_id":1324050,"product_id":80433}
[2026-02-19 09:31:12] [INFO] Downloaded product image | Context: {"product_id":80451,"attachment_id":82713,"filename":"product-image-80451-6996d860b366e.jpg"}
[2026-02-19 09:31:12] [INFO] Downloaded product image | Context: {"product_id":80451,"attachment_id":82714,"filename":"product-image-80451-6996d860b3b5c.jpg"}
[2026-02-19 09:31:13] [INFO] Downloaded product image | Context: {"product_id":80451,"attachment_id":82715,"filename":"product-image-80451-6996d86124d2c.jpg"}
[2026-02-19 09:31:13] [INFO] Updated product | Context: {"external_id":1295445,"product_id":80451}
[2026-02-19 09:31:13] [INFO] Downloaded product image | Context: {"product_id":80451,"attachment_id":82716,"filename":"product-image-80451-6996d86124d65.jpg"}
[2026-02-19 09:31:13] [INFO] Updated product | Context: {"external_id":1295445,"product_id":80451}
[2026-02-19 09:31:14] [INFO] Downloaded product image | Context: {"product_id":80418,"attachment_id":82717,"filename":"product-image-80418-6996d861d864a.jpg"}
[2026-02-19 09:31:14] [INFO] Downloaded product image | Context: {"product_id":80418,"attachment_id":82718,"filename":"product-image-80418-6996d861d8818.jpg"}
[2026-02-19 09:31:14] [INFO] Downloaded product image | Context: {"product_id":80418,"attachment_id":82719,"filename":"product-image-80418-6996d8625c406.jpg"}
[2026-02-19 09:31:14] [INFO] Downloaded product image | Context: {"product_id":80418,"attachment_id":82720,"filename":"product-image-80418-6996d8625c307.jpg"}
[2026-02-19 09:31:15] [INFO] Downloaded product image | Context: {"product_id":80418,"attachment_id":82721,"filename":"product-image-80418-6996d862d5d39.jpg"}
[2026-02-19 09:31:15] [INFO] Downloaded product image | Context: {"product_id":80418,"attachment_id":82722,"filename":"product-image-80418-6996d862d5f56.jpg"}
[2026-02-19 09:31:15] [INFO] Downloaded product image | Context: {"product_id":80418,"attachment_id":82724,"filename":"product-image-80418-6996d86361bd2.jpg"}
[2026-02-19 09:31:15] [INFO] Downloaded product image | Context: {"product_id":80418,"attachment_id":82723,"filename":"product-image-80418-6996d86361a45.jpg"}
[2026-02-19 09:31:15] [INFO] Updated product | Context: {"external_id":1416793,"product_id":80418}
[2026-02-19 09:31:15] [INFO] Updated product | Context: {"external_id":1416793,"product_id":80418}
[2026-02-19 09:31:16] [INFO] Downloaded product image | Context: {"product_id":80419,"attachment_id":82725,"filename":"product-image-80419-6996d86411ff2.jpg"}
[2026-02-19 09:31:16] [INFO] Downloaded product image | Context: {"product_id":80419,"attachment_id":82726,"filename":"product-image-80419-6996d86411f44.jpg"}
[2026-02-19 09:31:16] [INFO] Downloaded product image | Context: {"product_id":80419,"attachment_id":82728,"filename":"product-image-80419-6996d86472b96.jpg"}
[2026-02-19 09:31:16] [INFO] Downloaded product image | Context: {"product_id":80419,"attachment_id":82727,"filename":"product-image-80419-6996d86473761.jpg"}
[2026-02-19 09:31:17] [INFO] Downloaded product image | Context: {"product_id":80419,"attachment_id":82729,"filename":"product-image-80419-6996d865173d7.jpg"}
[2026-02-19 09:31:17] [INFO] Downloaded product image | Context: {"product_id":80419,"attachment_id":82730,"filename":"product-image-80419-6996d865173d6.jpg"}
[2026-02-19 09:31:17] [INFO] Downloaded product image | Context: {"product_id":80419,"attachment_id":82732,"filename":"product-image-80419-6996d8658e910.jpg"}
[2026-02-19 09:31:17] [INFO] Downloaded product image | Context: {"product_id":80419,"attachment_id":82731,"filename":"product-image-80419-6996d8658e9b8.jpg"}
[2026-02-19 09:31:18] [INFO] Downloaded product image | Context: {"product_id":80419,"attachment_id":82733,"filename":"product-image-80419-6996d86619475.jpg"}
[2026-02-19 09:31:18] [INFO] Updated product | Context: {"external_id":1327851,"product_id":80419}
[2026-02-19 09:31:18] [INFO] Downloaded product image | Context: {"product_id":80419,"attachment_id":82734,"filename":"product-image-80419-6996d86619574.jpg"}
[2026-02-19 09:31:18] [INFO] Updated product | Context: {"external_id":1327851,"product_id":80419}
[2026-02-19 09:31:18] [INFO] Updated product | Context: {"external_id":1324056,"product_id":80420}
[2026-02-19 09:31:18] [INFO] Updated product | Context: {"external_id":1324056,"product_id":80420}
[2026-02-19 09:31:18] [INFO] Updated product | Context: {"external_id":1324051,"product_id":80421}
[2026-02-19 09:31:18] [INFO] Updated product | Context: {"external_id":1324051,"product_id":80421}
[2026-02-19 09:31:18] [INFO] Updated product | Context: {"external_id":1322281,"product_id":80416}
[2026-02-19 09:31:18] [INFO] Updated product | Context: {"external_id":1322281,"product_id":80416}
[2026-02-19 09:31:19] [INFO] Downloaded product image | Context: {"product_id":80427,"attachment_id":82735,"filename":"product-image-80427-6996d867593e8.jpg"}
[2026-02-19 09:31:19] [INFO] Downloaded product image | Context: {"product_id":80427,"attachment_id":82736,"filename":"product-image-80427-6996d86759475.jpg"}
[2026-02-19 09:31:20] [INFO] Downloaded product image | Context: {"product_id":80427,"attachment_id":82738,"filename":"product-image-80427-6996d867d290b.jpg"}
[2026-02-19 09:31:20] [INFO] Downloaded product image | Context: {"product_id":80427,"attachment_id":82737,"filename":"product-image-80427-6996d867d2a72.jpg"}
[2026-02-19 09:31:20] [INFO] Downloaded product image | Context: {"product_id":80427,"attachment_id":82740,"filename":"product-image-80427-6996d8683f2ec.jpg"}
[2026-02-19 09:31:20] [INFO] Downloaded product image | Context: {"product_id":80427,"attachment_id":82739,"filename":"product-image-80427-6996d8683f272.jpg"}
[2026-02-19 09:31:20] [INFO] Downloaded product image | Context: {"product_id":80427,"attachment_id":82741,"filename":"product-image-80427-6996d868a109c.jpg"}
[2026-02-19 09:31:20] [INFO] Updated product | Context: {"external_id":1267655,"product_id":80427}
[2026-02-19 09:31:20] [INFO] Downloaded product image | Context: {"product_id":80427,"attachment_id":82742,"filename":"product-image-80427-6996d868a1430.jpg"}
[2026-02-19 09:31:20] [INFO] Updated product | Context: {"external_id":1267655,"product_id":80427}
[2026-02-19 09:31:21] [INFO] Downloaded product image | Context: {"product_id":80438,"attachment_id":82743,"filename":"product-image-80438-6996d8694477b.jpg"}
[2026-02-19 09:31:21] [INFO] Downloaded product image | Context: {"product_id":80438,"attachment_id":82744,"filename":"product-image-80438-6996d869449ac.jpg"}
[2026-02-19 09:31:21] [INFO] Downloaded product image | Context: {"product_id":80438,"attachment_id":82745,"filename":"product-image-80438-6996d869c3b66.jpg"}
[2026-02-19 09:31:21] [INFO] Downloaded product image | Context: {"product_id":80438,"attachment_id":82746,"filename":"product-image-80438-6996d869c3e25.jpg"}
[2026-02-19 09:31:22] [INFO] Downloaded product image | Context: {"product_id":80438,"attachment_id":82747,"filename":"product-image-80438-6996d86a4a90f.jpg"}
[2026-02-19 09:31:22] [INFO] Downloaded product image | Context: {"product_id":80438,"attachment_id":82748,"filename":"product-image-80438-6996d86a4b066.jpg"}
[2026-02-19 09:31:22] [INFO] Downloaded product image | Context: {"product_id":80438,"attachment_id":82749,"filename":"product-image-80438-6996d86ac2dff.jpg"}
[2026-02-19 09:31:22] [INFO] Updated product | Context: {"external_id":1370740,"product_id":80438}
[2026-02-19 09:31:22] [INFO] Downloaded product image | Context: {"product_id":80438,"attachment_id":82750,"filename":"product-image-80438-6996d86ac3540.jpg"}
[2026-02-19 09:31:22] [INFO] Updated product | Context: {"external_id":1370740,"product_id":80438}
[2026-02-19 09:31:23] [INFO] Updated product | Context: {"external_id":1335204,"product_id":80430}
[2026-02-19 09:31:23] [INFO] Updated product | Context: {"external_id":1335204,"product_id":80430}
[2026-02-19 09:31:23] [INFO] Updated product | Context: {"external_id":1335201,"product_id":80443}
[2026-02-19 09:31:23] [INFO] Updated product | Context: {"external_id":1335201,"product_id":80443}
[2026-02-19 09:31:23] [INFO] Updated product | Context: {"external_id":1324215,"product_id":80446}
[2026-02-19 09:31:23] [INFO] Updated product | Context: {"external_id":1324215,"product_id":80446}
[2026-02-19 09:31:23] [INFO] Updated product | Context: {"external_id":1324048,"product_id":80434}
[2026-02-19 09:31:23] [INFO] Updated product | Context: {"external_id":1324048,"product_id":80434}
[2026-02-19 09:31:24] [INFO] Downloaded product image | Context: {"product_id":80448,"attachment_id":82751,"filename":"product-image-80448-6996d86c263ef.jpg"}
[2026-02-19 09:31:24] [INFO] Downloaded product image | Context: {"product_id":80448,"attachment_id":82752,"filename":"product-image-80448-6996d86c26366.jpg"}
[2026-02-19 09:31:24] [INFO] Downloaded product image | Context: {"product_id":80448,"attachment_id":82753,"filename":"product-image-80448-6996d86c9d381.jpg"}
[2026-02-19 09:31:24] [INFO] Downloaded product image | Context: {"product_id":80448,"attachment_id":82754,"filename":"product-image-80448-6996d86c9d5e3.jpg"}
[2026-02-19 09:31:25] [INFO] Downloaded product image | Context: {"product_id":80448,"attachment_id":82756,"filename":"product-image-80448-6996d86cf36da.jpg"}
[2026-02-19 09:31:25] [INFO] Updated product | Context: {"external_id":1308019,"product_id":80448}
[2026-02-19 09:31:25] [INFO] Downloaded product image | Context: {"product_id":80448,"attachment_id":82755,"filename":"product-image-80448-6996d86cf3654.jpg"}
[2026-02-19 09:31:25] [INFO] Updated product | Context: {"external_id":1308019,"product_id":80448}
[2026-02-19 09:31:25] [INFO] Downloaded product image | Context: {"product_id":80473,"attachment_id":82758,"filename":"product-image-80473-6996d86d9cf55.jpg"}
[2026-02-19 09:31:25] [INFO] Downloaded product image | Context: {"product_id":80473,"attachment_id":82757,"filename":"product-image-80473-6996d86d9cd56.jpg"}
[2026-02-19 09:31:26] [INFO] Downloaded product image | Context: {"product_id":80473,"attachment_id":82759,"filename":"product-image-80473-6996d86e1dd42.jpg"}
[2026-02-19 09:31:26] [INFO] Downloaded product image | Context: {"product_id":80473,"attachment_id":82760,"filename":"product-image-80473-6996d86e1e1d3.jpg"}
[2026-02-19 09:31:26] [INFO] Downloaded product image | Context: {"product_id":80473,"attachment_id":82761,"filename":"product-image-80473-6996d86e8d08c.jpg"}
[2026-02-19 09:31:26] [INFO] Downloaded product image | Context: {"product_id":80473,"attachment_id":82762,"filename":"product-image-80473-6996d86e8d21c.jpg"}
[2026-02-19 09:31:27] [INFO] Downloaded product image | Context: {"product_id":80473,"attachment_id":82763,"filename":"product-image-80473-6996d86f03dfd.jpg"}
[2026-02-19 09:31:27] [INFO] Updated product | Context: {"external_id":1286175,"product_id":80473}
[2026-02-19 09:31:27] [INFO] Downloaded product image | Context: {"product_id":80473,"attachment_id":82764,"filename":"product-image-80473-6996d86f043ab.jpg"}
[2026-02-19 09:31:27] [INFO] Updated product | Context: {"external_id":1286175,"product_id":80473}
[2026-02-19 09:31:27] [INFO] Downloaded product image | Context: {"product_id":80452,"attachment_id":82765,"filename":"product-image-80452-6996d86f96b6d.jpg"}
[2026-02-19 09:31:27] [INFO] Downloaded product image | Context: {"product_id":80452,"attachment_id":82766,"filename":"product-image-80452-6996d86f96d3a.jpg"}
[2026-02-19 09:31:28] [INFO] Downloaded product image | Context: {"product_id":80452,"attachment_id":82767,"filename":"product-image-80452-6996d87013f8c.jpg"}
[2026-02-19 09:31:28] [INFO] Downloaded product image | Context: {"product_id":80452,"attachment_id":82768,"filename":"product-image-80452-6996d87014c88.jpg"}
[2026-02-19 09:31:28] [INFO] Downloaded product image | Context: {"product_id":80452,"attachment_id":82770,"filename":"product-image-80452-6996d8707dfef.jpg"}
[2026-02-19 09:31:28] [INFO] Downloaded product image | Context: {"product_id":80452,"attachment_id":82769,"filename":"product-image-80452-6996d8707deab.jpg"}
[2026-02-19 09:31:29] [INFO] Downloaded product image | Context: {"product_id":80452,"attachment_id":82772,"filename":"product-image-80452-6996d87116179.jpg"}
[2026-02-19 09:31:29] [INFO] Updated product | Context: {"external_id":1366041,"product_id":80452}
[2026-02-19 09:31:29] [INFO] Downloaded product image | Context: {"product_id":80452,"attachment_id":82771,"filename":"product-image-80452-6996d871161ba.jpg"}
[2026-02-19 09:31:29] [INFO] Updated product | Context: {"external_id":1366041,"product_id":80452}
[2026-02-19 09:31:29] [INFO] Updated product | Context: {"external_id":1366040,"product_id":80453}
[2026-02-19 09:31:29] [INFO] Updated product | Context: {"external_id":1366040,"product_id":80453}
[2026-02-19 09:31:30] [INFO] Downloaded product image | Context: {"product_id":80458,"attachment_id":82773,"filename":"product-image-80458-6996d871e27ac.jpg"}
[2026-02-19 09:31:30] [INFO] Downloaded product image | Context: {"product_id":80458,"attachment_id":82774,"filename":"product-image-80458-6996d871e2840.jpg"}
[2026-02-19 09:31:30] [INFO] Updated product | Context: {"external_id":1357398,"product_id":80458}
[2026-02-19 09:31:30] [INFO] Updated product | Context: {"external_id":1357398,"product_id":80458}
[2026-02-19 09:31:30] [INFO] Updated product | Context: {"external_id":1341267,"product_id":80441}
[2026-02-19 09:31:30] [INFO] Updated product | Context: {"external_id":1341267,"product_id":80441}
[2026-02-19 09:31:30] [INFO] Updated product | Context: {"external_id":1341266,"product_id":80463}
[2026-02-19 09:31:30] [INFO] Updated product | Context: {"external_id":1341266,"product_id":80463}
[2026-02-19 09:31:30] [INFO] Updated product | Context: {"external_id":1335209,"product_id":80429}
[2026-02-19 09:31:30] [INFO] Updated product | Context: {"external_id":1335209,"product_id":80429}
[2026-02-19 09:31:31] [INFO] Downloaded product image | Context: {"product_id":80444,"attachment_id":82775,"filename":"product-image-80444-6996d8731ea7b.jpg"}
[2026-02-19 09:31:31] [INFO] Downloaded product image | Context: {"product_id":80444,"attachment_id":82776,"filename":"product-image-80444-6996d8731eb9f.jpg"}
[2026-02-19 09:31:31] [INFO] Downloaded product image | Context: {"product_id":80444,"attachment_id":82777,"filename":"product-image-80444-6996d87398748.jpg"}
[2026-02-19 09:31:31] [INFO] Downloaded product image | Context: {"product_id":80444,"attachment_id":82778,"filename":"product-image-80444-6996d873987ce.jpg"}
[2026-02-19 09:31:32] [INFO] Downloaded product image | Context: {"product_id":80444,"attachment_id":82779,"filename":"product-image-80444-6996d8740a637.jpg"}
[2026-02-19 09:31:32] [INFO] Downloaded product image | Context: {"product_id":80444,"attachment_id":82780,"filename":"product-image-80444-6996d8740a5bf.jpg"}
[2026-02-19 09:31:32] [INFO] Downloaded product image | Context: {"product_id":80444,"attachment_id":82782,"filename":"product-image-80444-6996d87475f30.jpg"}
[2026-02-19 09:31:32] [INFO] Updated product | Context: {"external_id":1333972,"product_id":80444}
[2026-02-19 09:31:32] [INFO] Downloaded product image | Context: {"product_id":80444,"attachment_id":82781,"filename":"product-image-80444-6996d87475eee.jpg"}
[2026-02-19 09:31:32] [INFO] Updated product | Context: {"external_id":1333972,"product_id":80444}
[2026-02-19 09:31:32] [INFO] Updated product | Context: {"external_id":1322397,"product_id":80447}
[2026-02-19 09:31:32] [INFO] Updated product | Context: {"external_id":1322397,"product_id":80447}
[2026-02-19 09:31:32] [INFO] Updated product | Context: {"external_id":1322274,"product_id":80437}
[2026-02-19 09:31:32] [INFO] Updated product | Context: {"external_id":1322274,"product_id":80437}
[2026-02-19 09:31:33] [INFO] Downloaded product image | Context: {"product_id":82783,"attachment_id":82785,"filename":"product-image-82783-6996d87579e6e.jpg"}
[2026-02-19 09:31:33] [INFO] Downloaded product image | Context: {"product_id":82784,"attachment_id":82786,"filename":"product-image-82784-6996d87579e07.jpg"}
[2026-02-19 09:31:34] [INFO] Downloaded product image | Context: {"product_id":82783,"attachment_id":82787,"filename":"product-image-82783-6996d875f3148.jpg"}
[2026-02-19 09:31:34] [INFO] Created product | Context: {"external_id":1487454,"product_id":82783}
[2026-02-19 09:31:34] [INFO] Downloaded product image | Context: {"product_id":82784,"attachment_id":82788,"filename":"product-image-82784-6996d875f2e7a.jpg"}
[2026-02-19 09:31:34] [INFO] Created product | Context: {"external_id":1487454,"product_id":82784}
[2026-02-19 09:31:34] [INFO] Created product | Context: {"external_id":1487453,"product_id":82789}
[2026-02-19 09:31:34] [INFO] Created product | Context: {"external_id":1487453,"product_id":82790}
[2026-02-19 09:31:34] [INFO] Created product | Context: {"external_id":1487452,"product_id":82791}
[2026-02-19 09:31:34] [INFO] Created product | Context: {"external_id":1487452,"product_id":82792}
[2026-02-19 09:31:34] [INFO] Created product | Context: {"external_id":1487451,"product_id":82793}
[2026-02-19 09:31:34] [INFO] Created product | Context: {"external_id":1487451,"product_id":82794}
[2026-02-19 09:31:34] [INFO] Created product | Context: {"external_id":1487450,"product_id":82795}
[2026-02-19 09:31:34] [INFO] Created product | Context: {"external_id":1487450,"product_id":82796}
[2026-02-19 09:31:35] [INFO] Created product | Context: {"external_id":1487449,"product_id":82797}
[2026-02-19 09:31:35] [INFO] Created product | Context: {"external_id":1487449,"product_id":82798}
[2026-02-19 09:31:35] [INFO] Created product | Context: {"external_id":1487229,"product_id":82799}
[2026-02-19 09:31:35] [INFO] Created product | Context: {"external_id":1487229,"product_id":82800}
[2026-02-19 09:31:35] [INFO] Created product | Context: {"external_id":1487228,"product_id":82801}
[2026-02-19 09:31:35] [INFO] Created product | Context: {"external_id":1487228,"product_id":82802}
[2026-02-19 09:31:35] [INFO] Created product | Context: {"external_id":1487227,"product_id":82803}
[2026-02-19 09:31:35] [INFO] Batch processed | Context: {"offset":3400,"total":3431}
[2026-02-19 09:31:35] [INFO] Created product | Context: {"external_id":1487227,"product_id":82804}
[2026-02-19 09:31:35] [INFO] Batch processed | Context: {"offset":3400,"total":3431}
[2026-02-19 09:31:36] [INFO] Created product | Context: {"external_id":1487226,"product_id":82805}
[2026-02-19 09:31:36] [ERROR] Error mapping product | Context: {"external_id":1487226,"error":"Invalid or duplicated SKU."}
[2026-02-19 09:31:36] [ERROR] Failed to create product | Context: {"external_id":1487226,"error":"Invalid or duplicated SKU."}
[2026-02-19 09:31:36] [ERROR] Error mapping product | Context: {"external_id":1487225,"error":"Invalid or duplicated SKU."}
[2026-02-19 09:31:36] [ERROR] Failed to create product | Context: {"external_id":1487225,"error":"Invalid or duplicated SKU."}
[2026-02-19 09:31:36] [INFO] Created product | Context: {"external_id":1487225,"product_id":82806}
[2026-02-19 09:31:36] [INFO] Created product | Context: {"external_id":1487224,"product_id":82807}
[2026-02-19 09:31:36] [INFO] Created product | Context: {"external_id":1487224,"product_id":82808}
[2026-02-19 09:31:37] [INFO] Created product | Context: {"external_id":1487218,"product_id":82809}
[2026-02-19 09:31:37] [INFO] Created product | Context: {"external_id":1487218,"product_id":82810}
[2026-02-19 09:31:37] [INFO] Downloaded product image | Context: {"product_id":82811,"attachment_id":82813,"filename":"product-image-82811-6996d87992aad.jpg"}
[2026-02-19 09:31:37] [INFO] Downloaded product image | Context: {"product_id":82812,"attachment_id":82814,"filename":"product-image-82812-6996d8799285b.jpg"}
[2026-02-19 09:31:38] [INFO] Downloaded product image | Context: {"product_id":82811,"attachment_id":82815,"filename":"product-image-82811-6996d87a18b3b.jpg"}
[2026-02-19 09:31:38] [INFO] Downloaded product image | Context: {"product_id":82812,"attachment_id":82816,"filename":"product-image-82812-6996d87a18da5.jpg"}
[2026-02-19 09:31:38] [INFO] Downloaded product image | Context: {"product_id":82812,"attachment_id":82817,"filename":"product-image-82812-6996d87a9c8e3.jpg"}
[2026-02-19 09:31:38] [INFO] Downloaded product image | Context: {"product_id":82811,"attachment_id":82818,"filename":"product-image-82811-6996d87a9c8e9.jpg"}
[2026-02-19 09:31:39] [INFO] Downloaded product image | Context: {"product_id":82811,"attachment_id":82820,"filename":"product-image-82811-6996d87b1cf8e.jpg"}
[2026-02-19 09:31:39] [INFO] Created product | Context: {"external_id":1487217,"product_id":82811}
[2026-02-19 09:31:39] [INFO] Downloaded product image | Context: {"product_id":82812,"attachment_id":82819,"filename":"product-image-82812-6996d87b1ca49.jpg"}
[2026-02-19 09:31:39] [INFO] Created product | Context: {"external_id":1487217,"product_id":82812}
[2026-02-19 09:31:39] [INFO] Created product | Context: {"external_id":1487216,"product_id":82821}
[2026-02-19 09:31:39] [INFO] Created product | Context: {"external_id":1487216,"product_id":82822}
[2026-02-19 09:31:40] [INFO] Downloaded product image | Context: {"product_id":82823,"attachment_id":82825,"filename":"product-image-82823-6996d87c09a25.jpg"}
[2026-02-19 09:31:40] [INFO] Downloaded product image | Context: {"product_id":82824,"attachment_id":82826,"filename":"product-image-82824-6996d87c097f0.jpg"}
[2026-02-19 09:31:40] [INFO] Downloaded product image | Context: {"product_id":82823,"attachment_id":82827,"filename":"product-image-82823-6996d87c78e4c.jpg"}
[2026-02-19 09:31:40] [INFO] Downloaded product image | Context: {"product_id":82824,"attachment_id":82828,"filename":"product-image-82824-6996d87c78e76.jpg"}
[2026-02-19 09:31:41] [INFO] Downloaded product image | Context: {"product_id":82823,"attachment_id":82829,"filename":"product-image-82823-6996d87cea31c.jpg"}
[2026-02-19 09:31:41] [INFO] Downloaded product image | Context: {"product_id":82824,"attachment_id":82830,"filename":"product-image-82824-6996d87cea341.jpg"}
[2026-02-19 09:31:41] [INFO] Downloaded product image | Context: {"product_id":82824,"attachment_id":82831,"filename":"product-image-82824-6996d87d8a0f9.jpg"}
[2026-02-19 09:31:41] [INFO] Downloaded product image | Context: {"product_id":82823,"attachment_id":82832,"filename":"product-image-82823-6996d87d8a238.jpg"}
[2026-02-19 09:31:42] [INFO] Downloaded product image | Context: {"product_id":82824,"attachment_id":82834,"filename":"product-image-82824-6996d87e140c9.jpg"}
[2026-02-19 09:31:42] [INFO] Created product | Context: {"external_id":1487214,"product_id":82824}
[2026-02-19 09:31:42] [INFO] Downloaded product image | Context: {"product_id":82823,"attachment_id":82833,"filename":"product-image-82823-6996d87e14173.jpg"}
[2026-02-19 09:31:42] [INFO] Created product | Context: {"external_id":1487214,"product_id":82823}
[2026-02-19 09:31:42] [INFO] Created product | Context: {"external_id":1487058,"product_id":82836}
[2026-02-19 09:31:42] [INFO] Created product | Context: {"external_id":1487058,"product_id":82835}
[2026-02-19 09:31:42] [INFO] Created product | Context: {"external_id":1487057,"product_id":82838}
[2026-02-19 09:31:42] [INFO] Created product | Context: {"external_id":1487057,"product_id":82837}
[2026-02-19 09:31:42] [INFO] Created product | Context: {"external_id":1487055,"product_id":82839}
[2026-02-19 09:31:42] [INFO] Created product | Context: {"external_id":1487055,"product_id":82840}
[2026-02-19 09:31:43] [INFO] Downloaded product image | Context: {"product_id":80454,"attachment_id":82841,"filename":"product-image-80454-6996d87f67a5c.jpg"}
[2026-02-19 09:31:43] [INFO] Downloaded product image | Context: {"product_id":80454,"attachment_id":82842,"filename":"product-image-80454-6996d87f67ad3.jpg"}
[2026-02-19 09:31:44] [INFO] Downloaded product image | Context: {"product_id":80454,"attachment_id":82844,"filename":"product-image-80454-6996d87fd6b4b.jpg"}
[2026-02-19 09:31:44] [INFO] Downloaded product image | Context: {"product_id":80454,"attachment_id":82843,"filename":"product-image-80454-6996d87fd6773.jpg"}
[2026-02-19 09:31:44] [INFO] Downloaded product image | Context: {"product_id":80454,"attachment_id":82846,"filename":"product-image-80454-6996d88057fec.jpg"}
[2026-02-19 09:31:44] [INFO] Downloaded product image | Context: {"product_id":80454,"attachment_id":82845,"filename":"product-image-80454-6996d88057d07.jpg"}
[2026-02-19 09:31:44] [INFO] Downloaded product image | Context: {"product_id":80454,"attachment_id":82848,"filename":"product-image-80454-6996d880b8cd1.jpg"}
[2026-02-19 09:31:44] [INFO] Downloaded product image | Context: {"product_id":80454,"attachment_id":82847,"filename":"product-image-80454-6996d880b8b47.jpg"}
[2026-02-19 09:31:44] [INFO] Updated product | Context: {"external_id":1365993,"product_id":80454}
[2026-02-19 09:31:44] [INFO] Updated product | Context: {"external_id":1365993,"product_id":80454}
[2026-02-19 09:31:45] [INFO] Downloaded product image | Context: {"product_id":80455,"attachment_id":82850,"filename":"product-image-80455-6996d8816b012.jpg"}
[2026-02-19 09:31:45] [INFO] Downloaded product image | Context: {"product_id":80455,"attachment_id":82849,"filename":"product-image-80455-6996d8816ad0a.jpg"}
[2026-02-19 09:31:46] [INFO] Downloaded product image | Context: {"product_id":80455,"attachment_id":82851,"filename":"product-image-80455-6996d881d203a.jpg"}
[2026-02-19 09:31:46] [INFO] Downloaded product image | Context: {"product_id":80455,"attachment_id":82852,"filename":"product-image-80455-6996d881d2572.jpg"}
[2026-02-19 09:31:46] [INFO] Downloaded product image | Context: {"product_id":80455,"attachment_id":82854,"filename":"product-image-80455-6996d88257d3a.jpg"}
[2026-02-19 09:31:46] [INFO] Downloaded product image | Context: {"product_id":80455,"attachment_id":82853,"filename":"product-image-80455-6996d88257b95.jpg"}
[2026-02-19 09:31:47] [INFO] Downloaded product image | Context: {"product_id":80455,"attachment_id":82856,"filename":"product-image-80455-6996d882e3a85.jpg"}
[2026-02-19 09:31:47] [INFO] Updated product | Context: {"external_id":1365965,"product_id":80455}
[2026-02-19 09:31:47] [INFO] Downloaded product image | Context: {"product_id":80455,"attachment_id":82855,"filename":"product-image-80455-6996d882e39ad.jpg"}
[2026-02-19 09:31:47] [INFO] Updated product | Context: {"external_id":1365965,"product_id":80455}
[2026-02-19 09:31:47] [INFO] Downloaded product image | Context: {"product_id":80456,"attachment_id":82857,"filename":"product-image-80456-6996d88382be4.jpg"}
[2026-02-19 09:31:47] [INFO] Downloaded product image | Context: {"product_id":80456,"attachment_id":82858,"filename":"product-image-80456-6996d88382a68.jpg"}
[2026-02-19 09:31:48] [INFO] Downloaded product image | Context: {"product_id":80456,"attachment_id":82860,"filename":"product-image-80456-6996d88414e23.jpg"}
[2026-02-19 09:31:48] [INFO] Downloaded product image | Context: {"product_id":80456,"attachment_id":82859,"filename":"product-image-80456-6996d8841472a.jpg"}
[2026-02-19 09:31:48] [INFO] Downloaded product image | Context: {"product_id":80456,"attachment_id":82861,"filename":"product-image-80456-6996d8848419b.jpg"}
[2026-02-19 09:31:48] [INFO] Downloaded product image | Context: {"product_id":80456,"attachment_id":82862,"filename":"product-image-80456-6996d88484497.jpg"}
[2026-02-19 09:31:49] [INFO] Downloaded product image | Context: {"product_id":80456,"attachment_id":82863,"filename":"product-image-80456-6996d885103f4.jpg"}
[2026-02-19 09:31:49] [INFO] Updated product | Context: {"external_id":1365928,"product_id":80456}
[2026-02-19 09:31:49] [INFO] Downloaded product image | Context: {"product_id":80456,"attachment_id":82864,"filename":"product-image-80456-6996d8851082b.jpg"}
[2026-02-19 09:31:49] [INFO] Updated product | Context: {"external_id":1365928,"product_id":80456}
[2026-02-19 09:31:49] [INFO] Updated product | Context: {"external_id":1365924,"product_id":80457}
[2026-02-19 09:31:49] [INFO] Updated product | Context: {"external_id":1365924,"product_id":80457}
[2026-02-19 09:31:49] [INFO] Updated product | Context: {"external_id":1357387,"product_id":80440}
[2026-02-19 09:31:49] [INFO] Updated product | Context: {"external_id":1357387,"product_id":80440}
[2026-02-19 09:31:49] [INFO] Updated product | Context: {"external_id":1341270,"product_id":80460}
[2026-02-19 09:31:49] [INFO] Updated product | Context: {"external_id":1341270,"product_id":80460}
[2026-02-19 09:31:49] [INFO] Updated product | Context: {"external_id":1341269,"product_id":80461}
[2026-02-19 09:31:49] [INFO] Updated product | Context: {"external_id":1341269,"product_id":80461}
[2026-02-19 09:31:50] [INFO] Updated product | Context: {"external_id":1341268,"product_id":80462}
[2026-02-19 09:31:50] [INFO] Updated product | Context: {"external_id":1341268,"product_id":80462}
[2026-02-19 09:31:50] [INFO] Updated product | Context: {"external_id":1335208,"product_id":80464}
[2026-02-19 09:31:50] [INFO] Updated product | Context: {"external_id":1335208,"product_id":80464}
[2026-02-19 09:31:50] [INFO] Updated product | Context: {"external_id":1335207,"product_id":80465}
[2026-02-19 09:31:50] [INFO] Updated product | Context: {"external_id":1335207,"product_id":80465}
[2026-02-19 09:31:50] [INFO] Updated product | Context: {"external_id":1335206,"product_id":80466}
[2026-02-19 09:31:50] [INFO] Updated product | Context: {"external_id":1335206,"product_id":80466}
[2026-02-19 09:31:50] [INFO] Updated product | Context: {"external_id":1335203,"product_id":80467}
[2026-02-19 09:31:50] [INFO] Updated product | Context: {"external_id":1335203,"product_id":80467}
[2026-02-19 09:31:51] [INFO] Updated product | Context: {"external_id":1335202,"product_id":80442}
[2026-02-19 09:31:51] [INFO] Updated product | Context: {"external_id":1335202,"product_id":80442}
[2026-02-19 09:31:51] [INFO] Updated product | Context: {"external_id":1327850,"product_id":80468}
[2026-02-19 09:31:51] [INFO] Updated product | Context: {"external_id":1327850,"product_id":80468}
[2026-02-19 09:31:51] [INFO] Updated product | Context: {"external_id":1327849,"product_id":80469}
[2026-02-19 09:31:51] [INFO] Updated product | Context: {"external_id":1327849,"product_id":80469}
[2026-02-19 09:31:51] [INFO] Updated product | Context: {"external_id":1324055,"product_id":80470}
[2026-02-19 09:31:51] [INFO] Updated product | Context: {"external_id":1324055,"product_id":80470}
[2026-02-19 09:31:51] [INFO] Updated product | Context: {"external_id":1322401,"product_id":80471}
[2026-02-19 09:31:51] [INFO] Updated product | Context: {"external_id":1322401,"product_id":80471}
[2026-02-19 09:31:52] [INFO] Downloaded product image | Context: {"product_id":82866,"attachment_id":82867,"filename":"product-image-82866-6996d8884b02f.jpg"}
[2026-02-19 09:31:52] [INFO] Created product | Context: {"external_id":1316150,"product_id":82866}
[2026-02-19 09:31:52] [INFO] Downloaded product image | Context: {"product_id":82865,"attachment_id":82868,"filename":"product-image-82865-6996d8884b182.jpg"}
[2026-02-19 09:31:52] [INFO] Created product | Context: {"external_id":1316150,"product_id":82865}
[2026-02-19 09:31:52] [INFO] Created product | Context: {"external_id":1308020,"product_id":82869}
[2026-02-19 09:31:52] [INFO] Created product | Context: {"external_id":1308020,"product_id":82870}
[2026-02-19 09:31:53] [INFO] Downloaded product image | Context: {"product_id":80450,"attachment_id":82871,"filename":"product-image-80450-6996d88917ab3.jpg"}
[2026-02-19 09:31:53] [INFO] Downloaded product image | Context: {"product_id":80450,"attachment_id":82872,"filename":"product-image-80450-6996d88917d85.jpg"}
[2026-02-19 09:31:53] [INFO] Downloaded product image | Context: {"product_id":80450,"attachment_id":82873,"filename":"product-image-80450-6996d88996119.jpg"}
[2026-02-19 09:31:53] [INFO] Downloaded product image | Context: {"product_id":80450,"attachment_id":82874,"filename":"product-image-80450-6996d889963ea.jpg"}
[2026-02-19 09:31:54] [INFO] Downloaded product image | Context: {"product_id":80450,"attachment_id":82876,"filename":"product-image-80450-6996d88a186fa.jpg"}
[2026-02-19 09:31:54] [INFO] Downloaded product image | Context: {"product_id":80450,"attachment_id":82875,"filename":"product-image-80450-6996d88a1861a.jpg"}
[2026-02-19 09:31:54] [INFO] Downloaded product image | Context: {"product_id":80450,"attachment_id":82878,"filename":"product-image-80450-6996d88a90497.jpg"}
[2026-02-19 09:31:54] [INFO] Updated product | Context: {"external_id":1295907,"product_id":80450}
[2026-02-19 09:31:54] [INFO] Downloaded product image | Context: {"product_id":80450,"attachment_id":82877,"filename":"product-image-80450-6996d88a902de.jpg"}
[2026-02-19 09:31:54] [INFO] Updated product | Context: {"external_id":1295907,"product_id":80450}
[2026-02-19 09:31:55] [INFO] Downloaded product image | Context: {"product_id":82879,"attachment_id":82882,"filename":"product-image-82879-6996d88b4f7e2.jpg"}
[2026-02-19 09:31:55] [INFO] Downloaded product image | Context: {"product_id":82880,"attachment_id":82881,"filename":"product-image-82880-6996d88b4f4d1.jpg"}
[2026-02-19 09:31:55] [INFO] Downloaded product image | Context: {"product_id":82880,"attachment_id":82883,"filename":"product-image-82880-6996d88bc46b7.jpg"}
[2026-02-19 09:31:55] [INFO] Downloaded product image | Context: {"product_id":82879,"attachment_id":82884,"filename":"product-image-82879-6996d88bc451f.jpg"}
[2026-02-19 09:31:56] [INFO] Downloaded product image | Context: {"product_id":82879,"attachment_id":82885,"filename":"product-image-82879-6996d88c2ff14.jpg"}
[2026-02-19 09:31:56] [INFO] Downloaded product image | Context: {"product_id":82880,"attachment_id":82886,"filename":"product-image-82880-6996d88c2ff55.jpg"}
[2026-02-19 09:31:56] [INFO] Downloaded product image | Context: {"product_id":82879,"attachment_id":82887,"filename":"product-image-82879-6996d88c8beb8.jpg"}
[2026-02-19 09:31:56] [INFO] Created product | Context: {"external_id":1288213,"product_id":82879}
[2026-02-19 09:31:56] [INFO] Batch processed | Context: {"offset":3431,"total":3431}
[2026-02-19 09:31:56] [INFO] Downloaded product image | Context: {"product_id":82880,"attachment_id":82888,"filename":"product-image-82880-6996d88c8c0dd.jpg"}
[2026-02-19 09:31:56] [INFO] Created product | Context: {"external_id":1288213,"product_id":82880}
[2026-02-19 09:31:56] [INFO] Batch processed | Context: {"offset":3431,"total":3431}
[2026-02-19 09:31:57] [INFO] Products batch complete | Context: {"processed":3431}
[2026-02-19 09:31:58] [INFO] Trashed product | Context: {"external_id":1351963,"product_id":77257}
[2026-02-19 09:31:58] [INFO] Trashed product | Context: {"external_id":1351963,"product_id":77257}
[2026-02-19 09:31:58] [INFO] Trashed product | Context: {"external_id":1356205,"product_id":77301}
[2026-02-19 09:31:58] [INFO] Trashed product | Context: {"external_id":1346836,"product_id":77306}
[2026-02-19 09:31:58] [INFO] Trashed product | Context: {"external_id":1356205,"product_id":77301}
[2026-02-19 09:31:58] [INFO] Trashed product | Context: {"external_id":1346836,"product_id":77306}
[2026-02-19 09:31:59] [INFO] Trashed product | Context: {"external_id":1317345,"product_id":77310}
[2026-02-19 09:31:59] [INFO] Trashed product | Context: {"external_id":1317345,"product_id":77310}
[2026-02-19 09:31:59] [INFO] Trashed product | Context: {"external_id":1338731,"product_id":77352}
[2026-02-19 09:31:59] [INFO] Trashed product | Context: {"external_id":1338731,"product_id":77352}
[2026-02-19 09:31:59] [INFO] Trashed product | Context: {"external_id":1358757,"product_id":77411}
[2026-02-19 09:31:59] [INFO] Trashed product | Context: {"external_id":1358757,"product_id":77411}
[2026-02-19 09:31:59] [INFO] Trashed product | Context: {"external_id":1338734,"product_id":77454}
[2026-02-19 09:31:59] [INFO] Trashed product | Context: {"external_id":1338734,"product_id":77454}
[2026-02-19 09:32:00] [INFO] Trashed product | Context: {"external_id":1472116,"product_id":77560}
[2026-02-19 09:32:00] [INFO] Trashed product | Context: {"external_id":1472116,"product_id":77560}
[2026-02-19 09:32:00] [INFO] Trashed product | Context: {"external_id":1358759,"product_id":77635}
[2026-02-19 09:32:00] [INFO] Trashed product | Context: {"external_id":1358759,"product_id":77635}
[2026-02-19 09:32:00] [INFO] Trashed product | Context: {"external_id":1358758,"product_id":77636}
[2026-02-19 09:32:00] [INFO] Trashed product | Context: {"external_id":1358758,"product_id":77636}
[2026-02-19 09:32:01] [INFO] Trashed product | Context: {"external_id":1358756,"product_id":77637}
[2026-02-19 09:32:01] [INFO] Trashed product | Context: {"external_id":1358756,"product_id":77637}
[2026-02-19 09:32:01] [INFO] Trashed product | Context: {"external_id":1358755,"product_id":77638}
[2026-02-19 09:32:01] [INFO] Trashed product | Context: {"external_id":1358755,"product_id":77638}
[2026-02-19 09:32:01] [INFO] Trashed product | Context: {"external_id":1358754,"product_id":77639}
[2026-02-19 09:32:01] [INFO] Trashed product | Context: {"external_id":1358754,"product_id":77639}
[2026-02-19 09:32:02] [INFO] Trashed product | Context: {"external_id":1358752,"product_id":77640}
[2026-02-19 09:32:02] [INFO] Trashed product | Context: {"external_id":1358752,"product_id":77640}
[2026-02-19 09:32:02] [INFO] Trashed product | Context: {"external_id":1338733,"product_id":77759}
[2026-02-19 09:32:02] [INFO] Trashed product | Context: {"external_id":1338733,"product_id":77759}
[2026-02-19 09:32:02] [INFO] Trashed product | Context: {"external_id":1335839,"product_id":77764}
[2026-02-19 09:32:02] [INFO] Trashed product | Context: {"external_id":1335839,"product_id":77764}
[2026-02-19 09:32:03] [INFO] Trashed product | Context: {"external_id":1321083,"product_id":77770}
[2026-02-19 09:32:03] [INFO] Trashed product | Context: {"external_id":1321083,"product_id":77770}
[2026-02-19 09:32:03] [INFO] Trashed product | Context: {"external_id":1307417,"product_id":77773}
[2026-02-19 09:32:03] [INFO] Trashed product | Context: {"external_id":1307417,"product_id":77773}
[2026-02-19 09:32:03] [INFO] Trashed product | Context: {"external_id":1329412,"product_id":77789}
[2026-02-19 09:32:03] [INFO] Trashed product | Context: {"external_id":1329412,"product_id":77789}
[2026-02-19 09:32:04] [INFO] Trashed product | Context: {"external_id":1364856,"product_id":77800}
[2026-02-19 09:32:04] [INFO] Trashed product | Context: {"external_id":1364856,"product_id":77800}
[2026-02-19 09:32:04] [INFO] Trashed product | Context: {"external_id":1335181,"product_id":77822}
[2026-02-19 09:32:04] [INFO] Trashed product | Context: {"external_id":1335181,"product_id":77822}
[2026-02-19 09:32:04] [INFO] Trashed product | Context: {"external_id":1345012,"product_id":77824}
[2026-02-19 09:32:04] [INFO] Trashed product | Context: {"external_id":1345012,"product_id":77824}
[2026-02-19 09:32:05] [INFO] Trashed product | Context: {"external_id":1358172,"product_id":77826}
[2026-02-19 09:32:05] [INFO] Trashed product | Context: {"external_id":1358172,"product_id":77826}
[2026-02-19 09:32:05] [INFO] Trashed product | Context: {"external_id":1370792,"product_id":77833}
[2026-02-19 09:32:05] [INFO] Trashed product | Context: {"external_id":1370792,"product_id":77833}
[2026-02-19 09:32:05] [INFO] Trashed product | Context: {"external_id":1474759,"product_id":77849}
[2026-02-19 09:32:05] [INFO] Trashed product | Context: {"external_id":1474759,"product_id":77849}
[2026-02-19 09:32:06] [INFO] Trashed product | Context: {"external_id":1364857,"product_id":77856}
[2026-02-19 09:32:06] [INFO] Trashed product | Context: {"external_id":1364857,"product_id":77856}
[2026-02-19 09:32:06] [INFO] Trashed product | Context: {"external_id":1321086,"product_id":77858}
[2026-02-19 09:32:06] [INFO] Trashed product | Context: {"external_id":1321086,"product_id":77858}
[2026-02-19 09:32:06] [INFO] Trashed product | Context: {"external_id":1472822,"product_id":77931}
[2026-02-19 09:32:07] [INFO] Trashed product | Context: {"external_id":1472822,"product_id":77931}
[2026-02-19 09:32:07] [INFO] Trashed product | Context: {"external_id":1356029,"product_id":77935}
[2026-02-19 09:32:07] [INFO] Trashed product | Context: {"external_id":1356029,"product_id":77935}
[2026-02-19 09:32:07] [INFO] Trashed product | Context: {"external_id":1327059,"product_id":77957}
[2026-02-19 09:32:07] [INFO] Trashed product | Context: {"external_id":1327059,"product_id":77957}
[2026-02-19 09:32:08] [INFO] Trashed product | Context: {"external_id":1330352,"product_id":77977}
[2026-02-19 09:32:08] [INFO] Trashed product | Context: {"external_id":1330352,"product_id":77977}
[2026-02-19 09:32:08] [INFO] Trashed product | Context: {"external_id":1472907,"product_id":77985}
[2026-02-19 09:32:08] [INFO] Trashed product | Context: {"external_id":1472907,"product_id":77985}
[2026-02-19 09:32:08] [INFO] Trashed product | Context: {"external_id":1364858,"product_id":77994}
[2026-02-19 09:32:08] [INFO] Trashed product | Context: {"external_id":1364858,"product_id":77994}
[2026-02-19 09:32:09] [INFO] Trashed product | Context: {"external_id":1327258,"product_id":78005}
[2026-02-19 09:32:09] [INFO] Trashed product | Context: {"external_id":1327258,"product_id":78005}
[2026-02-19 09:32:09] [INFO] Trashed product | Context: {"external_id":1248421,"product_id":78011}
[2026-02-19 09:32:09] [INFO] Trashed product | Context: {"external_id":1248421,"product_id":78011}
[2026-02-19 09:32:09] [INFO] Trashed product | Context: {"external_id":1364912,"product_id":78026}
[2026-02-19 09:32:09] [INFO] Trashed product | Context: {"external_id":1364912,"product_id":78026}
[2026-02-19 09:32:10] [INFO] Trashed product | Context: {"external_id":1345204,"product_id":78036}
[2026-02-19 09:32:10] [INFO] Trashed product | Context: {"external_id":1345204,"product_id":78036}
[2026-02-19 09:32:10] [INFO] Trashed product | Context: {"external_id":1345192,"product_id":78037}
[2026-02-19 09:32:10] [INFO] Trashed product | Context: {"external_id":1345192,"product_id":78037}
[2026-02-19 09:32:10] [INFO] Trashed product | Context: {"external_id":1330790,"product_id":78041}
[2026-02-19 09:32:10] [INFO] Trashed product | Context: {"external_id":1330790,"product_id":78041}
[2026-02-19 09:32:11] [INFO] Trashed product | Context: {"external_id":1321084,"product_id":78047}
[2026-02-19 09:32:11] [INFO] Trashed product | Context: {"external_id":1321084,"product_id":78047}
[2026-02-19 09:32:11] [INFO] Trashed product | Context: {"external_id":1345194,"product_id":78087}
[2026-02-19 09:32:11] [INFO] Trashed product | Context: {"external_id":1345194,"product_id":78087}
[2026-02-19 09:32:11] [INFO] Trashed product | Context: {"external_id":1331975,"product_id":78093}
[2026-02-19 09:32:11] [INFO] Trashed product | Context: {"external_id":1331975,"product_id":78093}
[2026-02-19 09:32:12] [INFO] Trashed product | Context: {"external_id":1329409,"product_id":78095}
[2026-02-19 09:32:12] [INFO] Trashed product | Context: {"external_id":1329409,"product_id":78095}
[2026-02-19 09:32:12] [INFO] Trashed product | Context: {"external_id":1366567,"product_id":78126}
[2026-02-19 09:32:12] [INFO] Trashed product | Context: {"external_id":1366567,"product_id":78126}
[2026-02-19 09:32:12] [INFO] Trashed product | Context: {"external_id":1358176,"product_id":78128}
[2026-02-19 09:32:12] [INFO] Trashed product | Context: {"external_id":1358176,"product_id":78128}
[2026-02-19 09:32:13] [INFO] Trashed product | Context: {"external_id":1347794,"product_id":78147}
[2026-02-19 09:32:13] [INFO] Trashed product | Context: {"external_id":1347794,"product_id":78147}
[2026-02-19 09:32:13] [INFO] Trashed product | Context: {"external_id":1476825,"product_id":78168}
[2026-02-19 09:32:13] [INFO] Trashed product | Context: {"external_id":1476825,"product_id":78168}
[2026-02-19 09:32:13] [INFO] Trashed product | Context: {"external_id":1476805,"product_id":78169}
[2026-02-19 09:32:13] [INFO] Trashed product | Context: {"external_id":1476805,"product_id":78169}
[2026-02-19 09:32:14] [INFO] Trashed product | Context: {"external_id":1366490,"product_id":78217}
[2026-02-19 09:32:14] [INFO] Trashed product | Context: {"external_id":1366490,"product_id":78217}
[2026-02-19 09:32:14] [INFO] Trashed product | Context: {"external_id":1364922,"product_id":78218}
[2026-02-19 09:32:14] [INFO] Trashed product | Context: {"external_id":1364922,"product_id":78218}
[2026-02-19 09:32:15] [INFO] Trashed product | Context: {"external_id":1354808,"product_id":78223}
[2026-02-19 09:32:15] [INFO] Trashed product | Context: {"external_id":1354808,"product_id":78223}
[2026-02-19 09:32:15] [INFO] Trashed product | Context: {"external_id":1330357,"product_id":78251}
[2026-02-19 09:32:15] [INFO] Trashed product | Context: {"external_id":1330357,"product_id":78251}
[2026-02-19 09:32:15] [INFO] Trashed product | Context: {"external_id":1472909,"product_id":78283}
[2026-02-19 09:32:15] [INFO] Trashed product | Context: {"external_id":1472909,"product_id":78283}
[2026-02-19 09:32:16] [INFO] Trashed product | Context: {"external_id":1368611,"product_id":78307}
[2026-02-19 09:32:16] [INFO] Trashed product | Context: {"external_id":1368611,"product_id":78307}
[2026-02-19 09:32:16] [INFO] Trashed product | Context: {"external_id":1367462,"product_id":78308}
[2026-02-19 09:32:16] [INFO] Trashed product | Context: {"external_id":1367462,"product_id":78308}
[2026-02-19 09:32:16] [INFO] Trashed product | Context: {"external_id":1358174,"product_id":78313}
[2026-02-19 09:32:16] [INFO] Trashed product | Context: {"external_id":1358174,"product_id":78313}
[2026-02-19 09:32:17] [INFO] Trashed product | Context: {"external_id":1329413,"product_id":78353}
[2026-02-19 09:32:17] [INFO] Trashed product | Context: {"external_id":1329413,"product_id":78353}
[2026-02-19 09:32:17] [INFO] Trashed product | Context: {"external_id":1293445,"product_id":78362}
[2026-02-19 09:32:17] [INFO] Trashed product | Context: {"external_id":1293445,"product_id":78362}
[2026-02-19 09:32:17] [INFO] Trashed product | Context: {"external_id":1220673,"product_id":78367}
[2026-02-19 09:32:17] [INFO] Trashed product | Context: {"external_id":1220673,"product_id":78367}
[2026-02-19 09:32:18] [INFO] Trashed product | Context: {"external_id":1485939,"product_id":78368}
[2026-02-19 09:32:18] [INFO] Trashed product | Context: {"external_id":1485939,"product_id":78368}
[2026-02-19 09:32:18] [INFO] Trashed product | Context: {"external_id":1454647,"product_id":78421}
[2026-02-19 09:32:18] [INFO] Trashed product | Context: {"external_id":1454647,"product_id":78421}
[2026-02-19 09:32:18] [INFO] Trashed product | Context: {"external_id":1367463,"product_id":78436}
[2026-02-19 09:32:18] [INFO] Trashed product | Context: {"external_id":1367463,"product_id":78436}
[2026-02-19 09:32:19] [INFO] Trashed product | Context: {"external_id":1354694,"product_id":78464}
[2026-02-19 09:32:19] [INFO] Trashed product | Context: {"external_id":1354694,"product_id":78464}
[2026-02-19 09:32:19] [INFO] Trashed product | Context: {"external_id":1349303,"product_id":78499}
[2026-02-19 09:32:19] [INFO] Trashed product | Context: {"external_id":1349303,"product_id":78499}
[2026-02-19 09:32:19] [INFO] Trashed product | Context: {"external_id":1345193,"product_id":78512}
[2026-02-19 09:32:19] [INFO] Trashed product | Context: {"external_id":1345193,"product_id":78512}
[2026-02-19 09:32:20] [INFO] Trashed product | Context: {"external_id":1343023,"product_id":78515}
[2026-02-19 09:32:20] [INFO] Trashed product | Context: {"external_id":1343023,"product_id":78515}
[2026-02-19 09:32:20] [INFO] Trashed product | Context: {"external_id":1333190,"product_id":78524}
[2026-02-19 09:32:20] [INFO] Trashed product | Context: {"external_id":1333190,"product_id":78524}
[2026-02-19 09:32:21] [INFO] Trashed product | Context: {"external_id":1331976,"product_id":78525}
[2026-02-19 09:32:21] [INFO] Trashed product | Context: {"external_id":1331976,"product_id":78525}
[2026-02-19 09:32:21] [INFO] Trashed product | Context: {"external_id":1330358,"product_id":78527}
[2026-02-19 09:32:21] [INFO] Trashed product | Context: {"external_id":1330358,"product_id":78527}
[2026-02-19 09:32:21] [INFO] Trashed product | Context: {"external_id":1326848,"product_id":78532}
[2026-02-19 09:32:21] [INFO] Trashed product | Context: {"external_id":1326848,"product_id":78532}
[2026-02-19 09:32:22] [INFO] Trashed product | Context: {"external_id":1293422,"product_id":78541}
[2026-02-19 09:32:22] [INFO] Trashed product | Context: {"external_id":1293422,"product_id":78541}
[2026-02-19 09:32:22] [INFO] Trashed product | Context: {"external_id":1476824,"product_id":78549}
[2026-02-19 09:32:22] [INFO] Trashed product | Context: {"external_id":1476824,"product_id":78549}
[2026-02-19 09:32:22] [INFO] Trashed product | Context: {"external_id":1472926,"product_id":78609}
[2026-02-19 09:32:22] [INFO] Trashed product | Context: {"external_id":1472926,"product_id":78609}
[2026-02-19 09:32:23] [INFO] Trashed product | Context: {"external_id":1472910,"product_id":78611}
[2026-02-19 09:32:23] [INFO] Trashed product | Context: {"external_id":1472910,"product_id":78611}
[2026-02-19 09:32:23] [INFO] Trashed product | Context: {"external_id":1454654,"product_id":78658}
[2026-02-19 09:32:23] [INFO] Trashed product | Context: {"external_id":1454654,"product_id":78658}
[2026-02-19 09:32:23] [INFO] Trashed product | Context: {"external_id":1454651,"product_id":78659}
[2026-02-19 09:32:24] [INFO] Trashed product | Context: {"external_id":1454651,"product_id":78659}
[2026-02-19 09:32:24] [INFO] Trashed product | Context: {"external_id":1416789,"product_id":78668}
[2026-02-19 09:32:24] [INFO] Trashed product | Context: {"external_id":1416789,"product_id":78668}
[2026-02-19 09:32:24] [INFO] Trashed product | Context: {"external_id":1416785,"product_id":78669}
[2026-02-19 09:32:24] [INFO] Trashed product | Context: {"external_id":1416785,"product_id":78669}
[2026-02-19 09:32:25] [INFO] Trashed product | Context: {"external_id":1416783,"product_id":78670}
[2026-02-19 09:32:25] [INFO] Trashed product | Context: {"external_id":1416783,"product_id":78670}
[2026-02-19 09:32:25] [INFO] Trashed product | Context: {"external_id":1364929,"product_id":78719}
[2026-02-19 09:32:25] [INFO] Trashed product | Context: {"external_id":1364929,"product_id":78719}
[2026-02-19 09:32:25] [INFO] Trashed product | Context: {"external_id":1358177,"product_id":78722}
[2026-02-19 09:32:25] [INFO] Trashed product | Context: {"external_id":1358177,"product_id":78722}
[2026-02-19 09:32:26] [INFO] Trashed product | Context: {"external_id":1358175,"product_id":78723}
[2026-02-19 09:32:26] [INFO] Trashed product | Context: {"external_id":1358175,"product_id":78723}
[2026-02-19 09:32:26] [INFO] Trashed product | Context: {"external_id":1357058,"product_id":78737}
[2026-02-19 09:32:26] [INFO] Trashed product | Context: {"external_id":1357058,"product_id":78737}
[2026-02-19 09:32:26] [INFO] Trashed product | Context: {"external_id":1347889,"product_id":78822}
[2026-02-19 09:32:26] [INFO] Trashed product | Context: {"external_id":1347889,"product_id":78822}
[2026-02-19 09:32:27] [INFO] Trashed product | Context: {"external_id":1347886,"product_id":78823}
[2026-02-19 09:32:27] [INFO] Trashed product | Context: {"external_id":1347886,"product_id":78823}
[2026-02-19 09:32:27] [INFO] Trashed product | Context: {"external_id":1346970,"product_id":78838}
[2026-02-19 09:32:27] [INFO] Trashed product | Context: {"external_id":1346970,"product_id":78838}
[2026-02-19 09:32:27] [INFO] Trashed product | Context: {"external_id":1345203,"product_id":78845}
[2026-02-19 09:32:27] [INFO] Trashed product | Context: {"external_id":1345203,"product_id":78845}
[2026-02-19 09:32:28] [INFO] Trashed product | Context: {"external_id":1329527,"product_id":78866}
[2026-02-19 09:32:28] [INFO] Trashed product | Context: {"external_id":1329527,"product_id":78866}
[2026-02-19 09:32:28] [INFO] Trashed product | Context: {"external_id":1329415,"product_id":78868}
[2026-02-19 09:32:28] [INFO] Trashed product | Context: {"external_id":1329415,"product_id":78868}
[2026-02-19 09:32:28] [INFO] Trashed product | Context: {"external_id":1293498,"product_id":78888}
[2026-02-19 09:32:28] [INFO] Trashed product | Context: {"external_id":1293498,"product_id":78888}
[2026-02-19 09:32:29] [INFO] Trashed product | Context: {"external_id":1275881,"product_id":78892}
[2026-02-19 09:32:29] [INFO] Trashed product | Context: {"external_id":1275881,"product_id":78892}
[2026-02-19 09:32:29] [INFO] Trashed product | Context: {"external_id":1476101,"product_id":79093}
[2026-02-19 09:32:29] [INFO] Trashed product | Context: {"external_id":1476101,"product_id":79093}
[2026-02-19 09:32:29] [INFO] Trashed product | Context: {"external_id":1474761,"product_id":79110}
[2026-02-19 09:32:29] [INFO] Trashed product | Context: {"external_id":1474761,"product_id":79110}
[2026-02-19 09:32:30] [INFO] Trashed product | Context: {"external_id":1474760,"product_id":79111}
[2026-02-19 09:32:30] [INFO] Trashed product | Context: {"external_id":1474760,"product_id":79111}
[2026-02-19 09:32:30] [INFO] Trashed product | Context: {"external_id":1455503,"product_id":79262}
[2026-02-19 09:32:30] [INFO] Trashed product | Context: {"external_id":1455503,"product_id":79262}
[2026-02-19 09:32:31] [INFO] Trashed product | Context: {"external_id":1455474,"product_id":79268}
[2026-02-19 09:32:31] [INFO] Trashed product | Context: {"external_id":1455474,"product_id":79268}
[2026-02-19 09:32:31] [INFO] Trashed product | Context: {"external_id":1454653,"product_id":79320}
[2026-02-19 09:32:31] [INFO] Trashed product | Context: {"external_id":1454653,"product_id":79320}
[2026-02-19 09:32:31] [INFO] Trashed product | Context: {"external_id":1454652,"product_id":79321}
[2026-02-19 09:32:31] [INFO] Trashed product | Context: {"external_id":1454652,"product_id":79321}
[2026-02-19 09:32:32] [INFO] Trashed product | Context: {"external_id":1454650,"product_id":79322}
[2026-02-19 09:32:32] [INFO] Trashed product | Context: {"external_id":1454650,"product_id":79322}
[2026-02-19 09:32:32] [INFO] Trashed product | Context: {"external_id":1454649,"product_id":79323}
[2026-02-19 09:32:32] [INFO] Trashed product | Context: {"external_id":1454649,"product_id":79323}
[2026-02-19 09:32:32] [INFO] Trashed product | Context: {"external_id":1454648,"product_id":79324}
[2026-02-19 09:32:32] [INFO] Trashed product | Context: {"external_id":1454648,"product_id":79324}
[2026-02-19 09:32:33] [INFO] Trashed product | Context: {"external_id":1420819,"product_id":79326}
[2026-02-19 09:32:33] [INFO] Trashed product | Context: {"external_id":1420819,"product_id":79326}
[2026-02-19 09:32:33] [INFO] Trashed product | Context: {"external_id":1416792,"product_id":79359}
[2026-02-19 09:32:33] [INFO] Trashed product | Context: {"external_id":1416792,"product_id":79359}
[2026-02-19 09:32:33] [INFO] Trashed product | Context: {"external_id":1416791,"product_id":79360}
[2026-02-19 09:32:33] [INFO] Trashed product | Context: {"external_id":1416791,"product_id":79360}
[2026-02-19 09:32:34] [INFO] Trashed product | Context: {"external_id":1416790,"product_id":79361}
[2026-02-19 09:32:34] [INFO] Trashed product | Context: {"external_id":1416790,"product_id":79361}
[2026-02-19 09:32:34] [INFO] Trashed product | Context: {"external_id":1416788,"product_id":79362}
[2026-02-19 09:32:34] [INFO] Trashed product | Context: {"external_id":1416788,"product_id":79362}
[2026-02-19 09:32:34] [INFO] Trashed product | Context: {"external_id":1416787,"product_id":79363}
[2026-02-19 09:32:34] [INFO] Trashed product | Context: {"external_id":1416787,"product_id":79363}
[2026-02-19 09:32:35] [INFO] Trashed product | Context: {"external_id":1416786,"product_id":79364}
[2026-02-19 09:32:35] [INFO] Trashed product | Context: {"external_id":1416786,"product_id":79364}
[2026-02-19 09:32:35] [INFO] Trashed product | Context: {"external_id":1366665,"product_id":79446}
[2026-02-19 09:32:35] [INFO] Trashed product | Context: {"external_id":1366665,"product_id":79446}
[2026-02-19 09:32:35] [INFO] Trashed product | Context: {"external_id":1366020,"product_id":79463}
[2026-02-19 09:32:35] [INFO] Trashed product | Context: {"external_id":1366020,"product_id":79463}
[2026-02-19 09:32:36] [INFO] Trashed product | Context: {"external_id":1365018,"product_id":79479}
[2026-02-19 09:32:36] [INFO] Trashed product | Context: {"external_id":1365018,"product_id":79479}
[2026-02-19 09:32:36] [INFO] Trashed product | Context: {"external_id":1361678,"product_id":79499}
[2026-02-19 09:32:36] [INFO] Trashed product | Context: {"external_id":1361678,"product_id":79499}
[2026-02-19 09:32:36] [INFO] Trashed product | Context: {"external_id":1360258,"product_id":79503}
[2026-02-19 09:32:36] [INFO] Trashed product | Context: {"external_id":1360258,"product_id":79503}
[2026-02-19 09:32:37] [INFO] Trashed product | Context: {"external_id":1360254,"product_id":79504}
[2026-02-19 09:32:37] [INFO] Trashed product | Context: {"external_id":1360254,"product_id":79504}
[2026-02-19 09:32:37] [INFO] Trashed product | Context: {"external_id":1360251,"product_id":79505}
[2026-02-19 09:32:37] [INFO] Trashed product | Context: {"external_id":1360251,"product_id":79505}
[2026-02-19 09:32:38] [INFO] Trashed product | Context: {"external_id":1357059,"product_id":79526}
[2026-02-19 09:32:38] [INFO] Trashed product | Context: {"external_id":1357059,"product_id":79526}
[2026-02-19 09:32:38] [INFO] Trashed product | Context: {"external_id":1356553,"product_id":79531}
[2026-02-19 09:32:38] [INFO] Trashed product | Context: {"external_id":1356553,"product_id":79531}
[2026-02-19 09:32:38] [INFO] Trashed product | Context: {"external_id":1354860,"product_id":79543}
[2026-02-19 09:32:38] [INFO] Trashed product | Context: {"external_id":1354860,"product_id":79543}
[2026-02-19 09:32:39] [INFO] Trashed product | Context: {"external_id":1353811,"product_id":79653}
[2026-02-19 09:32:39] [INFO] Trashed product | Context: {"external_id":1353811,"product_id":79653}
[2026-02-19 09:32:39] [INFO] Trashed product | Context: {"external_id":1353810,"product_id":79654}
[2026-02-19 09:32:39] [INFO] Trashed product | Context: {"external_id":1353810,"product_id":79654}
[2026-02-19 09:32:39] [INFO] Trashed product | Context: {"external_id":1353700,"product_id":79702}
[2026-02-19 09:32:39] [INFO] Trashed product | Context: {"external_id":1353700,"product_id":79702}
[2026-02-19 09:32:40] [INFO] Trashed product | Context: {"external_id":1350676,"product_id":79714}
[2026-02-19 09:32:40] [INFO] Trashed product | Context: {"external_id":1350676,"product_id":79714}
[2026-02-19 09:32:40] [INFO] Trashed product | Context: {"external_id":1347891,"product_id":79809}
[2026-02-19 09:32:40] [INFO] Trashed product | Context: {"external_id":1347891,"product_id":79809}
[2026-02-19 09:32:40] [INFO] Trashed product | Context: {"external_id":1347887,"product_id":79811}
[2026-02-19 09:32:40] [INFO] Trashed product | Context: {"external_id":1347887,"product_id":79811}
[2026-02-19 09:32:41] [INFO] Trashed product | Context: {"external_id":1344551,"product_id":79842}
[2026-02-19 09:32:41] [INFO] Trashed product | Context: {"external_id":1344551,"product_id":79842}
[2026-02-19 09:32:41] [INFO] Trashed product | Context: {"external_id":1341305,"product_id":79850}
[2026-02-19 09:32:41] [INFO] Trashed product | Context: {"external_id":1341305,"product_id":79850}
[2026-02-19 09:32:41] [INFO] Trashed product | Context: {"external_id":1340162,"product_id":79858}
[2026-02-19 09:32:41] [INFO] Trashed product | Context: {"external_id":1340162,"product_id":79858}
[2026-02-19 09:32:42] [INFO] Trashed product | Context: {"external_id":1330791,"product_id":79888}
[2026-02-19 09:32:42] [INFO] Trashed product | Context: {"external_id":1330791,"product_id":79888}
[2026-02-19 09:32:42] [INFO] Trashed product | Context: {"external_id":1330355,"product_id":79889}
[2026-02-19 09:32:42] [INFO] Trashed product | Context: {"external_id":1330355,"product_id":79889}
[2026-02-19 09:32:42] [INFO] Trashed product | Context: {"external_id":1330353,"product_id":79890}
[2026-02-19 09:32:42] [INFO] Trashed product | Context: {"external_id":1330353,"product_id":79890}
[2026-02-19 09:32:43] [INFO] Trashed product | Context: {"external_id":1330351,"product_id":79891}
[2026-02-19 09:32:43] [INFO] Trashed product | Context: {"external_id":1330351,"product_id":79891}
[2026-02-19 09:32:43] [INFO] Trashed product | Context: {"external_id":1329507,"product_id":79894}
[2026-02-19 09:32:43] [INFO] Trashed product | Context: {"external_id":1329507,"product_id":79894}
[2026-02-19 09:32:43] [INFO] Trashed product | Context: {"external_id":1327683,"product_id":79896}
[2026-02-19 09:32:43] [INFO] Trashed product | Context: {"external_id":1327683,"product_id":79896}
[2026-02-19 09:32:44] [INFO] Trashed product | Context: {"external_id":1322408,"product_id":79906}
[2026-02-19 09:32:44] [INFO] Trashed product | Context: {"external_id":1322408,"product_id":79906}
[2026-02-19 09:32:44] [INFO] Trashed product | Context: {"external_id":1322404,"product_id":79907}
[2026-02-19 09:32:44] [INFO] Trashed product | Context: {"external_id":1322404,"product_id":79907}
[2026-02-19 09:32:44] [INFO] Trashed product | Context: {"external_id":1320978,"product_id":79909}
[2026-02-19 09:32:44] [INFO] Trashed product | Context: {"external_id":1320978,"product_id":79909}
[2026-02-19 09:32:45] [INFO] Trashed product | Context: {"external_id":1297117,"product_id":79921}
[2026-02-19 09:32:45] [INFO] Trashed product | Context: {"external_id":1297117,"product_id":79921}
[2026-02-19 09:32:45] [INFO] Trashed product | Context: {"external_id":1291228,"product_id":79923}
[2026-02-19 09:32:45] [INFO] Trashed product | Context: {"external_id":1291228,"product_id":79923}
[2026-02-19 09:32:45] [INFO] Trashed product | Context: {"external_id":1284079,"product_id":79924}
[2026-02-19 09:32:45] [INFO] Trashed product | Context: {"external_id":1284079,"product_id":79924}
[2026-02-19 09:32:46] [INFO] Trashed product | Context: {"external_id":1234964,"product_id":79947}
[2026-02-19 09:32:46] [INFO] Trashed product | Context: {"external_id":1234964,"product_id":79947}
[2026-02-19 09:32:46] [INFO] Trashed product | Context: {"external_id":1335171,"product_id":79964}
[2026-02-19 09:32:46] [INFO] Trashed product | Context: {"external_id":1335171,"product_id":79964}
[2026-02-19 09:32:46] [INFO] Trashed product | Context: {"external_id":1331952,"product_id":79982}
[2026-02-19 09:32:46] [INFO] Trashed product | Context: {"external_id":1331952,"product_id":79982}
[2026-02-19 09:32:46] [INFO] Trashed product | Context: {"external_id":1292948,"product_id":79993}
[2026-02-19 09:32:46] [INFO] Trashed product | Context: {"external_id":1292948,"product_id":79993}
[2026-02-19 09:32:47] [INFO] Trashed product | Context: {"external_id":1367466,"product_id":79995}
[2026-02-19 09:32:47] [INFO] Trashed product | Context: {"external_id":1367466,"product_id":79995}
[2026-02-19 09:32:47] [INFO] Trashed product | Context: {"external_id":1331954,"product_id":80005}
[2026-02-19 09:32:47] [INFO] Trashed product | Context: {"external_id":1331954,"product_id":80005}
[2026-02-19 09:32:47] [INFO] Trashed product | Context: {"external_id":1292959,"product_id":80006}
[2026-02-19 09:32:47] [INFO] Trashed product | Context: {"external_id":1292959,"product_id":80006}
[2026-02-19 09:32:48] [INFO] Trashed product | Context: {"external_id":1292895,"product_id":80007}
[2026-02-19 09:32:48] [INFO] Trashed product | Context: {"external_id":1292895,"product_id":80007}
[2026-02-19 09:32:48] [INFO] Trashed product | Context: {"external_id":1370779,"product_id":80024}
[2026-02-19 09:32:48] [INFO] Trashed product | Context: {"external_id":1370779,"product_id":80024}
[2026-02-19 09:32:48] [INFO] Trashed product | Context: {"external_id":1342557,"product_id":80032}
[2026-02-19 09:32:48] [INFO] Trashed product | Context: {"external_id":1342557,"product_id":80032}
[2026-02-19 09:32:49] [INFO] Trashed product | Context: {"external_id":1472016,"product_id":80039}
[2026-02-19 09:32:49] [INFO] Trashed product | Context: {"external_id":1472016,"product_id":80039}
[2026-02-19 09:32:49] [INFO] Trashed product | Context: {"external_id":1370778,"product_id":80042}
[2026-02-19 09:32:49] [INFO] Trashed product | Context: {"external_id":1370778,"product_id":80042}
[2026-02-19 09:32:49] [INFO] Trashed product | Context: {"external_id":1351372,"product_id":80053}
[2026-02-19 09:32:49] [INFO] Trashed product | Context: {"external_id":1351372,"product_id":80053}
[2026-02-19 09:32:49] [INFO] Trashed product | Context: {"external_id":1472015,"product_id":80063}
[2026-02-19 09:32:49] [INFO] Trashed product | Context: {"external_id":1472015,"product_id":80063}
[2026-02-19 09:32:50] [INFO] Trashed product | Context: {"external_id":1470138,"product_id":80064}
[2026-02-19 09:32:50] [INFO] Trashed product | Context: {"external_id":1470138,"product_id":80064}
[2026-02-19 09:32:50] [INFO] Trashed product | Context: {"external_id":1331953,"product_id":80090}
[2026-02-19 09:32:50] [INFO] Trashed product | Context: {"external_id":1331953,"product_id":80090}
[2026-02-19 09:32:50] [INFO] Trashed product | Context: {"external_id":1292898,"product_id":80094}
[2026-02-19 09:32:50] [INFO] Trashed product | Context: {"external_id":1292898,"product_id":80094}
[2026-02-19 09:32:51] [INFO] Trashed product | Context: {"external_id":1233191,"product_id":80097}
[2026-02-19 09:32:51] [INFO] Trashed product | Context: {"external_id":1233191,"product_id":80097}
[2026-02-19 09:32:51] [INFO] Trashed product | Context: {"external_id":1486135,"product_id":80099}
[2026-02-19 09:32:51] [INFO] Trashed product | Context: {"external_id":1486135,"product_id":80099}
[2026-02-19 09:32:51] [INFO] Trashed product | Context: {"external_id":1367471,"product_id":80123}
[2026-02-19 09:32:51] [INFO] Trashed product | Context: {"external_id":1367471,"product_id":80123}
[2026-02-19 09:32:52] [INFO] Trashed product | Context: {"external_id":1354855,"product_id":80141}
[2026-02-19 09:32:52] [INFO] Trashed product | Context: {"external_id":1354855,"product_id":80141}
[2026-02-19 09:32:52] [INFO] Trashed product | Context: {"external_id":1354381,"product_id":80142}
[2026-02-19 09:32:52] [INFO] Trashed product | Context: {"external_id":1354381,"product_id":80142}
[2026-02-19 09:32:52] [INFO] Trashed product | Context: {"external_id":1335156,"product_id":80157}
[2026-02-19 09:32:52] [INFO] Trashed product | Context: {"external_id":1335156,"product_id":80157}
[2026-02-19 09:32:53] [INFO] Trashed product | Context: {"external_id":1332190,"product_id":80158}
[2026-02-19 09:32:53] [INFO] Trashed product | Context: {"external_id":1332190,"product_id":80158}
[2026-02-19 09:32:53] [INFO] Trashed product | Context: {"external_id":1331955,"product_id":80159}
[2026-02-19 09:32:53] [INFO] Trashed product | Context: {"external_id":1331955,"product_id":80159}
[2026-02-19 09:32:53] [INFO] Trashed product | Context: {"external_id":1455466,"product_id":80232}
[2026-02-19 09:32:53] [INFO] Trashed product | Context: {"external_id":1455466,"product_id":80232}
[2026-02-19 09:32:54] [INFO] Trashed product | Context: {"external_id":1366007,"product_id":80279}
[2026-02-19 09:32:54] [INFO] Trashed product | Context: {"external_id":1366007,"product_id":80279}
[2026-02-19 09:32:54] [INFO] Trashed product | Context: {"external_id":1357085,"product_id":80308}
[2026-02-19 09:32:54] [INFO] Trashed product | Context: {"external_id":1357085,"product_id":80308}
[2026-02-19 09:32:54] [INFO] Trashed product | Context: {"external_id":1301254,"product_id":80379}
[2026-02-19 09:32:54] [INFO] Trashed product | Context: {"external_id":1301254,"product_id":80379}
[2026-02-19 09:32:55] [INFO] Trashed product | Context: {"external_id":1283417,"product_id":80389}
[2026-02-19 09:32:55] [INFO] Trashed product | Context: {"external_id":1366042,"product_id":80428}
[2026-02-19 09:32:55] [INFO] Trashed product | Context: {"external_id":1322407,"product_id":80436}
[2026-02-19 09:32:55] [INFO] Trashed product | Context: {"external_id":1357405,"product_id":80439}
[2026-02-19 09:32:55] [INFO] Trashed product | Context: {"external_id":1308018,"product_id":80449}
[2026-02-19 09:32:55] [INFO] Trashed product | Context: {"external_id":1357381,"product_id":80459}
[2026-02-19 09:32:55] [INFO] Trashed product | Context: {"external_id":1286180,"product_id":80472}
[2026-02-19 09:32:55] [INFO] Cleanup batch complete
[2026-02-19 09:32:55] [INFO] Trashed product | Context: {"external_id":1283417,"product_id":80389}
[2026-02-19 09:32:55] [INFO] Trashed product | Context: {"external_id":1366042,"product_id":80428}
[2026-02-19 09:32:55] [INFO] Trashed product | Context: {"external_id":1322407,"product_id":80436}
[2026-02-19 09:32:55] [INFO] Trashed product | Context: {"external_id":1357405,"product_id":80439}
[2026-02-19 09:32:55] [INFO] Trashed product | Context: {"external_id":1308018,"product_id":80449}
[2026-02-19 09:32:55] [INFO] Trashed product | Context: {"external_id":1357381,"product_id":80459}
[2026-02-19 09:32:55] [INFO] Trashed product | Context: {"external_id":1286180,"product_id":80472}
[2026-02-19 09:32:55] [INFO] Cleanup batch complete
[2026-02-19 11:12:07] [INFO] Linked alternative products | Context: {"count":2918}
[2026-02-19 11:12:07] [INFO] Resolved alternative product URLs | Context: {"count":2981}
[2026-02-19 11:12:07] [INFO] ========================================
[2026-02-19 11:12:07] [SUCCESS] SYNC SESSION COMPLETED | Context: {"created":382,"updated":2952,"deleted":175,"skipped":91,"errors":6,"duration":7127}
[2026-02-19 11:12:07] [INFO] ========================================
[2026-02-19 13:09:10] [INFO] ========================================
[2026-02-19 13:09:10] [INFO] SYNC SESSION STARTED
[2026-02-19 13:09:10] [INFO] ========================================
[2026-02-19 13:09:10] [INFO] Initializing batch sync
[2026-02-19 13:09:10] [INFO] Fetching JSON from URL | Context: {"url":"https:\/\/mts.ee\/storage\/export\/laptop_products_cleaned.json"}
[2026-02-19 13:09:13] [SUCCESS] JSON fetched successfully | Context: {"products_count":3431}
[2026-02-19 13:09:14] [INFO] Batch sync initialized | Context: {"total_products":3431}
[2026-02-19 13:09:14] [INFO] Batch processed | Context: {"offset":50,"total":3431}
[2026-02-19 13:09:15] [INFO] Batch processed | Context: {"offset":100,"total":3431}
[2026-02-19 13:09:16] [INFO] Batch processed | Context: {"offset":150,"total":3431}
[2026-02-19 13:09:18] [INFO] Batch processed | Context: {"offset":200,"total":3431}
[2026-02-19 13:09:19] [INFO] Batch processed | Context: {"offset":250,"total":3431}
[2026-02-19 13:09:20] [INFO] Batch processed | Context: {"offset":300,"total":3431}
[2026-02-19 13:09:21] [INFO] Batch processed | Context: {"offset":350,"total":3431}
[2026-02-19 13:09:23] [INFO] Batch processed | Context: {"offset":400,"total":3431}
[2026-02-19 13:09:25] [INFO] Batch processed | Context: {"offset":450,"total":3431}
[2026-02-19 13:09:26] [INFO] Batch processed | Context: {"offset":500,"total":3431}
[2026-02-19 13:09:27] [INFO] Batch processed | Context: {"offset":550,"total":3431}
[2026-02-19 13:09:28] [INFO] Batch processed | Context: {"offset":600,"total":3431}
[2026-02-19 13:09:29] [INFO] Batch processed | Context: {"offset":650,"total":3431}
[2026-02-19 13:09:30] [INFO] Batch processed | Context: {"offset":700,"total":3431}
[2026-02-19 13:09:31] [INFO] Batch processed | Context: {"offset":750,"total":3431}
[2026-02-19 13:09:32] [INFO] Batch processed | Context: {"offset":800,"total":3431}
[2026-02-19 13:09:33] [INFO] Batch processed | Context: {"offset":850,"total":3431}
[2026-02-19 13:09:34] [INFO] Batch processed | Context: {"offset":900,"total":3431}
[2026-02-19 13:09:35] [INFO] Batch processed | Context: {"offset":950,"total":3431}
[2026-02-19 13:09:36] [INFO] Batch processed | Context: {"offset":1000,"total":3431}
[2026-02-19 13:09:37] [INFO] Batch processed | Context: {"offset":1050,"total":3431}
[2026-02-19 13:09:38] [INFO] Batch processed | Context: {"offset":1100,"total":3431}
[2026-02-19 13:09:40] [INFO] Batch processed | Context: {"offset":1150,"total":3431}
[2026-02-19 13:09:41] [INFO] Batch processed | Context: {"offset":1200,"total":3431}
[2026-02-19 13:09:42] [INFO] Batch processed | Context: {"offset":1250,"total":3431}
[2026-02-19 13:09:44] [INFO] Batch processed | Context: {"offset":1300,"total":3431}
[2026-02-19 13:09:46] [INFO] Batch processed | Context: {"offset":1350,"total":3431}
[2026-02-19 13:09:48] [INFO] Batch processed | Context: {"offset":1400,"total":3431}
[2026-02-19 13:09:50] [INFO] Batch processed | Context: {"offset":1450,"total":3431}
[2026-02-19 13:09:53] [INFO] Batch processed | Context: {"offset":1500,"total":3431}
[2026-02-19 13:09:55] [INFO] Batch processed | Context: {"offset":1550,"total":3431}
[2026-02-19 13:09:58] [INFO] Batch processed | Context: {"offset":1600,"total":3431}
[2026-02-19 13:10:00] [INFO] Batch processed | Context: {"offset":1650,"total":3431}
[2026-02-19 13:10:02] [INFO] Batch processed | Context: {"offset":1700,"total":3431}
[2026-02-19 13:10:04] [INFO] Batch processed | Context: {"offset":1750,"total":3431}
[2026-02-19 13:10:06] [INFO] Batch processed | Context: {"offset":1800,"total":3431}
[2026-02-19 13:10:08] [INFO] Batch processed | Context: {"offset":1850,"total":3431}
[2026-02-19 13:10:10] [INFO] Batch processed | Context: {"offset":1900,"total":3431}
[2026-02-19 13:10:12] [INFO] Batch processed | Context: {"offset":1950,"total":3431}
[2026-02-19 13:10:14] [INFO] Batch processed | Context: {"offset":2000,"total":3431}
[2026-02-19 13:10:16] [INFO] Batch processed | Context: {"offset":2050,"total":3431}
[2026-02-19 13:10:18] [INFO] Batch processed | Context: {"offset":2100,"total":3431}
[2026-02-19 13:10:20] [INFO] Batch processed | Context: {"offset":2150,"total":3431}
[2026-02-19 13:10:22] [INFO] Batch processed | Context: {"offset":2200,"total":3431}
[2026-02-19 13:10:24] [INFO] Batch processed | Context: {"offset":2250,"total":3431}
[2026-02-19 13:10:26] [INFO] Batch processed | Context: {"offset":2300,"total":3431}
[2026-02-19 13:10:28] [INFO] Batch processed | Context: {"offset":2350,"total":3431}
[2026-02-19 13:10:30] [INFO] Batch processed | Context: {"offset":2400,"total":3431}
[2026-02-19 13:10:32] [INFO] Batch processed | Context: {"offset":2450,"total":3431}
[2026-02-19 13:10:34] [INFO] Batch processed | Context: {"offset":2500,"total":3431}
[2026-02-19 13:10:36] [INFO] Batch processed | Context: {"offset":2550,"total":3431}
