[2026-02-16 19:01:01] [INFO] ========================================
[2026-02-16 19:01:01] [INFO] SYNC SESSION STARTED
[2026-02-16 19:01:01] [INFO] ========================================
[2026-02-16 19:01:01] [INFO] Initializing batch sync
[2026-02-16 19:01:01] [INFO] Fetching JSON from URL | Context: {"url":"https:\/\/mts.ee\/storage\/export\/laptop_products_cleaned.json"}
[2026-02-16 19:01:03] [SUCCESS] JSON fetched successfully | Context: {"products_count":3218}
[2026-02-16 19:01:04] [INFO] Batch sync initialized | Context: {"total_products":3218}
[2026-02-16 19:01:04] [INFO] Batch processed | Context: {"offset":50,"total":3218}
[2026-02-16 19:01:05] [INFO] Batch processed | Context: {"offset":100,"total":3218}
[2026-02-16 19:01:06] [INFO] Batch processed | Context: {"offset":150,"total":3218}
[2026-02-16 19:01:07] [INFO] Batch processed | Context: {"offset":200,"total":3218}
[2026-02-16 19:01:09] [INFO] Batch processed | Context: {"offset":250,"total":3218}
[2026-02-16 19:01:10] [INFO] Batch processed | Context: {"offset":300,"total":3218}
[2026-02-16 19:01:11] [INFO] Batch processed | Context: {"offset":350,"total":3218}
[2026-02-16 19:01:12] [INFO] Batch processed | Context: {"offset":400,"total":3218}
[2026-02-16 19:01:13] [INFO] Batch processed | Context: {"offset":450,"total":3218}
[2026-02-16 19:01:14] [INFO] Batch processed | Context: {"offset":500,"total":3218}
[2026-02-16 19:01:16] [INFO] Batch processed | Context: {"offset":550,"total":3218}
[2026-02-16 19:01:17] [INFO] Batch processed | Context: {"offset":600,"total":3218}
[2026-02-16 19:01:18] [INFO] Batch processed | Context: {"offset":650,"total":3218}
[2026-02-16 19:01:19] [INFO] Batch processed | Context: {"offset":700,"total":3218}
[2026-02-16 19:01:20] [INFO] Batch processed | Context: {"offset":750,"total":3218}
[2026-02-16 19:01:21] [INFO] Batch processed | Context: {"offset":800,"total":3218}
[2026-02-16 19:01:22] [INFO] Batch processed | Context: {"offset":850,"total":3218}
[2026-02-16 19:01:23] [INFO] Batch processed | Context: {"offset":900,"total":3218}
[2026-02-16 19:01:24] [INFO] Batch processed | Context: {"offset":950,"total":3218}
[2026-02-16 19:01:25] [INFO] Batch processed | Context: {"offset":1000,"total":3218}
[2026-02-16 19:01:26] [INFO] Batch processed | Context: {"offset":1050,"total":3218}
[2026-02-16 19:01:27] [INFO] Batch processed | Context: {"offset":1100,"total":3218}
[2026-02-16 19:01:29] [INFO] Batch processed | Context: {"offset":1150,"total":3218}
[2026-02-16 19:01:30] [INFO] Batch processed | Context: {"offset":1200,"total":3218}
[2026-02-16 19:01:31] [INFO] Batch processed | Context: {"offset":1250,"total":3218}
[2026-02-16 19:01:32] [INFO] Batch processed | Context: {"offset":1300,"total":3218}
[2026-02-16 19:01:33] [INFO] Batch processed | Context: {"offset":1350,"total":3218}
[2026-02-16 19:01:34] [INFO] Batch processed | Context: {"offset":1400,"total":3218}
[2026-02-16 19:01:35] [INFO] Batch processed | Context: {"offset":1450,"total":3218}
[2026-02-16 19:01:36] [INFO] Batch processed | Context: {"offset":1500,"total":3218}
[2026-02-16 19:01:37] [INFO] Batch processed | Context: {"offset":1550,"total":3218}
[2026-02-16 19:01:38] [INFO] Batch processed | Context: {"offset":1600,"total":3218}
[2026-02-16 19:01:40] [INFO] Batch processed | Context: {"offset":1650,"total":3218}
[2026-02-16 19:01:41] [INFO] Batch processed | Context: {"offset":1700,"total":3218}
[2026-02-16 19:01:42] [INFO] Batch processed | Context: {"offset":1750,"total":3218}
[2026-02-16 19:01:43] [INFO] Batch processed | Context: {"offset":1800,"total":3218}
[2026-02-16 19:01:44] [INFO] Batch processed | Context: {"offset":1850,"total":3218}
[2026-02-16 19:01:45] [INFO] Batch processed | Context: {"offset":1900,"total":3218}
[2026-02-16 19:01:46] [INFO] Batch processed | Context: {"offset":1950,"total":3218}
[2026-02-16 19:01:47] [INFO] Batch processed | Context: {"offset":2000,"total":3218}
[2026-02-16 19:01:48] [INFO] Batch processed | Context: {"offset":2050,"total":3218}
[2026-02-16 19:01:49] [INFO] Batch processed | Context: {"offset":2100,"total":3218}
[2026-02-16 19:01:50] [INFO] Batch processed | Context: {"offset":2150,"total":3218}
[2026-02-16 19:01:52] [INFO] Batch processed | Context: {"offset":2200,"total":3218}
[2026-02-16 19:01:54] [INFO] Batch processed | Context: {"offset":2250,"total":3218}
[2026-02-16 19:01:55] [INFO] Batch processed | Context: {"offset":2300,"total":3218}
[2026-02-16 19:01:56] [INFO] Batch processed | Context: {"offset":2350,"total":3218}
[2026-02-16 19:01:57] [INFO] Batch processed | Context: {"offset":2400,"total":3218}
[2026-02-16 19:01:58] [INFO] Batch processed | Context: {"offset":2450,"total":3218}
[2026-02-16 19:01:59] [INFO] Batch processed | Context: {"offset":2500,"total":3218}
[2026-02-16 19:02:01] [INFO] Batch processed | Context: {"offset":2550,"total":3218}
[2026-02-16 19:02:02] [INFO] Batch processed | Context: {"offset":2600,"total":3218}
[2026-02-16 19:02:03] [INFO] Batch processed | Context: {"offset":2650,"total":3218}
[2026-02-16 19:02:04] [INFO] Batch processed | Context: {"offset":2700,"total":3218}
[2026-02-16 19:02:05] [INFO] Batch processed | Context: {"offset":2750,"total":3218}
[2026-02-16 19:02:06] [INFO] Batch processed | Context: {"offset":2800,"total":3218}
[2026-02-16 19:02:07] [INFO] Batch processed | Context: {"offset":2850,"total":3218}
[2026-02-16 19:02:08] [INFO] Batch processed | Context: {"offset":2900,"total":3218}
[2026-02-16 19:02:09] [INFO] Batch processed | Context: {"offset":2950,"total":3218}
[2026-02-16 19:02:10] [INFO] Batch processed | Context: {"offset":3000,"total":3218}
[2026-02-16 19:02:12] [INFO] Batch processed | Context: {"offset":3050,"total":3218}
[2026-02-16 19:02:13] [INFO] Batch processed | Context: {"offset":3100,"total":3218}
[2026-02-16 19:02:14] [INFO] Batch processed | Context: {"offset":3150,"total":3218}
[2026-02-16 19:02:15] [INFO] Batch processed | Context: {"offset":3200,"total":3218}
[2026-02-16 19:02:16] [INFO] Batch processed | Context: {"offset":3218,"total":3218}
[2026-02-16 19:02:17] [INFO] Products batch complete | Context: {"processed":3218}
[2026-02-16 19:02:18] [INFO] Cleanup batch complete
[2026-02-16 19:02:26] [INFO] Linked alternative products | Context: {"count":2606}
[2026-02-16 19:02:27] [INFO] Resolved alternative product URLs | Context: {"count":2653}
[2026-02-16 19:02:27] [INFO] ========================================
[2026-02-16 19:02:27] [SUCCESS] SYNC SESSION COMPLETED | Context: {"created":0,"updated":0,"deleted":0,"skipped":3218,"errors":0,"duration":83}
[2026-02-16 19:02:27] [INFO] ========================================
[2026-02-16 19:08:15] [INFO] ========================================
[2026-02-16 19:08:15] [INFO] SYNC SESSION STARTED
[2026-02-16 19:08:15] [INFO] ========================================
[2026-02-16 19:08:15] [INFO] Initializing batch sync
[2026-02-16 19:08:15] [INFO] Fetching JSON from URL | Context: {"url":"https:\/\/mts.ee\/storage\/export\/laptop_products_cleaned.json"}
[2026-02-16 19:08:18] [SUCCESS] JSON fetched successfully | Context: {"products_count":3218}
[2026-02-16 19:08:18] [INFO] Batch sync initialized | Context: {"total_products":3218}
[2026-02-16 19:08:18] [INFO] Batch processed | Context: {"offset":50,"total":3218}
[2026-02-16 19:08:19] [INFO] Batch processed | Context: {"offset":100,"total":3218}
[2026-02-16 19:08:20] [INFO] Batch processed | Context: {"offset":150,"total":3218}
[2026-02-16 19:08:21] [INFO] Batch processed | Context: {"offset":200,"total":3218}
[2026-02-16 19:08:22] [INFO] Batch processed | Context: {"offset":250,"total":3218}
[2026-02-16 19:08:24] [INFO] Batch processed | Context: {"offset":300,"total":3218}
[2026-02-16 19:08:25] [INFO] Batch processed | Context: {"offset":350,"total":3218}
[2026-02-16 19:08:26] [INFO] Batch processed | Context: {"offset":400,"total":3218}
[2026-02-16 19:14:56] [INFO] Cache cleared successfully
[2026-02-16 19:14:56] [INFO] Trashed all synced products | Context: {"trashed":699,"errors":2519}
[2026-02-16 19:26:28] [INFO] Permanently deleted trashed products | Context: {"deleted":1359,"errors":0}
[2026-02-16 19:28:51] [INFO] ========================================
[2026-02-16 19:28:51] [INFO] SYNC SESSION STARTED
[2026-02-16 19:28:51] [INFO] ========================================
[2026-02-16 19:28:51] [INFO] Initializing batch sync
[2026-02-16 19:28:51] [INFO] Fetching JSON from URL | Context: {"url":"https:\/\/mts.ee\/storage\/export\/laptop_products_cleaned.json"}
[2026-02-16 19:28:54] [SUCCESS] JSON fetched successfully | Context: {"products_count":3218}
[2026-02-16 19:28:54] [INFO] Batch sync initialized | Context: {"total_products":3218}
[2026-02-16 19:28:54] [INFO] Created product | Context: {"external_id":1306411,"product_id":77256}
[2026-02-16 19:28:54] [INFO] Created product | Context: {"external_id":1351963,"product_id":77257}
[2026-02-16 19:28:54] [INFO] Created product | Context: {"external_id":1366557,"product_id":77258}
[2026-02-16 19:28:54] [INFO] Created product | Context: {"external_id":1472989,"product_id":77259}
[2026-02-16 19:28:54] [INFO] Created product | Context: {"external_id":1366525,"product_id":77260}
[2026-02-16 19:28:55] [INFO] Created product | Context: {"external_id":1368639,"product_id":77261}
[2026-02-16 19:28:55] [INFO] Created product | Context: {"external_id":1306413,"product_id":77262}
[2026-02-16 19:28:55] [INFO] Created product | Context: {"external_id":1354639,"product_id":77263}
[2026-02-16 19:28:55] [INFO] Created product | Context: {"external_id":1306412,"product_id":77264}
[2026-02-16 19:28:55] [INFO] Created product | Context: {"external_id":1471484,"product_id":77265}
[2026-02-16 19:28:55] [INFO] Created product | Context: {"external_id":1454642,"product_id":77266}
[2026-02-16 19:28:55] [INFO] Created product | Context: {"external_id":1417465,"product_id":77267}
[2026-02-16 19:28:55] [INFO] Created product | Context: {"external_id":1368643,"product_id":77268}
[2026-02-16 19:28:55] [INFO] Created product | Context: {"external_id":1365708,"product_id":77269}
[2026-02-16 19:28:55] [INFO] Created product | Context: {"external_id":1349492,"product_id":77270}
[2026-02-16 19:28:56] [INFO] Created product | Context: {"external_id":1471481,"product_id":77271}
[2026-02-16 19:28:56] [INFO] Created product | Context: {"external_id":1335850,"product_id":77272}
[2026-02-16 19:28:56] [INFO] Created product | Context: {"external_id":1418095,"product_id":77273}
[2026-02-16 19:28:56] [INFO] Created product | Context: {"external_id":1354643,"product_id":77274}
[2026-02-16 19:28:56] [INFO] Created product | Context: {"external_id":1338726,"product_id":77275}
[2026-02-16 19:28:56] [INFO] Created product | Context: {"external_id":1329521,"product_id":77276}
[2026-02-16 19:28:56] [INFO] Created product | Context: {"external_id":1329518,"product_id":77277}
[2026-02-16 19:28:56] [INFO] Created product | Context: {"external_id":1292496,"product_id":77278}
[2026-02-16 19:28:56] [INFO] Created product | Context: {"external_id":1473054,"product_id":77279}
[2026-02-16 19:28:57] [INFO] Created product | Context: {"external_id":1368669,"product_id":77280}
[2026-02-16 19:28:57] [INFO] Created product | Context: {"external_id":1368645,"product_id":77281}
[2026-02-16 19:28:57] [INFO] Created product | Context: {"external_id":1366530,"product_id":77282}
[2026-02-16 19:28:57] [INFO] Created product | Context: {"external_id":1365709,"product_id":77283}
[2026-02-16 19:28:57] [INFO] Created product | Context: {"external_id":1365705,"product_id":77284}
[2026-02-16 19:28:57] [INFO] Created product | Context: {"external_id":1347857,"product_id":77285}
[2026-02-16 19:28:57] [INFO] Created product | Context: {"external_id":1338721,"product_id":77286}
[2026-02-16 19:28:57] [INFO] Created product | Context: {"external_id":1292670,"product_id":77287}
[2026-02-16 19:28:57] [INFO] Created product | Context: {"external_id":1292497,"product_id":77288}
[2026-02-16 19:28:57] [INFO] Created product | Context: {"external_id":1269464,"product_id":77289}
[2026-02-16 19:28:58] [INFO] Created product | Context: {"external_id":1479500,"product_id":77290}
[2026-02-16 19:28:58] [INFO] Created product | Context: {"external_id":1472995,"product_id":77291}
[2026-02-16 19:28:58] [INFO] Created product | Context: {"external_id":1472988,"product_id":77292}
[2026-02-16 19:28:58] [INFO] Created product | Context: {"external_id":1472805,"product_id":77293}
[2026-02-16 19:28:58] [INFO] Created product | Context: {"external_id":1472793,"product_id":77294}
[2026-02-16 19:28:58] [INFO] Created product | Context: {"external_id":1471633,"product_id":77295}
[2026-02-16 19:28:58] [INFO] Created product | Context: {"external_id":1470585,"product_id":77296}
[2026-02-16 19:28:58] [INFO] Created product | Context: {"external_id":1368650,"product_id":77297}
[2026-02-16 19:28:58] [INFO] Created product | Context: {"external_id":1368642,"product_id":77298}
[2026-02-16 19:28:58] [INFO] Created product | Context: {"external_id":1366533,"product_id":77299}
[2026-02-16 19:28:59] [INFO] Created product | Context: {"external_id":1358724,"product_id":77300}
[2026-02-16 19:28:59] [INFO] Created product | Context: {"external_id":1356205,"product_id":77301}
[2026-02-16 19:28:59] [INFO] Created product | Context: {"external_id":1356000,"product_id":77302}
[2026-02-16 19:28:59] [INFO] Created product | Context: {"external_id":1355999,"product_id":77303}
[2026-02-16 19:28:59] [INFO] Created product | Context: {"external_id":1354170,"product_id":77304}
[2026-02-16 19:28:59] [INFO] Created product | Context: {"external_id":1349491,"product_id":77305}
[2026-02-16 19:28:59] [INFO] Batch processed | Context: {"offset":50,"total":3218}
[2026-02-16 19:29:01] [INFO] Created product | Context: {"external_id":1346836,"product_id":77306}
[2026-02-16 19:29:01] [INFO] Created product | Context: {"external_id":1343050,"product_id":77307}
[2026-02-16 19:29:01] [INFO] Created product | Context: {"external_id":1343045,"product_id":77308}
[2026-02-16 19:29:01] [INFO] Created product | Context: {"external_id":1340447,"product_id":77309}
[2026-02-16 19:29:02] [INFO] Created product | Context: {"external_id":1317345,"product_id":77310}
[2026-02-16 19:29:02] [INFO] Created product | Context: {"external_id":1476208,"product_id":77311}
[2026-02-16 19:29:02] [INFO] Created product | Context: {"external_id":1473049,"product_id":77312}
[2026-02-16 19:29:02] [INFO] Created product | Context: {"external_id":1472991,"product_id":77313}
[2026-02-16 19:29:02] [INFO] Created product | Context: {"external_id":1472799,"product_id":77314}
[2026-02-16 19:29:02] [INFO] Created product | Context: {"external_id":1472784,"product_id":77315}
[2026-02-16 19:29:02] [INFO] Created product | Context: {"external_id":1472323,"product_id":77316}
[2026-02-16 19:29:02] [INFO] Created product | Context: {"external_id":1472198,"product_id":77317}
[2026-02-16 19:29:02] [INFO] Created product | Context: {"external_id":1472134,"product_id":77318}
[2026-02-16 19:29:03] [INFO] Created product | Context: {"external_id":1472120,"product_id":77319}
[2026-02-16 19:29:03] [INFO] Created product | Context: {"external_id":1471634,"product_id":77320}
[2026-02-16 19:29:03] [INFO] Created product | Context: {"external_id":1471483,"product_id":77321}
[2026-02-16 19:29:03] [INFO] Created product | Context: {"external_id":1471482,"product_id":77322}
[2026-02-16 19:29:03] [INFO] Created product | Context: {"external_id":1470581,"product_id":77323}
[2026-02-16 19:29:03] [INFO] Created product | Context: {"external_id":1455497,"product_id":77324}
[2026-02-16 19:29:03] [INFO] Created product | Context: {"external_id":1454645,"product_id":77325}
[2026-02-16 19:29:03] [INFO] Created product | Context: {"external_id":1418090,"product_id":77326}
[2026-02-16 19:29:03] [INFO] Created product | Context: {"external_id":1417466,"product_id":77327}
[2026-02-16 19:29:03] [INFO] Created product | Context: {"external_id":1368656,"product_id":77328}
[2026-02-16 19:29:04] [INFO] Created product | Context: {"external_id":1368654,"product_id":77329}
[2026-02-16 19:29:04] [INFO] Created product | Context: {"external_id":1368646,"product_id":77330}
[2026-02-16 19:29:04] [INFO] Created product | Context: {"external_id":1368644,"product_id":77331}
[2026-02-16 19:29:04] [INFO] Created product | Context: {"external_id":1368641,"product_id":77332}
[2026-02-16 19:29:04] [INFO] Created product | Context: {"external_id":1368640,"product_id":77333}
[2026-02-16 19:29:04] [INFO] Created product | Context: {"external_id":1366531,"product_id":77334}
[2026-02-16 19:29:04] [INFO] Created product | Context: {"external_id":1366528,"product_id":77335}
[2026-02-16 19:29:04] [INFO] Created product | Context: {"external_id":1358729,"product_id":77336}
[2026-02-16 19:29:04] [INFO] Created product | Context: {"external_id":1358720,"product_id":77337}
[2026-02-16 19:29:05] [INFO] Created product | Context: {"external_id":1356016,"product_id":77338}
[2026-02-16 19:29:05] [INFO] Created product | Context: {"external_id":1356013,"product_id":77339}
[2026-02-16 19:29:05] [INFO] Created product | Context: {"external_id":1356012,"product_id":77340}
[2026-02-16 19:29:05] [INFO] Created product | Context: {"external_id":1356011,"product_id":77341}
[2026-02-16 19:29:05] [INFO] Created product | Context: {"external_id":1354646,"product_id":77342}
[2026-02-16 19:29:05] [INFO] Created product | Context: {"external_id":1354644,"product_id":77343}
[2026-02-16 19:29:05] [INFO] Created product | Context: {"external_id":1354640,"product_id":77344}
[2026-02-16 19:29:05] [INFO] Created product | Context: {"external_id":1354160,"product_id":77345}
[2026-02-16 19:29:05] [INFO] Created product | Context: {"external_id":1354130,"product_id":77346}
[2026-02-16 19:29:05] [INFO] Created product | Context: {"external_id":1354128,"product_id":77347}
[2026-02-16 19:29:06] [INFO] Created product | Context: {"external_id":1353870,"product_id":77348}
[2026-02-16 19:29:06] [INFO] Created product | Context: {"external_id":1347856,"product_id":77349}
[2026-02-16 19:29:06] [INFO] Created product | Context: {"external_id":1347854,"product_id":77350}
[2026-02-16 19:29:06] [INFO] Created product | Context: {"external_id":1347853,"product_id":77351}
[2026-02-16 19:29:06] [INFO] Created product | Context: {"external_id":1338731,"product_id":77352}
[2026-02-16 19:29:06] [INFO] Created product | Context: {"external_id":1269463,"product_id":77353}
[2026-02-16 19:29:06] [INFO] Created product | Context: {"external_id":1479654,"product_id":77354}
[2026-02-16 19:29:06] [INFO] Created product | Context: {"external_id":1476372,"product_id":77355}
[2026-02-16 19:29:06] [INFO] Batch processed | Context: {"offset":100,"total":3218}
[2026-02-16 19:29:08] [INFO] Created product | Context: {"external_id":1476368,"product_id":77356}
[2026-02-16 19:29:08] [INFO] Created product | Context: {"external_id":1476343,"product_id":77357}
[2026-02-16 19:29:08] [INFO] Created product | Context: {"external_id":1476213,"product_id":77358}
[2026-02-16 19:29:08] [INFO] Created product | Context: {"external_id":1476207,"product_id":77359}
[2026-02-16 19:29:09] [INFO] Created product | Context: {"external_id":1476205,"product_id":77360}
[2026-02-16 19:29:09] [INFO] Created product | Context: {"external_id":1476204,"product_id":77361}
[2026-02-16 19:29:09] [INFO] Created product | Context: {"external_id":1476202,"product_id":77362}
[2026-02-16 19:29:09] [INFO] Created product | Context: {"external_id":1476092,"product_id":77363}
[2026-02-16 19:29:09] [INFO] Created product | Context: {"external_id":1476076,"product_id":77364}
[2026-02-16 19:29:09] [INFO] Created product | Context: {"external_id":1473703,"product_id":77365}
[2026-02-16 19:29:09] [INFO] Created product | Context: {"external_id":1473690,"product_id":77366}
[2026-02-16 19:29:09] [INFO] Created product | Context: {"external_id":1473687,"product_id":77367}
[2026-02-16 19:29:09] [INFO] Created product | Context: {"external_id":1473056,"product_id":77368}
[2026-02-16 19:29:09] [INFO] Created product | Context: {"external_id":1473053,"product_id":77369}
[2026-02-16 19:29:10] [INFO] Created product | Context: {"external_id":1472994,"product_id":77370}
[2026-02-16 19:29:10] [INFO] Created product | Context: {"external_id":1472993,"product_id":77371}
[2026-02-16 19:29:10] [INFO] Created product | Context: {"external_id":1472199,"product_id":77372}
[2026-02-16 19:29:10] [INFO] Created product | Context: {"external_id":1472136,"product_id":77373}
[2026-02-16 19:29:10] [INFO] Created product | Context: {"external_id":1472133,"product_id":77374}
[2026-02-16 19:29:10] [INFO] Created product | Context: {"external_id":1472117,"product_id":77375}
[2026-02-16 19:29:10] [INFO] Created product | Context: {"external_id":1472109,"product_id":77376}
[2026-02-16 19:29:10] [INFO] Created product | Context: {"external_id":1472108,"product_id":77377}
[2026-02-16 19:29:10] [INFO] Created product | Context: {"external_id":1472107,"product_id":77378}
[2026-02-16 19:29:10] [INFO] Created product | Context: {"external_id":1472105,"product_id":77379}
[2026-02-16 19:29:11] [INFO] Created product | Context: {"external_id":1470587,"product_id":77380}
[2026-02-16 19:29:11] [INFO] Created product | Context: {"external_id":1470584,"product_id":77381}
[2026-02-16 19:29:11] [INFO] Created product | Context: {"external_id":1470579,"product_id":77382}
[2026-02-16 19:29:11] [INFO] Created product | Context: {"external_id":1454643,"product_id":77383}
[2026-02-16 19:29:11] [INFO] Created product | Context: {"external_id":1418093,"product_id":77384}
[2026-02-16 19:29:11] [INFO] Created product | Context: {"external_id":1418092,"product_id":77385}
[2026-02-16 19:29:11] [INFO] Created product | Context: {"external_id":1418088,"product_id":77386}
[2026-02-16 19:29:11] [INFO] Created product | Context: {"external_id":1418087,"product_id":77387}
[2026-02-16 19:29:11] [INFO] Created product | Context: {"external_id":1418086,"product_id":77388}
[2026-02-16 19:29:12] [INFO] Created product | Context: {"external_id":1371688,"product_id":77389}
[2026-02-16 19:29:12] [INFO] Created product | Context: {"external_id":1368677,"product_id":77390}
[2026-02-16 19:29:12] [INFO] Created product | Context: {"external_id":1368674,"product_id":77391}
[2026-02-16 19:29:12] [INFO] Created product | Context: {"external_id":1368671,"product_id":77392}
[2026-02-16 19:29:12] [INFO] Created product | Context: {"external_id":1368670,"product_id":77393}
[2026-02-16 19:29:12] [INFO] Created product | Context: {"external_id":1368657,"product_id":77394}
[2026-02-16 19:29:12] [INFO] Created product | Context: {"external_id":1368647,"product_id":77395}
[2026-02-16 19:29:12] [INFO] Created product | Context: {"external_id":1368638,"product_id":77396}
[2026-02-16 19:29:12] [INFO] Created product | Context: {"external_id":1366656,"product_id":77397}
[2026-02-16 19:29:13] [INFO] Created product | Context: {"external_id":1366654,"product_id":77398}
[2026-02-16 19:29:13] [INFO] Created product | Context: {"external_id":1366651,"product_id":77399}
[2026-02-16 19:29:13] [INFO] Created product | Context: {"external_id":1366532,"product_id":77400}
[2026-02-16 19:29:13] [INFO] Created product | Context: {"external_id":1366526,"product_id":77401}
[2026-02-16 19:29:13] [INFO] Created product | Context: {"external_id":1365712,"product_id":77402}
[2026-02-16 19:29:13] [INFO] Created product | Context: {"external_id":1365711,"product_id":77403}
[2026-02-16 19:29:13] [INFO] Created product | Context: {"external_id":1365704,"product_id":77404}
[2026-02-16 19:29:13] [INFO] Created product | Context: {"external_id":1364963,"product_id":77405}
[2026-02-16 19:29:13] [INFO] Batch processed | Context: {"offset":150,"total":3218}
[2026-02-16 19:29:15] [INFO] Created product | Context: {"external_id":1364962,"product_id":77406}
[2026-02-16 19:29:15] [INFO] Created product | Context: {"external_id":1364959,"product_id":77407}
[2026-02-16 19:29:15] [INFO] Created product | Context: {"external_id":1364958,"product_id":77408}
[2026-02-16 19:29:15] [INFO] Created product | Context: {"external_id":1364951,"product_id":77409}
[2026-02-16 19:29:15] [INFO] Created product | Context: {"external_id":1364945,"product_id":77410}
[2026-02-16 19:29:15] [INFO] Created product | Context: {"external_id":1358757,"product_id":77411}
[2026-02-16 19:29:15] [INFO] Created product | Context: {"external_id":1358737,"product_id":77412}
[2026-02-16 19:29:16] [INFO] Created product | Context: {"external_id":1358732,"product_id":77413}
[2026-02-16 19:29:16] [INFO] Created product | Context: {"external_id":1358731,"product_id":77414}
[2026-02-16 19:29:16] [INFO] Created product | Context: {"external_id":1358722,"product_id":77415}
[2026-02-16 19:29:16] [INFO] Created product | Context: {"external_id":1358721,"product_id":77416}
[2026-02-16 19:29:16] [INFO] Created product | Context: {"external_id":1357591,"product_id":77417}
[2026-02-16 19:29:16] [INFO] Created product | Context: {"external_id":1356017,"product_id":77418}
[2026-02-16 19:29:16] [INFO] Created product | Context: {"external_id":1356008,"product_id":77419}
[2026-02-16 19:29:16] [INFO] Created product | Context: {"external_id":1356001,"product_id":77420}
[2026-02-16 19:29:16] [INFO] Created product | Context: {"external_id":1354645,"product_id":77421}
[2026-02-16 19:29:17] [INFO] Created product | Context: {"external_id":1354642,"product_id":77422}
[2026-02-16 19:29:17] [INFO] Created product | Context: {"external_id":1354641,"product_id":77423}
[2026-02-16 19:29:17] [INFO] Created product | Context: {"external_id":1354173,"product_id":77424}
[2026-02-16 19:29:17] [INFO] Created product | Context: {"external_id":1354167,"product_id":77425}
[2026-02-16 19:29:17] [INFO] Created product | Context: {"external_id":1354166,"product_id":77426}
[2026-02-16 19:29:17] [INFO] Created product | Context: {"external_id":1354164,"product_id":77427}
[2026-02-16 19:29:17] [INFO] Created product | Context: {"external_id":1354162,"product_id":77428}
[2026-02-16 19:29:17] [INFO] Created product | Context: {"external_id":1354136,"product_id":77429}
[2026-02-16 19:29:17] [INFO] Created product | Context: {"external_id":1354131,"product_id":77430}
[2026-02-16 19:29:17] [INFO] Created product | Context: {"external_id":1354129,"product_id":77431}
[2026-02-16 19:29:18] [INFO] Created product | Context: {"external_id":1353881,"product_id":77432}
[2026-02-16 19:29:18] [INFO] Created product | Context: {"external_id":1353880,"product_id":77433}
[2026-02-16 19:29:18] [INFO] Created product | Context: {"external_id":1353875,"product_id":77434}
[2026-02-16 19:29:18] [INFO] Created product | Context: {"external_id":1353874,"product_id":77435}
[2026-02-16 19:29:18] [INFO] Created product | Context: {"external_id":1353871,"product_id":77436}
[2026-02-16 19:29:18] [INFO] Created product | Context: {"external_id":1349488,"product_id":77437}
[2026-02-16 19:29:18] [INFO] Created product | Context: {"external_id":1349484,"product_id":77438}
[2026-02-16 19:29:18] [INFO] Created product | Context: {"external_id":1349482,"product_id":77439}
[2026-02-16 19:29:18] [INFO] Created product | Context: {"external_id":1349467,"product_id":77440}
[2026-02-16 19:29:19] [INFO] Created product | Context: {"external_id":1343054,"product_id":77441}
[2026-02-16 19:29:19] [INFO] Created product | Context: {"external_id":1343053,"product_id":77442}
[2026-02-16 19:29:19] [INFO] Created product | Context: {"external_id":1343051,"product_id":77443}
[2026-02-16 19:29:19] [INFO] Created product | Context: {"external_id":1343049,"product_id":77444}
[2026-02-16 19:29:19] [INFO] Created product | Context: {"external_id":1343047,"product_id":77445}
[2026-02-16 19:29:19] [INFO] Created product | Context: {"external_id":1343043,"product_id":77446}
[2026-02-16 19:29:19] [INFO] Created product | Context: {"external_id":1342960,"product_id":77447}
[2026-02-16 19:29:19] [INFO] Created product | Context: {"external_id":1342955,"product_id":77448}
[2026-02-16 19:29:19] [INFO] Created product | Context: {"external_id":1341694,"product_id":77449}
[2026-02-16 19:29:19] [INFO] Created product | Context: {"external_id":1340450,"product_id":77450}
[2026-02-16 19:29:20] [INFO] Created product | Context: {"external_id":1340444,"product_id":77451}
[2026-02-16 19:29:20] [INFO] Created product | Context: {"external_id":1340443,"product_id":77452}
[2026-02-16 19:29:20] [INFO] Created product | Context: {"external_id":1339306,"product_id":77453}
[2026-02-16 19:29:20] [INFO] Created product | Context: {"external_id":1338734,"product_id":77454}
[2026-02-16 19:29:20] [INFO] Created product | Context: {"external_id":1338729,"product_id":77455}
[2026-02-16 19:29:20] [INFO] Batch processed | Context: {"offset":200,"total":3218}
[2026-02-16 19:29:21] [INFO] Created product | Context: {"external_id":1329519,"product_id":77456}
[2026-02-16 19:29:21] [INFO] Created product | Context: {"external_id":1485163,"product_id":77457}
[2026-02-16 19:29:22] [INFO] Created product | Context: {"external_id":1482771,"product_id":77458}
[2026-02-16 19:29:22] [INFO] Created product | Context: {"external_id":1482769,"product_id":77459}
[2026-02-16 19:29:22] [INFO] Created product | Context: {"external_id":1482767,"product_id":77460}
[2026-02-16 19:29:22] [INFO] Created product | Context: {"external_id":1482766,"product_id":77461}
[2026-02-16 19:29:22] [INFO] Created product | Context: {"external_id":1482731,"product_id":77462}
[2026-02-16 19:29:22] [INFO] Created product | Context: {"external_id":1482729,"product_id":77463}
[2026-02-16 19:29:22] [INFO] Created product | Context: {"external_id":1482727,"product_id":77464}
[2026-02-16 19:29:22] [INFO] Created product | Context: {"external_id":1482725,"product_id":77465}
[2026-02-16 19:29:22] [INFO] Created product | Context: {"external_id":1481121,"product_id":77466}
[2026-02-16 19:29:23] [INFO] Created product | Context: {"external_id":1481119,"product_id":77467}
[2026-02-16 19:29:23] [INFO] Created product | Context: {"external_id":1481118,"product_id":77468}
[2026-02-16 19:29:23] [INFO] Created product | Context: {"external_id":1481116,"product_id":77469}
[2026-02-16 19:29:23] [INFO] Created product | Context: {"external_id":1481115,"product_id":77470}
[2026-02-16 19:29:23] [INFO] Created product | Context: {"external_id":1479658,"product_id":77471}
[2026-02-16 19:29:23] [INFO] Created product | Context: {"external_id":1479657,"product_id":77472}
[2026-02-16 19:29:23] [INFO] Created product | Context: {"external_id":1479656,"product_id":77473}
[2026-02-16 19:29:23] [INFO] Created product | Context: {"external_id":1479655,"product_id":77474}
[2026-02-16 19:29:23] [INFO] Created product | Context: {"external_id":1479653,"product_id":77475}
[2026-02-16 19:29:23] [INFO] Created product | Context: {"external_id":1479652,"product_id":77476}
[2026-02-16 19:29:24] [INFO] Created product | Context: {"external_id":1479651,"product_id":77477}
[2026-02-16 19:29:24] [INFO] Created product | Context: {"external_id":1479650,"product_id":77478}
[2026-02-16 19:29:24] [INFO] Created product | Context: {"external_id":1479649,"product_id":77479}
[2026-02-16 19:29:24] [INFO] Created product | Context: {"external_id":1479515,"product_id":77480}
[2026-02-16 19:29:24] [INFO] Created product | Context: {"external_id":1479512,"product_id":77481}
[2026-02-16 19:29:24] [INFO] Created product | Context: {"external_id":1479510,"product_id":77482}
[2026-02-16 19:29:24] [INFO] Created product | Context: {"external_id":1479509,"product_id":77483}
[2026-02-16 19:29:24] [INFO] Created product | Context: {"external_id":1479501,"product_id":77484}
[2026-02-16 19:29:24] [INFO] Created product | Context: {"external_id":1476376,"product_id":77485}
[2026-02-16 19:29:25] [INFO] Created product | Context: {"external_id":1476375,"product_id":77486}
[2026-02-16 19:29:25] [INFO] Created product | Context: {"external_id":1476371,"product_id":77487}
[2026-02-16 19:29:25] [INFO] Created product | Context: {"external_id":1476369,"product_id":77488}
[2026-02-16 19:29:25] [INFO] Created product | Context: {"external_id":1476346,"product_id":77489}
[2026-02-16 19:29:25] [INFO] Created product | Context: {"external_id":1476345,"product_id":77490}
[2026-02-16 19:29:25] [INFO] Created product | Context: {"external_id":1476344,"product_id":77491}
[2026-02-16 19:29:25] [INFO] Created product | Context: {"external_id":1476342,"product_id":77492}
[2026-02-16 19:29:25] [INFO] Created product | Context: {"external_id":1476235,"product_id":77493}
[2026-02-16 19:29:25] [INFO] Created product | Context: {"external_id":1476234,"product_id":77494}
[2026-02-16 19:29:26] [INFO] Created product | Context: {"external_id":1476233,"product_id":77495}
[2026-02-16 19:29:26] [INFO] Created product | Context: {"external_id":1476232,"product_id":77496}
[2026-02-16 19:29:26] [INFO] Created product | Context: {"external_id":1476231,"product_id":77497}
[2026-02-16 19:29:26] [INFO] Created product | Context: {"external_id":1476230,"product_id":77498}
[2026-02-16 19:29:26] [INFO] Created product | Context: {"external_id":1476229,"product_id":77499}
[2026-02-16 19:29:26] [INFO] Created product | Context: {"external_id":1476228,"product_id":77500}
[2026-02-16 19:29:26] [INFO] Created product | Context: {"external_id":1476227,"product_id":77501}
[2026-02-16 19:29:26] [INFO] Created product | Context: {"external_id":1476212,"product_id":77502}
[2026-02-16 19:29:26] [INFO] Created product | Context: {"external_id":1476211,"product_id":77503}
[2026-02-16 19:29:27] [INFO] Created product | Context: {"external_id":1476210,"product_id":77504}
[2026-02-16 19:29:27] [INFO] Created product | Context: {"external_id":1476209,"product_id":77505}
[2026-02-16 19:29:27] [INFO] Batch processed | Context: {"offset":250,"total":3218}
[2026-02-16 19:29:28] [INFO] Created product | Context: {"external_id":1476206,"product_id":77506}
[2026-02-16 19:29:28] [INFO] Created product | Context: {"external_id":1476203,"product_id":77507}
[2026-02-16 19:29:28] [INFO] Created product | Context: {"external_id":1476201,"product_id":77508}
[2026-02-16 19:29:28] [INFO] Created product | Context: {"external_id":1476188,"product_id":77509}
[2026-02-16 19:29:28] [INFO] Created product | Context: {"external_id":1476187,"product_id":77510}
[2026-02-16 19:29:28] [INFO] Created product | Context: {"external_id":1476091,"product_id":77511}
[2026-02-16 19:29:28] [INFO] Created product | Context: {"external_id":1476090,"product_id":77512}
[2026-02-16 19:29:29] [INFO] Created product | Context: {"external_id":1476089,"product_id":77513}
[2026-02-16 19:29:29] [INFO] Created product | Context: {"external_id":1476085,"product_id":77514}
[2026-02-16 19:29:29] [INFO] Created product | Context: {"external_id":1476084,"product_id":77515}
[2026-02-16 19:29:29] [INFO] Created product | Context: {"external_id":1476083,"product_id":77516}
[2026-02-16 19:29:29] [INFO] Created product | Context: {"external_id":1476077,"product_id":77517}
[2026-02-16 19:29:29] [INFO] Created product | Context: {"external_id":1476075,"product_id":77518}
[2026-02-16 19:29:29] [INFO] Created product | Context: {"external_id":1473705,"product_id":77519}
[2026-02-16 19:29:29] [INFO] Created product | Context: {"external_id":1473699,"product_id":77520}
[2026-02-16 19:29:29] [INFO] Created product | Context: {"external_id":1473697,"product_id":77521}
[2026-02-16 19:29:30] [INFO] Created product | Context: {"external_id":1473696,"product_id":77522}
[2026-02-16 19:29:30] [INFO] Created product | Context: {"external_id":1473693,"product_id":77523}
[2026-02-16 19:29:30] [INFO] Created product | Context: {"external_id":1473691,"product_id":77524}
[2026-02-16 19:29:30] [INFO] Created product | Context: {"external_id":1473688,"product_id":77525}
[2026-02-16 19:29:30] [INFO] Created product | Context: {"external_id":1473684,"product_id":77526}
[2026-02-16 19:29:30] [INFO] Created product | Context: {"external_id":1473058,"product_id":77527}
[2026-02-16 19:29:30] [INFO] Created product | Context: {"external_id":1473057,"product_id":77528}
[2026-02-16 19:29:30] [INFO] Created product | Context: {"external_id":1473055,"product_id":77529}
[2026-02-16 19:29:30] [INFO] Created product | Context: {"external_id":1473052,"product_id":77530}
[2026-02-16 19:29:31] [INFO] Created product | Context: {"external_id":1473051,"product_id":77531}
[2026-02-16 19:29:31] [INFO] Created product | Context: {"external_id":1473050,"product_id":77532}
[2026-02-16 19:29:31] [INFO] Created product | Context: {"external_id":1472992,"product_id":77533}
[2026-02-16 19:29:31] [INFO] Created product | Context: {"external_id":1472990,"product_id":77534}
[2026-02-16 19:29:31] [INFO] Created product | Context: {"external_id":1472812,"product_id":77535}
[2026-02-16 19:29:31] [INFO] Created product | Context: {"external_id":1472808,"product_id":77536}
[2026-02-16 19:29:31] [INFO] Created product | Context: {"external_id":1472804,"product_id":77537}
[2026-02-16 19:29:31] [INFO] Created product | Context: {"external_id":1472797,"product_id":77538}
[2026-02-16 19:29:31] [INFO] Created product | Context: {"external_id":1472791,"product_id":77539}
[2026-02-16 19:29:32] [INFO] Created product | Context: {"external_id":1472787,"product_id":77540}
[2026-02-16 19:29:32] [INFO] Created product | Context: {"external_id":1472780,"product_id":77541}
[2026-02-16 19:29:32] [INFO] Created product | Context: {"external_id":1472321,"product_id":77542}
[2026-02-16 19:29:32] [INFO] Created product | Context: {"external_id":1472280,"product_id":77543}
[2026-02-16 19:29:32] [INFO] Created product | Context: {"external_id":1472277,"product_id":77544}
[2026-02-16 19:29:32] [INFO] Created product | Context: {"external_id":1472276,"product_id":77545}
[2026-02-16 19:29:32] [INFO] Created product | Context: {"external_id":1472275,"product_id":77546}
[2026-02-16 19:29:32] [INFO] Created product | Context: {"external_id":1472274,"product_id":77547}
[2026-02-16 19:29:32] [INFO] Created product | Context: {"external_id":1472273,"product_id":77548}
[2026-02-16 19:29:32] [INFO] Created product | Context: {"external_id":1472272,"product_id":77549}
[2026-02-16 19:29:33] [INFO] Created product | Context: {"external_id":1472271,"product_id":77550}
[2026-02-16 19:29:33] [INFO] Created product | Context: {"external_id":1472270,"product_id":77551}
[2026-02-16 19:29:33] [INFO] Created product | Context: {"external_id":1472268,"product_id":77552}
[2026-02-16 19:29:33] [INFO] Created product | Context: {"external_id":1472197,"product_id":77553}
[2026-02-16 19:29:33] [INFO] Created product | Context: {"external_id":1472131,"product_id":77554}
[2026-02-16 19:29:33] [INFO] Created product | Context: {"external_id":1472129,"product_id":77555}
[2026-02-16 19:29:33] [INFO] Batch processed | Context: {"offset":300,"total":3218}
[2026-02-16 19:29:35] [INFO] Created product | Context: {"external_id":1472128,"product_id":77556}
[2026-02-16 19:29:35] [INFO] Created product | Context: {"external_id":1472121,"product_id":77557}
[2026-02-16 19:29:35] [INFO] Created product | Context: {"external_id":1472119,"product_id":77558}
[2026-02-16 19:29:35] [INFO] Created product | Context: {"external_id":1472118,"product_id":77559}
[2026-02-16 19:29:35] [INFO] Created product | Context: {"external_id":1472116,"product_id":77560}
[2026-02-16 19:29:35] [INFO] Created product | Context: {"external_id":1472110,"product_id":77561}
[2026-02-16 19:29:35] [INFO] Created product | Context: {"external_id":1472104,"product_id":77562}
[2026-02-16 19:29:35] [INFO] Created product | Context: {"external_id":1471480,"product_id":77563}
[2026-02-16 19:29:35] [INFO] Created product | Context: {"external_id":1470588,"product_id":77564}
[2026-02-16 19:29:36] [INFO] Created product | Context: {"external_id":1470586,"product_id":77565}
[2026-02-16 19:29:36] [INFO] Created product | Context: {"external_id":1470583,"product_id":77566}
[2026-02-16 19:29:36] [INFO] Created product | Context: {"external_id":1470582,"product_id":77567}
[2026-02-16 19:29:36] [INFO] Created product | Context: {"external_id":1470580,"product_id":77568}
[2026-02-16 19:29:36] [INFO] Created product | Context: {"external_id":1455529,"product_id":77569}
[2026-02-16 19:29:36] [INFO] Created product | Context: {"external_id":1455498,"product_id":77570}
[2026-02-16 19:29:36] [INFO] Created product | Context: {"external_id":1455492,"product_id":77571}
[2026-02-16 19:29:36] [INFO] Created product | Context: {"external_id":1455491,"product_id":77572}
[2026-02-16 19:29:36] [INFO] Created product | Context: {"external_id":1455451,"product_id":77573}
[2026-02-16 19:29:36] [INFO] Created product | Context: {"external_id":1454690,"product_id":77574}
[2026-02-16 19:29:37] [INFO] Created product | Context: {"external_id":1454646,"product_id":77575}
[2026-02-16 19:29:37] [INFO] Created product | Context: {"external_id":1454644,"product_id":77576}
[2026-02-16 19:29:37] [INFO] Created product | Context: {"external_id":1418094,"product_id":77577}
[2026-02-16 19:29:37] [INFO] Created product | Context: {"external_id":1418091,"product_id":77578}
[2026-02-16 19:29:37] [INFO] Created product | Context: {"external_id":1418089,"product_id":77579}
[2026-02-16 19:29:37] [INFO] Created product | Context: {"external_id":1418085,"product_id":77580}
[2026-02-16 19:29:37] [INFO] Created product | Context: {"external_id":1418084,"product_id":77581}
[2026-02-16 19:29:37] [INFO] Created product | Context: {"external_id":1418083,"product_id":77582}
[2026-02-16 19:29:37] [INFO] Created product | Context: {"external_id":1418082,"product_id":77583}
[2026-02-16 19:29:38] [INFO] Created product | Context: {"external_id":1418081,"product_id":77584}
[2026-02-16 19:29:38] [INFO] Created product | Context: {"external_id":1371687,"product_id":77585}
[2026-02-16 19:29:38] [INFO] Created product | Context: {"external_id":1371686,"product_id":77586}
[2026-02-16 19:29:38] [INFO] Created product | Context: {"external_id":1371685,"product_id":77587}
[2026-02-16 19:29:38] [INFO] Created product | Context: {"external_id":1368680,"product_id":77588}
[2026-02-16 19:29:38] [INFO] Created product | Context: {"external_id":1368679,"product_id":77589}
[2026-02-16 19:29:38] [INFO] Created product | Context: {"external_id":1368678,"product_id":77590}
[2026-02-16 19:29:38] [INFO] Created product | Context: {"external_id":1368676,"product_id":77591}
[2026-02-16 19:29:38] [INFO] Created product | Context: {"external_id":1368675,"product_id":77592}
[2026-02-16 19:29:39] [INFO] Created product | Context: {"external_id":1368673,"product_id":77593}
[2026-02-16 19:29:39] [INFO] Created product | Context: {"external_id":1368672,"product_id":77594}
[2026-02-16 19:29:39] [INFO] Created product | Context: {"external_id":1368666,"product_id":77595}
[2026-02-16 19:29:39] [INFO] Created product | Context: {"external_id":1368655,"product_id":77596}
[2026-02-16 19:29:39] [INFO] Created product | Context: {"external_id":1368653,"product_id":77597}
[2026-02-16 19:29:39] [INFO] Created product | Context: {"external_id":1368652,"product_id":77598}
[2026-02-16 19:29:39] [INFO] Created product | Context: {"external_id":1368651,"product_id":77599}
[2026-02-16 19:29:39] [INFO] Created product | Context: {"external_id":1368649,"product_id":77600}
[2026-02-16 19:29:40] [INFO] Created product | Context: {"external_id":1368648,"product_id":77601}
[2026-02-16 19:29:40] [INFO] Created product | Context: {"external_id":1368637,"product_id":77602}
[2026-02-16 19:29:40] [INFO] Created product | Context: {"external_id":1368636,"product_id":77603}
[2026-02-16 19:29:40] [INFO] Created product | Context: {"external_id":1368635,"product_id":77604}
[2026-02-16 19:29:40] [INFO] Created product | Context: {"external_id":1366657,"product_id":77605}
[2026-02-16 19:29:40] [INFO] Batch processed | Context: {"offset":350,"total":3218}
[2026-02-16 19:29:41] [INFO] Created product | Context: {"external_id":1366655,"product_id":77606}
[2026-02-16 19:29:41] [INFO] Created product | Context: {"external_id":1366653,"product_id":77607}
[2026-02-16 19:29:42] [INFO] Created product | Context: {"external_id":1366652,"product_id":77608}
[2026-02-16 19:29:42] [INFO] Created product | Context: {"external_id":1366650,"product_id":77609}
[2026-02-16 19:29:42] [INFO] Created product | Context: {"external_id":1366649,"product_id":77610}
[2026-02-16 19:29:42] [INFO] Created product | Context: {"external_id":1366648,"product_id":77611}
[2026-02-16 19:29:42] [INFO] Created product | Context: {"external_id":1366647,"product_id":77612}
[2026-02-16 19:29:42] [INFO] Created product | Context: {"external_id":1366646,"product_id":77613}
[2026-02-16 19:29:42] [INFO] Created product | Context: {"external_id":1366645,"product_id":77614}
[2026-02-16 19:29:42] [INFO] Created product | Context: {"external_id":1366529,"product_id":77615}
[2026-02-16 19:29:42] [INFO] Created product | Context: {"external_id":1366527,"product_id":77616}
[2026-02-16 19:29:42] [INFO] Created product | Context: {"external_id":1365710,"product_id":77617}
[2026-02-16 19:29:43] [INFO] Created product | Context: {"external_id":1365707,"product_id":77618}
[2026-02-16 19:29:43] [INFO] Created product | Context: {"external_id":1365706,"product_id":77619}
[2026-02-16 19:29:43] [INFO] Created product | Context: {"external_id":1364965,"product_id":77620}
[2026-02-16 19:29:43] [INFO] Created product | Context: {"external_id":1364964,"product_id":77621}
[2026-02-16 19:29:43] [INFO] Created product | Context: {"external_id":1364961,"product_id":77622}
[2026-02-16 19:29:43] [INFO] Created product | Context: {"external_id":1364960,"product_id":77623}
[2026-02-16 19:29:43] [INFO] Created product | Context: {"external_id":1364957,"product_id":77624}
[2026-02-16 19:29:43] [INFO] Created product | Context: {"external_id":1364956,"product_id":77625}
[2026-02-16 19:29:43] [INFO] Created product | Context: {"external_id":1364955,"product_id":77626}
[2026-02-16 19:29:44] [INFO] Created product | Context: {"external_id":1364954,"product_id":77627}
[2026-02-16 19:29:44] [INFO] Created product | Context: {"external_id":1364953,"product_id":77628}
[2026-02-16 19:29:44] [INFO] Created product | Context: {"external_id":1364952,"product_id":77629}
[2026-02-16 19:29:44] [INFO] Created product | Context: {"external_id":1364950,"product_id":77630}
[2026-02-16 19:29:44] [INFO] Created product | Context: {"external_id":1364949,"product_id":77631}
[2026-02-16 19:29:44] [INFO] Created product | Context: {"external_id":1364948,"product_id":77632}
[2026-02-16 19:29:44] [INFO] Created product | Context: {"external_id":1364947,"product_id":77633}
[2026-02-16 19:29:44] [INFO] Created product | Context: {"external_id":1364946,"product_id":77634}
[2026-02-16 19:29:44] [INFO] Created product | Context: {"external_id":1358759,"product_id":77635}
[2026-02-16 19:29:45] [INFO] Created product | Context: {"external_id":1358758,"product_id":77636}
[2026-02-16 19:29:45] [INFO] Created product | Context: {"external_id":1358756,"product_id":77637}
[2026-02-16 19:29:45] [INFO] Created product | Context: {"external_id":1358755,"product_id":77638}
[2026-02-16 19:29:45] [INFO] Created product | Context: {"external_id":1358754,"product_id":77639}
[2026-02-16 19:29:45] [INFO] Created product | Context: {"external_id":1358752,"product_id":77640}
[2026-02-16 19:29:45] [INFO] Created product | Context: {"external_id":1358742,"product_id":77641}
[2026-02-16 19:29:45] [INFO] Created product | Context: {"external_id":1358741,"product_id":77642}
[2026-02-16 19:29:45] [INFO] Created product | Context: {"external_id":1358740,"product_id":77643}
[2026-02-16 19:29:45] [INFO] Created product | Context: {"external_id":1358739,"product_id":77644}
[2026-02-16 19:29:46] [INFO] Created product | Context: {"external_id":1358738,"product_id":77645}
[2026-02-16 19:29:46] [INFO] Created product | Context: {"external_id":1358736,"product_id":77646}
[2026-02-16 19:29:46] [INFO] Created product | Context: {"external_id":1358735,"product_id":77647}
[2026-02-16 19:29:46] [INFO] Created product | Context: {"external_id":1358734,"product_id":77648}
[2026-02-16 19:29:46] [INFO] Created product | Context: {"external_id":1358733,"product_id":77649}
[2026-02-16 19:29:46] [INFO] Created product | Context: {"external_id":1358730,"product_id":77650}
[2026-02-16 19:29:46] [INFO] Created product | Context: {"external_id":1358728,"product_id":77651}
[2026-02-16 19:29:46] [INFO] Created product | Context: {"external_id":1358727,"product_id":77652}
[2026-02-16 19:29:46] [INFO] Created product | Context: {"external_id":1358726,"product_id":77653}
[2026-02-16 19:29:47] [INFO] Created product | Context: {"external_id":1358725,"product_id":77654}
[2026-02-16 19:29:47] [INFO] Created product | Context: {"external_id":1358723,"product_id":77655}
[2026-02-16 19:29:47] [INFO] Batch processed | Context: {"offset":400,"total":3218}
[2026-02-16 19:29:48] [INFO] Created product | Context: {"external_id":1358719,"product_id":77656}
[2026-02-16 19:29:48] [INFO] Created product | Context: {"external_id":1357590,"product_id":77657}
[2026-02-16 19:29:48] [INFO] Created product | Context: {"external_id":1357589,"product_id":77658}
[2026-02-16 19:29:48] [INFO] Created product | Context: {"external_id":1357588,"product_id":77659}
[2026-02-16 19:29:49] [INFO] Created product | Context: {"external_id":1357587,"product_id":77660}
[2026-02-16 19:29:49] [INFO] Created product | Context: {"external_id":1356015,"product_id":77661}
[2026-02-16 19:29:49] [INFO] Created product | Context: {"external_id":1356014,"product_id":77662}
[2026-02-16 19:29:49] [INFO] Created product | Context: {"external_id":1356010,"product_id":77663}
[2026-02-16 19:29:49] [INFO] Created product | Context: {"external_id":1356009,"product_id":77664}
[2026-02-16 19:29:49] [INFO] Created product | Context: {"external_id":1356007,"product_id":77665}
[2026-02-16 19:29:49] [INFO] Created product | Context: {"external_id":1356006,"product_id":77666}
[2026-02-16 19:29:49] [INFO] Created product | Context: {"external_id":1356005,"product_id":77667}
[2026-02-16 19:29:49] [INFO] Created product | Context: {"external_id":1356004,"product_id":77668}
[2026-02-16 19:29:50] [INFO] Created product | Context: {"external_id":1356003,"product_id":77669}
[2026-02-16 19:29:50] [INFO] Created product | Context: {"external_id":1356002,"product_id":77670}
[2026-02-16 19:29:50] [INFO] Created product | Context: {"external_id":1355987,"product_id":77671}
[2026-02-16 19:29:50] [INFO] Created product | Context: {"external_id":1354178,"product_id":77672}
[2026-02-16 19:29:50] [INFO] Created product | Context: {"external_id":1354177,"product_id":77673}
[2026-02-16 19:29:50] [INFO] Created product | Context: {"external_id":1354176,"product_id":77674}
[2026-02-16 19:29:50] [INFO] Created product | Context: {"external_id":1354175,"product_id":77675}
[2026-02-16 19:29:50] [INFO] Created product | Context: {"external_id":1354174,"product_id":77676}
[2026-02-16 19:29:50] [INFO] Created product | Context: {"external_id":1354172,"product_id":77677}
[2026-02-16 19:29:51] [INFO] Created product | Context: {"external_id":1354171,"product_id":77678}
[2026-02-16 19:29:51] [INFO] Created product | Context: {"external_id":1354169,"product_id":77679}
[2026-02-16 19:29:51] [INFO] Created product | Context: {"external_id":1354168,"product_id":77680}
[2026-02-16 19:29:51] [INFO] Created product | Context: {"external_id":1354165,"product_id":77681}
[2026-02-16 19:29:51] [INFO] Created product | Context: {"external_id":1354163,"product_id":77682}
[2026-02-16 19:29:51] [INFO] Created product | Context: {"external_id":1354161,"product_id":77683}
[2026-02-16 19:29:51] [INFO] Created product | Context: {"external_id":1354159,"product_id":77684}
[2026-02-16 19:29:51] [INFO] Created product | Context: {"external_id":1354158,"product_id":77685}
[2026-02-16 19:29:52] [INFO] Created product | Context: {"external_id":1354157,"product_id":77686}
[2026-02-16 19:29:52] [INFO] Created product | Context: {"external_id":1354156,"product_id":77687}
[2026-02-16 19:29:52] [INFO] Created product | Context: {"external_id":1354155,"product_id":77688}
[2026-02-16 19:29:52] [INFO] Created product | Context: {"external_id":1354154,"product_id":77689}
[2026-02-16 19:29:52] [INFO] Created product | Context: {"external_id":1354153,"product_id":77690}
[2026-02-16 19:29:52] [INFO] Created product | Context: {"external_id":1354152,"product_id":77691}
[2026-02-16 19:29:52] [INFO] Created product | Context: {"external_id":1354151,"product_id":77692}
[2026-02-16 19:29:52] [INFO] Created product | Context: {"external_id":1354150,"product_id":77693}
[2026-02-16 19:29:52] [INFO] Created product | Context: {"external_id":1354149,"product_id":77694}
[2026-02-16 19:29:53] [INFO] Created product | Context: {"external_id":1354148,"product_id":77695}
[2026-02-16 19:29:53] [INFO] Created product | Context: {"external_id":1354147,"product_id":77696}
[2026-02-16 19:29:53] [INFO] Created product | Context: {"external_id":1354146,"product_id":77697}
[2026-02-16 19:29:53] [INFO] Created product | Context: {"external_id":1354145,"product_id":77698}
[2026-02-16 19:29:53] [INFO] Created product | Context: {"external_id":1354144,"product_id":77699}
[2026-02-16 19:29:53] [INFO] Created product | Context: {"external_id":1354143,"product_id":77700}
[2026-02-16 19:29:53] [INFO] Created product | Context: {"external_id":1354142,"product_id":77701}
[2026-02-16 19:29:53] [INFO] Created product | Context: {"external_id":1354141,"product_id":77702}
[2026-02-16 19:29:53] [INFO] Created product | Context: {"external_id":1354140,"product_id":77703}
[2026-02-16 19:29:54] [INFO] Created product | Context: {"external_id":1354139,"product_id":77704}
[2026-02-16 19:29:54] [INFO] Created product | Context: {"external_id":1354137,"product_id":77705}
[2026-02-16 19:29:54] [INFO] Batch processed | Context: {"offset":450,"total":3218}
[2026-02-16 19:29:56] [INFO] Created product | Context: {"external_id":1354135,"product_id":77706}
[2026-02-16 19:29:56] [INFO] Created product | Context: {"external_id":1354134,"product_id":77707}
[2026-02-16 19:29:56] [INFO] Created product | Context: {"external_id":1354133,"product_id":77708}
[2026-02-16 19:29:56] [INFO] Created product | Context: {"external_id":1354132,"product_id":77709}
[2026-02-16 19:29:57] [INFO] Created product | Context: {"external_id":1353879,"product_id":77710}
[2026-02-16 19:29:57] [INFO] Created product | Context: {"external_id":1353878,"product_id":77711}
[2026-02-16 19:29:57] [INFO] Created product | Context: {"external_id":1353877,"product_id":77712}
[2026-02-16 19:29:57] [INFO] Created product | Context: {"external_id":1353876,"product_id":77713}
[2026-02-16 19:29:57] [INFO] Created product | Context: {"external_id":1353873,"product_id":77714}
[2026-02-16 19:29:57] [INFO] Created product | Context: {"external_id":1353872,"product_id":77715}
[2026-02-16 19:29:57] [INFO] Created product | Context: {"external_id":1353855,"product_id":77716}
[2026-02-16 19:29:57] [INFO] Created product | Context: {"external_id":1353854,"product_id":77717}
[2026-02-16 19:29:57] [INFO] Created product | Context: {"external_id":1353852,"product_id":77718}
[2026-02-16 19:29:58] [INFO] Created product | Context: {"external_id":1353851,"product_id":77719}
[2026-02-16 19:29:58] [INFO] Created product | Context: {"external_id":1353850,"product_id":77720}
[2026-02-16 19:29:58] [INFO] Created product | Context: {"external_id":1350978,"product_id":77721}
[2026-02-16 19:29:58] [INFO] Created product | Context: {"external_id":1349490,"product_id":77722}
[2026-02-16 19:29:58] [INFO] Created product | Context: {"external_id":1349489,"product_id":77723}
[2026-02-16 19:29:58] [INFO] Created product | Context: {"external_id":1349487,"product_id":77724}
[2026-02-16 19:29:58] [INFO] Created product | Context: {"external_id":1349486,"product_id":77725}
[2026-02-16 19:29:58] [INFO] Created product | Context: {"external_id":1349485,"product_id":77726}
[2026-02-16 19:29:59] [INFO] Created product | Context: {"external_id":1349483,"product_id":77727}
[2026-02-16 19:29:59] [INFO] Created product | Context: {"external_id":1349481,"product_id":77728}
[2026-02-16 19:29:59] [INFO] Created product | Context: {"external_id":1349480,"product_id":77729}
[2026-02-16 19:29:59] [INFO] Created product | Context: {"external_id":1349479,"product_id":77730}
[2026-02-16 19:29:59] [INFO] Created product | Context: {"external_id":1349478,"product_id":77731}
[2026-02-16 19:29:59] [INFO] Created product | Context: {"external_id":1349477,"product_id":77732}
[2026-02-16 19:29:59] [INFO] Created product | Context: {"external_id":1349476,"product_id":77733}
[2026-02-16 19:29:59] [INFO] Created product | Context: {"external_id":1349475,"product_id":77734}
[2026-02-16 19:30:00] [INFO] Created product | Context: {"external_id":1349474,"product_id":77735}
[2026-02-16 19:30:00] [INFO] Created product | Context: {"external_id":1349473,"product_id":77736}
[2026-02-16 19:30:00] [INFO] Created product | Context: {"external_id":1349472,"product_id":77737}
[2026-02-16 19:30:00] [INFO] Created product | Context: {"external_id":1349471,"product_id":77738}
[2026-02-16 19:30:00] [INFO] Created product | Context: {"external_id":1349470,"product_id":77739}
[2026-02-16 19:30:00] [INFO] Created product | Context: {"external_id":1349469,"product_id":77740}
[2026-02-16 19:30:00] [INFO] Created product | Context: {"external_id":1349468,"product_id":77741}
[2026-02-16 19:30:01] [INFO] Created product | Context: {"external_id":1347855,"product_id":77742}
[2026-02-16 19:30:01] [INFO] Created product | Context: {"external_id":1343048,"product_id":77743}
[2026-02-16 19:30:01] [INFO] Created product | Context: {"external_id":1343046,"product_id":77744}
[2026-02-16 19:30:01] [INFO] Created product | Context: {"external_id":1342965,"product_id":77745}
[2026-02-16 19:30:01] [INFO] Created product | Context: {"external_id":1342964,"product_id":77746}
[2026-02-16 19:30:01] [INFO] Created product | Context: {"external_id":1342963,"product_id":77747}
[2026-02-16 19:30:01] [INFO] Created product | Context: {"external_id":1342959,"product_id":77748}
[2026-02-16 19:30:02] [INFO] Created product | Context: {"external_id":1342957,"product_id":77749}
[2026-02-16 19:30:02] [INFO] Created product | Context: {"external_id":1342956,"product_id":77750}
[2026-02-16 19:30:02] [INFO] Created product | Context: {"external_id":1340449,"product_id":77751}
[2026-02-16 19:30:02] [INFO] Created product | Context: {"external_id":1340448,"product_id":77752}
[2026-02-16 19:30:02] [INFO] Created product | Context: {"external_id":1340446,"product_id":77753}
[2026-02-16 19:30:02] [INFO] Created product | Context: {"external_id":1340445,"product_id":77754}
[2026-02-16 19:30:03] [INFO] Created product | Context: {"external_id":1339305,"product_id":77755}
[2026-02-16 19:30:03] [INFO] Batch processed | Context: {"offset":500,"total":3218}
[2026-02-16 19:30:04] [INFO] Created product | Context: {"external_id":1339304,"product_id":77756}
[2026-02-16 19:30:04] [INFO] Created product | Context: {"external_id":1339303,"product_id":77757}
[2026-02-16 19:30:04] [INFO] Created product | Context: {"external_id":1339302,"product_id":77758}
[2026-02-16 19:30:04] [INFO] Created product | Context: {"external_id":1338733,"product_id":77759}
[2026-02-16 19:30:04] [INFO] Created product | Context: {"external_id":1338728,"product_id":77760}
[2026-02-16 19:30:04] [INFO] Created product | Context: {"external_id":1338727,"product_id":77761}
[2026-02-16 19:30:04] [INFO] Created product | Context: {"external_id":1338725,"product_id":77762}
[2026-02-16 19:30:05] [INFO] Created product | Context: {"external_id":1335847,"product_id":77763}
[2026-02-16 19:30:05] [INFO] Created product | Context: {"external_id":1335839,"product_id":77764}
[2026-02-16 19:30:05] [INFO] Created product | Context: {"external_id":1331419,"product_id":77765}
[2026-02-16 19:30:05] [INFO] Created product | Context: {"external_id":1320285,"product_id":77766}
[2026-02-16 19:30:05] [INFO] Created product | Context: {"external_id":1317350,"product_id":77767}
[2026-02-16 19:30:05] [INFO] Created product | Context: {"external_id":1317349,"product_id":77768}
[2026-02-16 19:30:05] [INFO] Created product | Context: {"external_id":1368788,"product_id":77769}
[2026-02-16 19:30:05] [INFO] Created product | Context: {"external_id":1321083,"product_id":77770}
[2026-02-16 19:30:05] [INFO] Created product | Context: {"external_id":1269258,"product_id":77771}
[2026-02-16 19:30:06] [INFO] Created product | Context: {"external_id":1473327,"product_id":77772}
[2026-02-16 19:30:06] [INFO] Created product | Context: {"external_id":1307417,"product_id":77773}
[2026-02-16 19:30:06] [INFO] Created product | Context: {"external_id":1417433,"product_id":77774}
[2026-02-16 19:30:06] [INFO] Created product | Context: {"external_id":1469749,"product_id":77775}
[2026-02-16 19:30:06] [INFO] Created product | Context: {"external_id":1340995,"product_id":77776}
[2026-02-16 19:30:06] [INFO] Created product | Context: {"external_id":1358516,"product_id":77777}
[2026-02-16 19:30:06] [INFO] Created product | Context: {"external_id":1475413,"product_id":77778}
[2026-02-16 19:30:06] [INFO] Created product | Context: {"external_id":1373061,"product_id":77779}
[2026-02-16 19:30:07] [INFO] Created product | Context: {"external_id":1363188,"product_id":77780}
[2026-02-16 19:30:07] [INFO] Created product | Context: {"external_id":1472961,"product_id":77781}
[2026-02-16 19:30:07] [INFO] Created product | Context: {"external_id":1474048,"product_id":77782}
[2026-02-16 19:30:07] [INFO] Created product | Context: {"external_id":1312203,"product_id":77783}
[2026-02-16 19:30:07] [INFO] Created product | Context: {"external_id":1276559,"product_id":77784}
[2026-02-16 19:30:07] [INFO] Created product | Context: {"external_id":1363187,"product_id":77785}
[2026-02-16 19:30:07] [INFO] Created product | Context: {"external_id":1340773,"product_id":77786}
[2026-02-16 19:30:07] [INFO] Created product | Context: {"external_id":1269563,"product_id":77787}
[2026-02-16 19:30:07] [INFO] Created product | Context: {"external_id":1472591,"product_id":77788}
[2026-02-16 19:30:08] [INFO] Created product | Context: {"external_id":1329412,"product_id":77789}
[2026-02-16 19:30:08] [INFO] Created product | Context: {"external_id":1472162,"product_id":77790}
[2026-02-16 19:30:08] [INFO] Created product | Context: {"external_id":1354806,"product_id":77791}
[2026-02-16 19:30:08] [INFO] Created product | Context: {"external_id":1335160,"product_id":77792}
[2026-02-16 19:30:08] [INFO] Created product | Context: {"external_id":1368954,"product_id":77793}
[2026-02-16 19:30:08] [INFO] Created product | Context: {"external_id":1292491,"product_id":77794}
[2026-02-16 19:30:08] [INFO] Created product | Context: {"external_id":1232015,"product_id":77795}
[2026-02-16 19:30:08] [INFO] Created product | Context: {"external_id":1357705,"product_id":77796}
[2026-02-16 19:30:09] [INFO] Created product | Context: {"external_id":1349316,"product_id":77797}
[2026-02-16 19:30:09] [INFO] Created product | Context: {"external_id":1354539,"product_id":77798}
[2026-02-16 19:30:09] [INFO] Created product | Context: {"external_id":1471995,"product_id":77799}
[2026-02-16 19:30:09] [INFO] Created product | Context: {"external_id":1364856,"product_id":77800}
[2026-02-16 19:30:09] [INFO] Created product | Context: {"external_id":1312486,"product_id":77801}
[2026-02-16 19:30:09] [INFO] Created product | Context: {"external_id":1470558,"product_id":77802}
[2026-02-16 19:30:09] [INFO] Created product | Context: {"external_id":1472173,"product_id":77803}
[2026-02-16 19:30:09] [INFO] Created product | Context: {"external_id":1469762,"product_id":77804}
[2026-02-16 19:30:09] [INFO] Created product | Context: {"external_id":1355926,"product_id":77805}
[2026-02-16 19:30:09] [INFO] Batch processed | Context: {"offset":550,"total":3218}
[2026-02-16 19:30:11] [INFO] Created product | Context: {"external_id":1335149,"product_id":77806}
[2026-02-16 19:30:11] [INFO] Created product | Context: {"external_id":1333184,"product_id":77807}
[2026-02-16 19:30:11] [INFO] Created product | Context: {"external_id":1298239,"product_id":77808}
[2026-02-16 19:30:11] [INFO] Created product | Context: {"external_id":1474886,"product_id":77809}
[2026-02-16 19:30:11] [INFO] Created product | Context: {"external_id":1471992,"product_id":77810}
[2026-02-16 19:30:11] [INFO] Created product | Context: {"external_id":1479641,"product_id":77811}
[2026-02-16 19:30:11] [INFO] Created product | Context: {"external_id":1341697,"product_id":77812}
[2026-02-16 19:30:12] [INFO] Created product | Context: {"external_id":1333773,"product_id":77813}
[2026-02-16 19:30:12] [INFO] Created product | Context: {"external_id":1335184,"product_id":77814}
[2026-02-16 19:30:12] [INFO] Created product | Context: {"external_id":1327654,"product_id":77815}
[2026-02-16 19:30:12] [INFO] Created product | Context: {"external_id":1337570,"product_id":77816}
[2026-02-16 19:30:12] [INFO] Created product | Context: {"external_id":1470561,"product_id":77817}
[2026-02-16 19:30:12] [INFO] Created product | Context: {"external_id":1344896,"product_id":77818}
[2026-02-16 19:30:12] [INFO] Created product | Context: {"external_id":1476775,"product_id":77819}
[2026-02-16 19:30:12] [INFO] Created product | Context: {"external_id":1474882,"product_id":77820}
[2026-02-16 19:30:12] [INFO] Created product | Context: {"external_id":1355930,"product_id":77821}
[2026-02-16 19:30:13] [INFO] Created product | Context: {"external_id":1335181,"product_id":77822}
[2026-02-16 19:30:13] [INFO] Created product | Context: {"external_id":1350186,"product_id":77823}
[2026-02-16 19:30:13] [INFO] Created product | Context: {"external_id":1345012,"product_id":77824}
[2026-02-16 19:30:13] [INFO] Created product | Context: {"external_id":1340996,"product_id":77825}
[2026-02-16 19:30:13] [INFO] Created product | Context: {"external_id":1358172,"product_id":77826}
[2026-02-16 19:30:13] [INFO] Created product | Context: {"external_id":1349358,"product_id":77827}
[2026-02-16 19:30:13] [INFO] Created product | Context: {"external_id":1340305,"product_id":77828}
[2026-02-16 19:30:13] [INFO] Created product | Context: {"external_id":1471479,"product_id":77829}
[2026-02-16 19:30:13] [INFO] Created product | Context: {"external_id":1355931,"product_id":77830}
[2026-02-16 19:30:14] [INFO] Created product | Context: {"external_id":1344946,"product_id":77831}
[2026-02-16 19:30:14] [INFO] Created product | Context: {"external_id":1341299,"product_id":77832}
[2026-02-16 19:30:14] [INFO] Created product | Context: {"external_id":1370792,"product_id":77833}
[2026-02-16 19:30:14] [INFO] Created product | Context: {"external_id":1349077,"product_id":77834}
[2026-02-16 19:30:14] [INFO] Created product | Context: {"external_id":1346830,"product_id":77835}
[2026-02-16 19:30:14] [INFO] Created product | Context: {"external_id":1321087,"product_id":77836}
[2026-02-16 19:30:14] [INFO] Created product | Context: {"external_id":1345788,"product_id":77837}
[2026-02-16 19:30:14] [INFO] Created product | Context: {"external_id":1472586,"product_id":77838}
[2026-02-16 19:30:15] [INFO] Created product | Context: {"external_id":1470721,"product_id":77839}
[2026-02-16 19:30:15] [INFO] Created product | Context: {"external_id":1354631,"product_id":77840}
[2026-02-16 19:30:15] [INFO] Created product | Context: {"external_id":1335187,"product_id":77841}
[2026-02-16 19:30:15] [INFO] Created product | Context: {"external_id":1308253,"product_id":77842}
[2026-02-16 19:30:15] [INFO] Created product | Context: {"external_id":1473330,"product_id":77843}
[2026-02-16 19:30:15] [INFO] Created product | Context: {"external_id":1349361,"product_id":77844}
[2026-02-16 19:30:15] [INFO] Created product | Context: {"external_id":1282943,"product_id":77845}
[2026-02-16 19:30:15] [INFO] Created product | Context: {"external_id":1454633,"product_id":77846}
[2026-02-16 19:30:15] [INFO] Created product | Context: {"external_id":1350205,"product_id":77847}
[2026-02-16 19:30:16] [INFO] Created product | Context: {"external_id":1476055,"product_id":77848}
[2026-02-16 19:30:16] [INFO] Created product | Context: {"external_id":1474759,"product_id":77849}
[2026-02-16 19:30:16] [INFO] Created product | Context: {"external_id":1471220,"product_id":77850}
[2026-02-16 19:30:16] [INFO] Created product | Context: {"external_id":1349988,"product_id":77851}
[2026-02-16 19:30:16] [INFO] Created product | Context: {"external_id":1299815,"product_id":77852}
[2026-02-16 19:30:16] [INFO] Created product | Context: {"external_id":1476366,"product_id":77853}
[2026-02-16 19:30:16] [INFO] Created product | Context: {"external_id":1472201,"product_id":77854}
[2026-02-16 19:30:16] [INFO] Created product | Context: {"external_id":1373198,"product_id":77855}
[2026-02-16 19:30:16] [INFO] Batch processed | Context: {"offset":600,"total":3218}
[2026-02-16 19:30:18] [INFO] Created product | Context: {"external_id":1364857,"product_id":77856}
[2026-02-16 19:30:18] [INFO] Created product | Context: {"external_id":1349364,"product_id":77857}
[2026-02-16 19:30:18] [INFO] Created product | Context: {"external_id":1321086,"product_id":77858}
[2026-02-16 19:30:18] [INFO] Created product | Context: {"external_id":1475412,"product_id":77859}
[2026-02-16 19:30:18] [INFO] Created product | Context: {"external_id":1473012,"product_id":77860}
[2026-02-16 19:30:18] [INFO] Created product | Context: {"external_id":1416773,"product_id":77861}
[2026-02-16 19:30:18] [INFO] Created product | Context: {"external_id":1341297,"product_id":77862}
[2026-02-16 19:30:18] [INFO] Created product | Context: {"external_id":1322295,"product_id":77863}
[2026-02-16 19:30:19] [INFO] Created product | Context: {"external_id":1476056,"product_id":77864}
[2026-02-16 19:30:19] [INFO] Created product | Context: {"external_id":1351368,"product_id":77865}
[2026-02-16 19:30:19] [INFO] Created product | Context: {"external_id":1330498,"product_id":77866}
[2026-02-16 19:30:19] [INFO] Created product | Context: {"external_id":1354647,"product_id":77867}
[2026-02-16 19:30:19] [INFO] Created product | Context: {"external_id":1312755,"product_id":77868}
[2026-02-16 19:30:19] [INFO] Created product | Context: {"external_id":1269259,"product_id":77869}
[2026-02-16 19:30:19] [INFO] Created product | Context: {"external_id":1472958,"product_id":77870}
[2026-02-16 19:30:19] [INFO] Created product | Context: {"external_id":1357456,"product_id":77871}
[2026-02-16 19:30:19] [INFO] Created product | Context: {"external_id":1346946,"product_id":77872}
[2026-02-16 19:30:20] [INFO] Created product | Context: {"external_id":1312693,"product_id":77873}
[2026-02-16 19:30:20] [INFO] Created product | Context: {"external_id":1472947,"product_id":77874}
[2026-02-16 19:30:20] [INFO] Created product | Context: {"external_id":1472306,"product_id":77875}
[2026-02-16 19:30:20] [INFO] Created product | Context: {"external_id":1454705,"product_id":77876}
[2026-02-16 19:30:20] [INFO] Created product | Context: {"external_id":1358518,"product_id":77877}
[2026-02-16 19:30:20] [INFO] Created product | Context: {"external_id":1357457,"product_id":77878}
[2026-02-16 19:30:20] [INFO] Created product | Context: {"external_id":1346850,"product_id":77879}
[2026-02-16 19:30:20] [INFO] Created product | Context: {"external_id":1346822,"product_id":77880}
[2026-02-16 19:30:21] [INFO] Created product | Context: {"external_id":1312688,"product_id":77881}
[2026-02-16 19:30:21] [INFO] Created product | Context: {"external_id":1280231,"product_id":77882}
[2026-02-16 19:30:21] [INFO] Created product | Context: {"external_id":1237085,"product_id":77883}
[2026-02-16 19:30:21] [INFO] Created product | Context: {"external_id":1476390,"product_id":77884}
[2026-02-16 19:30:21] [INFO] Created product | Context: {"external_id":1472585,"product_id":77885}
[2026-02-16 19:30:21] [INFO] Created product | Context: {"external_id":1472076,"product_id":77886}
[2026-02-16 19:30:21] [INFO] Created product | Context: {"external_id":1455679,"product_id":77887}
[2026-02-16 19:30:21] [INFO] Created product | Context: {"external_id":1454755,"product_id":77888}
[2026-02-16 19:30:21] [INFO] Created product | Context: {"external_id":1369033,"product_id":77889}
[2026-02-16 19:30:22] [INFO] Created product | Context: {"external_id":1366079,"product_id":77890}
[2026-02-16 19:30:22] [INFO] Created product | Context: {"external_id":1356545,"product_id":77891}
[2026-02-16 19:30:22] [INFO] Created product | Context: {"external_id":1354589,"product_id":77892}
[2026-02-16 19:30:22] [INFO] Created product | Context: {"external_id":1349365,"product_id":77893}
[2026-02-16 19:30:22] [INFO] Created product | Context: {"external_id":1349359,"product_id":77894}
[2026-02-16 19:30:22] [INFO] Created product | Context: {"external_id":1345803,"product_id":77895}
[2026-02-16 19:30:22] [INFO] Created product | Context: {"external_id":1345779,"product_id":77896}
[2026-02-16 19:30:22] [INFO] Created product | Context: {"external_id":1344907,"product_id":77897}
[2026-02-16 19:30:23] [INFO] Created product | Context: {"external_id":1340438,"product_id":77898}
[2026-02-16 19:30:23] [INFO] Created product | Context: {"external_id":1280232,"product_id":77899}
[2026-02-16 19:30:23] [INFO] Created product | Context: {"external_id":1243624,"product_id":77900}
[2026-02-16 19:30:23] [INFO] Created product | Context: {"external_id":1475423,"product_id":77901}
[2026-02-16 19:30:23] [INFO] Created product | Context: {"external_id":1472979,"product_id":77902}
[2026-02-16 19:30:23] [INFO] Created product | Context: {"external_id":1472112,"product_id":77903}
[2026-02-16 19:30:23] [INFO] Created product | Context: {"external_id":1472111,"product_id":77904}
[2026-02-16 19:30:23] [INFO] Created product | Context: {"external_id":1368621,"product_id":77905}
[2026-02-16 19:30:23] [INFO] Batch processed | Context: {"offset":650,"total":3218}
[2026-02-16 19:30:25] [INFO] Created product | Context: {"external_id":1357461,"product_id":77906}
[2026-02-16 19:30:25] [INFO] Created product | Context: {"external_id":1356849,"product_id":77907}
[2026-02-16 19:30:25] [INFO] Created product | Context: {"external_id":1354538,"product_id":77908}
[2026-02-16 19:30:25] [INFO] Created product | Context: {"external_id":1308255,"product_id":77909}
[2026-02-16 19:30:25] [INFO] Created product | Context: {"external_id":1476043,"product_id":77910}
[2026-02-16 19:30:25] [INFO] Created product | Context: {"external_id":1473311,"product_id":77911}
[2026-02-16 19:30:25] [INFO] Created product | Context: {"external_id":1472097,"product_id":77912}
[2026-02-16 19:30:25] [INFO] Created product | Context: {"external_id":1454639,"product_id":77913}
[2026-02-16 19:30:26] [INFO] Created product | Context: {"external_id":1368956,"product_id":77914}
[2026-02-16 19:30:26] [INFO] Created product | Context: {"external_id":1357471,"product_id":77915}
[2026-02-16 19:30:26] [INFO] Created product | Context: {"external_id":1357470,"product_id":77916}
[2026-02-16 19:30:26] [INFO] Created product | Context: {"external_id":1357344,"product_id":77917}
[2026-02-16 19:30:26] [INFO] Created product | Context: {"external_id":1350199,"product_id":77918}
[2026-02-16 19:30:26] [INFO] Created product | Context: {"external_id":1349986,"product_id":77919}
[2026-02-16 19:30:26] [INFO] Created product | Context: {"external_id":1349452,"product_id":77920}
[2026-02-16 19:30:26] [INFO] Created product | Context: {"external_id":1349396,"product_id":77921}
[2026-02-16 19:30:27] [INFO] Created product | Context: {"external_id":1327652,"product_id":77922}
[2026-02-16 19:30:27] [INFO] Created product | Context: {"external_id":1326820,"product_id":77923}
[2026-02-16 19:30:27] [INFO] Created product | Context: {"external_id":1324070,"product_id":77924}
[2026-02-16 19:30:27] [INFO] Created product | Context: {"external_id":1322291,"product_id":77925}
[2026-02-16 19:30:27] [INFO] Created product | Context: {"external_id":1292818,"product_id":77926}
[2026-02-16 19:30:27] [INFO] Created product | Context: {"external_id":1269256,"product_id":77927}
[2026-02-16 19:30:27] [INFO] Created product | Context: {"external_id":1476354,"product_id":77928}
[2026-02-16 19:30:27] [INFO] Created product | Context: {"external_id":1473294,"product_id":77929}
[2026-02-16 19:30:28] [INFO] Created product | Context: {"external_id":1473285,"product_id":77930}
[2026-02-16 19:30:28] [INFO] Created product | Context: {"external_id":1472822,"product_id":77931}
[2026-02-16 19:30:28] [INFO] Created product | Context: {"external_id":1366505,"product_id":77932}
[2026-02-16 19:30:28] [INFO] Created product | Context: {"external_id":1365822,"product_id":77933}
[2026-02-16 19:30:28] [INFO] Created product | Context: {"external_id":1357597,"product_id":77934}
[2026-02-16 19:30:28] [INFO] Created product | Context: {"external_id":1356029,"product_id":77935}
[2026-02-16 19:30:28] [INFO] Created product | Context: {"external_id":1355929,"product_id":77936}
[2026-02-16 19:30:28] [INFO] Created product | Context: {"external_id":1354578,"product_id":77937}
[2026-02-16 19:30:28] [INFO] Created product | Context: {"external_id":1322278,"product_id":77938}
[2026-02-16 19:30:29] [INFO] Created product | Context: {"external_id":1292495,"product_id":77939}
[2026-02-16 19:30:29] [INFO] Created product | Context: {"external_id":1237088,"product_id":77940}
[2026-02-16 19:30:29] [INFO] Created product | Context: {"external_id":1479647,"product_id":77941}
[2026-02-16 19:30:29] [INFO] Created product | Context: {"external_id":1476779,"product_id":77942}
[2026-02-16 19:30:29] [INFO] Created product | Context: {"external_id":1476130,"product_id":77943}
[2026-02-16 19:30:29] [INFO] Created product | Context: {"external_id":1473318,"product_id":77944}
[2026-02-16 19:30:29] [INFO] Created product | Context: {"external_id":1473314,"product_id":77945}
[2026-02-16 19:30:29] [INFO] Created product | Context: {"external_id":1472348,"product_id":77946}
[2026-02-16 19:30:29] [INFO] Created product | Context: {"external_id":1369035,"product_id":77947}
[2026-02-16 19:30:30] [INFO] Created product | Context: {"external_id":1366570,"product_id":77948}
[2026-02-16 19:30:30] [INFO] Created product | Context: {"external_id":1358173,"product_id":77949}
[2026-02-16 19:30:30] [INFO] Created product | Context: {"external_id":1357380,"product_id":77950}
[2026-02-16 19:30:30] [INFO] Created product | Context: {"external_id":1354632,"product_id":77951}
[2026-02-16 19:30:30] [INFO] Created product | Context: {"external_id":1354546,"product_id":77952}
[2026-02-16 19:30:30] [INFO] Created product | Context: {"external_id":1350170,"product_id":77953}
[2026-02-16 19:30:30] [INFO] Created product | Context: {"external_id":1349331,"product_id":77954}
[2026-02-16 19:30:31] [INFO] Created product | Context: {"external_id":1349250,"product_id":77955}
[2026-02-16 19:30:31] [INFO] Batch processed | Context: {"offset":700,"total":3218}
[2026-02-16 19:30:32] [INFO] Created product | Context: {"external_id":1327969,"product_id":77956}
[2026-02-16 19:30:32] [INFO] Created product | Context: {"external_id":1327059,"product_id":77957}
[2026-02-16 19:30:32] [INFO] Created product | Context: {"external_id":1312690,"product_id":77958}
[2026-02-16 19:30:32] [INFO] Created product | Context: {"external_id":1308257,"product_id":77959}
[2026-02-16 19:30:32] [INFO] Created product | Context: {"external_id":1292820,"product_id":77960}
[2026-02-16 19:30:32] [INFO] Created product | Context: {"external_id":1479807,"product_id":77961}
[2026-02-16 19:30:32] [INFO] Created product | Context: {"external_id":1476312,"product_id":77962}
[2026-02-16 19:30:33] [INFO] Created product | Context: {"external_id":1476304,"product_id":77963}
[2026-02-16 19:30:33] [INFO] Created product | Context: {"external_id":1476067,"product_id":77964}
[2026-02-16 19:30:33] [INFO] Created product | Context: {"external_id":1472984,"product_id":77965}
[2026-02-16 19:30:33] [INFO] Created product | Context: {"external_id":1369034,"product_id":77966}
[2026-02-16 19:30:33] [INFO] Created product | Context: {"external_id":1357370,"product_id":77967}
[2026-02-16 19:30:33] [INFO] Created product | Context: {"external_id":1356852,"product_id":77968}
[2026-02-16 19:30:33] [INFO] Created product | Context: {"external_id":1354586,"product_id":77969}
[2026-02-16 19:30:33] [INFO] Created product | Context: {"external_id":1351909,"product_id":77970}
[2026-02-16 19:30:34] [INFO] Created product | Context: {"external_id":1350167,"product_id":77971}
[2026-02-16 19:30:34] [INFO] Created product | Context: {"external_id":1349268,"product_id":77972}
[2026-02-16 19:30:34] [INFO] Created product | Context: {"external_id":1345940,"product_id":77973}
[2026-02-16 19:30:34] [INFO] Created product | Context: {"external_id":1341683,"product_id":77974}
[2026-02-16 19:30:34] [INFO] Created product | Context: {"external_id":1341658,"product_id":77975}
[2026-02-16 19:30:34] [INFO] Created product | Context: {"external_id":1330792,"product_id":77976}
[2026-02-16 19:30:34] [INFO] Created product | Context: {"external_id":1330352,"product_id":77977}
[2026-02-16 19:30:34] [INFO] Created product | Context: {"external_id":1329502,"product_id":77978}
[2026-02-16 19:30:34] [INFO] Created product | Context: {"external_id":1324066,"product_id":77979}
[2026-02-16 19:30:35] [INFO] Created product | Context: {"external_id":1309378,"product_id":77980}
[2026-02-16 19:30:35] [INFO] Created product | Context: {"external_id":1476404,"product_id":77981}
[2026-02-16 19:30:35] [INFO] Created product | Context: {"external_id":1476160,"product_id":77982}
[2026-02-16 19:30:35] [INFO] Created product | Context: {"external_id":1473321,"product_id":77983}
[2026-02-16 19:30:35] [INFO] Created product | Context: {"external_id":1472978,"product_id":77984}
[2026-02-16 19:30:35] [INFO] Created product | Context: {"external_id":1472907,"product_id":77985}
[2026-02-16 19:30:35] [INFO] Created product | Context: {"external_id":1472296,"product_id":77986}
[2026-02-16 19:30:35] [INFO] Created product | Context: {"external_id":1472210,"product_id":77987}
[2026-02-16 19:30:36] [INFO] Created product | Context: {"external_id":1472068,"product_id":77988}
[2026-02-16 19:30:36] [INFO] Created product | Context: {"external_id":1472022,"product_id":77989}
[2026-02-16 19:30:36] [INFO] Created product | Context: {"external_id":1455510,"product_id":77990}
[2026-02-16 19:30:36] [INFO] Created product | Context: {"external_id":1371041,"product_id":77991}
[2026-02-16 19:30:36] [INFO] Created product | Context: {"external_id":1366574,"product_id":77992}
[2026-02-16 19:30:36] [INFO] Created product | Context: {"external_id":1366048,"product_id":77993}
[2026-02-16 19:30:36] [INFO] Created product | Context: {"external_id":1364858,"product_id":77994}
[2026-02-16 19:30:36] [INFO] Created product | Context: {"external_id":1357709,"product_id":77995}
[2026-02-16 19:30:36] [INFO] Created product | Context: {"external_id":1357460,"product_id":77996}
[2026-02-16 19:30:37] [INFO] Created product | Context: {"external_id":1354558,"product_id":77997}
[2026-02-16 19:30:37] [INFO] Created product | Context: {"external_id":1351913,"product_id":77998}
[2026-02-16 19:30:37] [INFO] Created product | Context: {"external_id":1349360,"product_id":77999}
[2026-02-16 19:30:37] [INFO] Created product | Context: {"external_id":1346841,"product_id":78000}
[2026-02-16 19:30:37] [INFO] Created product | Context: {"external_id":1345816,"product_id":78001}
[2026-02-16 19:30:37] [INFO] Created product | Context: {"external_id":1344945,"product_id":78002}
[2026-02-16 19:30:37] [INFO] Created product | Context: {"external_id":1341295,"product_id":78003}
[2026-02-16 19:30:37] [INFO] Created product | Context: {"external_id":1331418,"product_id":78004}
[2026-02-16 19:30:38] [INFO] Created product | Context: {"external_id":1327258,"product_id":78005}
[2026-02-16 19:30:38] [INFO] Batch processed | Context: {"offset":750,"total":3218}
[2026-02-16 19:30:39] [INFO] Created product | Context: {"external_id":1322293,"product_id":78006}
[2026-02-16 19:30:39] [INFO] Created product | Context: {"external_id":1316324,"product_id":78007}
[2026-02-16 19:30:39] [INFO] Created product | Context: {"external_id":1292376,"product_id":78008}
[2026-02-16 19:30:39] [INFO] Created product | Context: {"external_id":1292374,"product_id":78009}
[2026-02-16 19:30:40] [INFO] Created product | Context: {"external_id":1284050,"product_id":78010}
[2026-02-16 19:30:40] [INFO] Created product | Context: {"external_id":1248421,"product_id":78011}
[2026-02-16 19:30:40] [INFO] Created product | Context: {"external_id":1476355,"product_id":78012}
[2026-02-16 19:30:40] [INFO] Created product | Context: {"external_id":1476219,"product_id":78013}
[2026-02-16 19:30:40] [INFO] Created product | Context: {"external_id":1475427,"product_id":78014}
[2026-02-16 19:30:40] [INFO] Created product | Context: {"external_id":1473309,"product_id":78015}
[2026-02-16 19:30:40] [INFO] Created product | Context: {"external_id":1472349,"product_id":78016}
[2026-02-16 19:30:40] [INFO] Created product | Context: {"external_id":1472062,"product_id":78017}
[2026-02-16 19:30:41] [INFO] Created product | Context: {"external_id":1454640,"product_id":78018}
[2026-02-16 19:30:41] [INFO] Created product | Context: {"external_id":1454636,"product_id":78019}
[2026-02-16 19:30:41] [INFO] Created product | Context: {"external_id":1418260,"product_id":78020}
[2026-02-16 19:30:41] [INFO] Created product | Context: {"external_id":1416740,"product_id":78021}
[2026-02-16 19:30:41] [INFO] Created product | Context: {"external_id":1373057,"product_id":78022}
[2026-02-16 19:30:41] [INFO] Created product | Context: {"external_id":1366537,"product_id":78023}
[2026-02-16 19:30:41] [INFO] Created product | Context: {"external_id":1366504,"product_id":78024}
[2026-02-16 19:30:41] [INFO] Created product | Context: {"external_id":1366089,"product_id":78025}
[2026-02-16 19:30:41] [INFO] Created product | Context: {"external_id":1364912,"product_id":78026}
[2026-02-16 19:30:42] [INFO] Created product | Context: {"external_id":1357711,"product_id":78027}
[2026-02-16 19:30:42] [INFO] Created product | Context: {"external_id":1357356,"product_id":78028}
[2026-02-16 19:30:42] [INFO] Created product | Context: {"external_id":1355938,"product_id":78029}
[2026-02-16 19:30:42] [INFO] Created product | Context: {"external_id":1354854,"product_id":78030}
[2026-02-16 19:30:42] [INFO] Created product | Context: {"external_id":1354068,"product_id":78031}
[2026-02-16 19:30:42] [INFO] Created product | Context: {"external_id":1351911,"product_id":78032}
[2026-02-16 19:30:42] [INFO] Created product | Context: {"external_id":1351904,"product_id":78033}
[2026-02-16 19:30:42] [INFO] Created product | Context: {"external_id":1350178,"product_id":78034}
[2026-02-16 19:30:43] [INFO] Created product | Context: {"external_id":1347873,"product_id":78035}
[2026-02-16 19:30:43] [INFO] Created product | Context: {"external_id":1345204,"product_id":78036}
[2026-02-16 19:30:43] [INFO] Created product | Context: {"external_id":1345192,"product_id":78037}
[2026-02-16 19:30:43] [INFO] Created product | Context: {"external_id":1344912,"product_id":78038}
[2026-02-16 19:30:43] [INFO] Created product | Context: {"external_id":1344901,"product_id":78039}
[2026-02-16 19:30:43] [INFO] Created product | Context: {"external_id":1343030,"product_id":78040}
[2026-02-16 19:30:43] [INFO] Created product | Context: {"external_id":1330790,"product_id":78041}
[2026-02-16 19:30:43] [INFO] Created product | Context: {"external_id":1330497,"product_id":78042}
[2026-02-16 19:30:44] [INFO] Created product | Context: {"external_id":1324065,"product_id":78043}
[2026-02-16 19:30:44] [INFO] Created product | Context: {"external_id":1322905,"product_id":78044}
[2026-02-16 19:30:44] [INFO] Created product | Context: {"external_id":1322296,"product_id":78045}
[2026-02-16 19:30:44] [INFO] Created product | Context: {"external_id":1322282,"product_id":78046}
[2026-02-16 19:30:44] [INFO] Created product | Context: {"external_id":1321084,"product_id":78047}
[2026-02-16 19:30:44] [INFO] Created product | Context: {"external_id":1479645,"product_id":78048}
[2026-02-16 19:30:44] [INFO] Created product | Context: {"external_id":1478761,"product_id":78049}
[2026-02-16 19:30:44] [INFO] Created product | Context: {"external_id":1476370,"product_id":78050}
[2026-02-16 19:30:44] [INFO] Created product | Context: {"external_id":1476297,"product_id":78051}
[2026-02-16 19:30:45] [INFO] Created product | Context: {"external_id":1476253,"product_id":78052}
[2026-02-16 19:30:45] [INFO] Created product | Context: {"external_id":1475419,"product_id":78053}
[2026-02-16 19:30:45] [INFO] Created product | Context: {"external_id":1473759,"product_id":78054}
[2026-02-16 19:30:45] [INFO] Created product | Context: {"external_id":1473331,"product_id":78055}
[2026-02-16 19:30:45] [INFO] Batch processed | Context: {"offset":800,"total":3218}
[2026-02-16 19:30:46] [INFO] Created product | Context: {"external_id":1473323,"product_id":78056}
[2026-02-16 19:30:46] [INFO] Created product | Context: {"external_id":1473305,"product_id":78057}
[2026-02-16 19:30:46] [INFO] Created product | Context: {"external_id":1472923,"product_id":78058}
[2026-02-16 19:30:46] [INFO] Created product | Context: {"external_id":1472589,"product_id":78059}
[2026-02-16 19:30:47] [INFO] Created product | Context: {"external_id":1472305,"product_id":78060}
[2026-02-16 19:30:47] [INFO] Created product | Context: {"external_id":1472008,"product_id":78061}
[2026-02-16 19:30:47] [INFO] Created product | Context: {"external_id":1470728,"product_id":78062}
[2026-02-16 19:30:47] [INFO] Created product | Context: {"external_id":1470726,"product_id":78063}
[2026-02-16 19:30:47] [INFO] Created product | Context: {"external_id":1454909,"product_id":78064}
[2026-02-16 19:30:47] [INFO] Created product | Context: {"external_id":1454816,"product_id":78065}
[2026-02-16 19:30:47] [INFO] Created product | Context: {"external_id":1454637,"product_id":78066}
[2026-02-16 19:30:47] [INFO] Created product | Context: {"external_id":1371703,"product_id":78067}
[2026-02-16 19:30:48] [INFO] Created product | Context: {"external_id":1369806,"product_id":78068}
[2026-02-16 19:30:48] [INFO] Created product | Context: {"external_id":1368390,"product_id":78069}
[2026-02-16 19:30:48] [INFO] Created product | Context: {"external_id":1367002,"product_id":78070}
[2026-02-16 19:30:48] [INFO] Created product | Context: {"external_id":1367001,"product_id":78071}
[2026-02-16 19:30:48] [INFO] Created product | Context: {"external_id":1366568,"product_id":78072}
[2026-02-16 19:30:48] [INFO] Created product | Context: {"external_id":1366502,"product_id":78073}
[2026-02-16 19:30:48] [INFO] Created product | Context: {"external_id":1366081,"product_id":78074}
[2026-02-16 19:30:48] [INFO] Created product | Context: {"external_id":1365843,"product_id":78075}
[2026-02-16 19:30:49] [INFO] Created product | Context: {"external_id":1364988,"product_id":78076}
[2026-02-16 19:30:49] [INFO] Created product | Context: {"external_id":1357365,"product_id":78077}
[2026-02-16 19:30:49] [INFO] Created product | Context: {"external_id":1355940,"product_id":78078}
[2026-02-16 19:30:49] [INFO] Created product | Context: {"external_id":1351367,"product_id":78079}
[2026-02-16 19:30:49] [INFO] Created product | Context: {"external_id":1351364,"product_id":78080}
[2026-02-16 19:30:49] [INFO] Created product | Context: {"external_id":1351219,"product_id":78081}
[2026-02-16 19:30:49] [INFO] Created product | Context: {"external_id":1349450,"product_id":78082}
[2026-02-16 19:30:49] [INFO] Created product | Context: {"external_id":1349367,"product_id":78083}
[2026-02-16 19:30:50] [INFO] Created product | Context: {"external_id":1349362,"product_id":78084}
[2026-02-16 19:30:50] [INFO] Created product | Context: {"external_id":1347883,"product_id":78085}
[2026-02-16 19:30:50] [INFO] Created product | Context: {"external_id":1347882,"product_id":78086}
[2026-02-16 19:30:50] [INFO] Created product | Context: {"external_id":1345194,"product_id":78087}
[2026-02-16 19:30:50] [INFO] Created product | Context: {"external_id":1341656,"product_id":78088}
[2026-02-16 19:30:50] [INFO] Created product | Context: {"external_id":1340434,"product_id":78089}
[2026-02-16 19:30:50] [INFO] Created product | Context: {"external_id":1337572,"product_id":78090}
[2026-02-16 19:30:50] [INFO] Created product | Context: {"external_id":1333191,"product_id":78091}
[2026-02-16 19:30:51] [INFO] Created product | Context: {"external_id":1332543,"product_id":78092}
[2026-02-16 19:30:51] [INFO] Created product | Context: {"external_id":1331975,"product_id":78093}
[2026-02-16 19:30:51] [INFO] Created product | Context: {"external_id":1329504,"product_id":78094}
[2026-02-16 19:30:51] [INFO] Created product | Context: {"external_id":1329409,"product_id":78095}
[2026-02-16 19:30:51] [INFO] Created product | Context: {"external_id":1327653,"product_id":78096}
[2026-02-16 19:30:51] [INFO] Created product | Context: {"external_id":1324071,"product_id":78097}
[2026-02-16 19:30:51] [INFO] Created product | Context: {"external_id":1324068,"product_id":78098}
[2026-02-16 19:30:51] [INFO] Created product | Context: {"external_id":1322913,"product_id":78099}
[2026-02-16 19:30:51] [INFO] Created product | Context: {"external_id":1322294,"product_id":78100}
[2026-02-16 19:30:52] [INFO] Created product | Context: {"external_id":1309379,"product_id":78101}
[2026-02-16 19:30:52] [INFO] Created product | Context: {"external_id":1301251,"product_id":78102}
[2026-02-16 19:30:52] [INFO] Created product | Context: {"external_id":1301244,"product_id":78103}
[2026-02-16 19:30:52] [INFO] Created product | Context: {"external_id":1292821,"product_id":78104}
[2026-02-16 19:30:52] [INFO] Created product | Context: {"external_id":1230918,"product_id":78105}
[2026-02-16 19:30:52] [INFO] Batch processed | Context: {"offset":850,"total":3218}
[2026-02-16 19:30:54] [INFO] Created product | Context: {"external_id":1476416,"product_id":78106}
[2026-02-16 19:30:54] [INFO] Created product | Context: {"external_id":1476352,"product_id":78107}
[2026-02-16 19:30:54] [INFO] Created product | Context: {"external_id":1476252,"product_id":78108}
[2026-02-16 19:30:54] [INFO] Created product | Context: {"external_id":1476131,"product_id":78109}
[2026-02-16 19:30:54] [INFO] Created product | Context: {"external_id":1473333,"product_id":78110}
[2026-02-16 19:30:54] [INFO] Created product | Context: {"external_id":1473317,"product_id":78111}
[2026-02-16 19:30:54] [INFO] Created product | Context: {"external_id":1473067,"product_id":78112}
[2026-02-16 19:30:55] [INFO] Created product | Context: {"external_id":1472949,"product_id":78113}
[2026-02-16 19:30:55] [INFO] Created product | Context: {"external_id":1472287,"product_id":78114}
[2026-02-16 19:30:55] [INFO] Created product | Context: {"external_id":1472211,"product_id":78115}
[2026-02-16 19:30:55] [INFO] Created product | Context: {"external_id":1472205,"product_id":78116}
[2026-02-16 19:30:55] [INFO] Created product | Context: {"external_id":1472095,"product_id":78117}
[2026-02-16 19:30:55] [INFO] Created product | Context: {"external_id":1454712,"product_id":78118}
[2026-02-16 19:30:55] [INFO] Created product | Context: {"external_id":1454711,"product_id":78119}
[2026-02-16 19:30:55] [INFO] Created product | Context: {"external_id":1454695,"product_id":78120}
[2026-02-16 19:30:56] [INFO] Created product | Context: {"external_id":1454634,"product_id":78121}
[2026-02-16 19:30:56] [INFO] Created product | Context: {"external_id":1373201,"product_id":78122}
[2026-02-16 19:30:56] [INFO] Created product | Context: {"external_id":1373199,"product_id":78123}
[2026-02-16 19:30:56] [INFO] Created product | Context: {"external_id":1368959,"product_id":78124}
[2026-02-16 19:30:56] [INFO] Created product | Context: {"external_id":1368957,"product_id":78125}
[2026-02-16 19:30:56] [INFO] Created product | Context: {"external_id":1366567,"product_id":78126}
[2026-02-16 19:30:56] [INFO] Created product | Context: {"external_id":1366087,"product_id":78127}
[2026-02-16 19:30:56] [INFO] Created product | Context: {"external_id":1358176,"product_id":78128}
[2026-02-16 19:30:57] [INFO] Created product | Context: {"external_id":1357708,"product_id":78129}
[2026-02-16 19:30:57] [INFO] Created product | Context: {"external_id":1357583,"product_id":78130}
[2026-02-16 19:30:57] [INFO] Created product | Context: {"external_id":1357581,"product_id":78131}
[2026-02-16 19:30:57] [INFO] Created product | Context: {"external_id":1357580,"product_id":78132}
[2026-02-16 19:30:57] [INFO] Created product | Context: {"external_id":1355942,"product_id":78133}
[2026-02-16 19:30:57] [INFO] Created product | Context: {"external_id":1355927,"product_id":78134}
[2026-02-16 19:30:57] [INFO] Created product | Context: {"external_id":1354638,"product_id":78135}
[2026-02-16 19:30:57] [INFO] Created product | Context: {"external_id":1354634,"product_id":78136}
[2026-02-16 19:30:58] [INFO] Created product | Context: {"external_id":1354633,"product_id":78137}
[2026-02-16 19:30:58] [INFO] Created product | Context: {"external_id":1354611,"product_id":78138}
[2026-02-16 19:30:58] [INFO] Created product | Context: {"external_id":1354557,"product_id":78139}
[2026-02-16 19:30:58] [INFO] Created product | Context: {"external_id":1353320,"product_id":78140}
[2026-02-16 19:30:58] [INFO] Created product | Context: {"external_id":1351897,"product_id":78141}
[2026-02-16 19:30:58] [INFO] Created product | Context: {"external_id":1351234,"product_id":78142}
[2026-02-16 19:30:58] [INFO] Created product | Context: {"external_id":1351218,"product_id":78143}
[2026-02-16 19:30:58] [INFO] Created product | Context: {"external_id":1350202,"product_id":78144}
[2026-02-16 19:30:59] [INFO] Created product | Context: {"external_id":1349987,"product_id":78145}
[2026-02-16 19:30:59] [INFO] Created product | Context: {"external_id":1349814,"product_id":78146}
[2026-02-16 19:30:59] [INFO] Created product | Context: {"external_id":1347794,"product_id":78147}
[2026-02-16 19:30:59] [INFO] Created product | Context: {"external_id":1347743,"product_id":78148}
[2026-02-16 19:30:59] [INFO] Created product | Context: {"external_id":1347254,"product_id":78149}
[2026-02-16 19:30:59] [INFO] Created product | Context: {"external_id":1346945,"product_id":78150}
[2026-02-16 19:30:59] [INFO] Created product | Context: {"external_id":1344897,"product_id":78151}
[2026-02-16 19:30:59] [INFO] Created product | Context: {"external_id":1343037,"product_id":78152}
[2026-02-16 19:31:00] [INFO] Created product | Context: {"external_id":1341307,"product_id":78153}
[2026-02-16 19:31:00] [INFO] Created product | Context: {"external_id":1341294,"product_id":78154}
[2026-02-16 19:31:00] [INFO] Created product | Context: {"external_id":1341293,"product_id":78155}
[2026-02-16 19:31:00] [INFO] Batch processed | Context: {"offset":900,"total":3218}
[2026-02-16 19:31:02] [INFO] Created product | Context: {"external_id":1339937,"product_id":78156}
[2026-02-16 19:31:02] [INFO] Created product | Context: {"external_id":1331560,"product_id":78157}
[2026-02-16 19:31:02] [INFO] Created product | Context: {"external_id":1331463,"product_id":78158}
[2026-02-16 19:31:03] [INFO] Created product | Context: {"external_id":1330496,"product_id":78159}
[2026-02-16 19:31:03] [INFO] Created product | Context: {"external_id":1330349,"product_id":78160}
[2026-02-16 19:31:03] [INFO] Created product | Context: {"external_id":1329510,"product_id":78161}
[2026-02-16 19:31:03] [INFO] Created product | Context: {"external_id":1327972,"product_id":78162}
[2026-02-16 19:31:03] [INFO] Created product | Context: {"external_id":1326844,"product_id":78163}
[2026-02-16 19:31:03] [INFO] Created product | Context: {"external_id":1308254,"product_id":78164}
[2026-02-16 19:31:03] [INFO] Created product | Context: {"external_id":1280239,"product_id":78165}
[2026-02-16 19:31:03] [INFO] Created product | Context: {"external_id":1280235,"product_id":78166}
[2026-02-16 19:31:04] [INFO] Created product | Context: {"external_id":1243622,"product_id":78167}
[2026-02-16 19:31:04] [INFO] Created product | Context: {"external_id":1476825,"product_id":78168}
[2026-02-16 19:31:04] [INFO] Created product | Context: {"external_id":1476805,"product_id":78169}
[2026-02-16 19:31:04] [INFO] Created product | Context: {"external_id":1476569,"product_id":78170}
[2026-02-16 19:31:04] [INFO] Created product | Context: {"external_id":1476417,"product_id":78171}
[2026-02-16 19:31:04] [INFO] Created product | Context: {"external_id":1476318,"product_id":78172}
[2026-02-16 19:31:04] [INFO] Created product | Context: {"external_id":1476305,"product_id":78173}
[2026-02-16 19:31:04] [INFO] Created product | Context: {"external_id":1476269,"product_id":78174}
[2026-02-16 19:31:05] [INFO] Created product | Context: {"external_id":1476268,"product_id":78175}
[2026-02-16 19:31:05] [INFO] Created product | Context: {"external_id":1476165,"product_id":78176}
[2026-02-16 19:31:05] [INFO] Created product | Context: {"external_id":1476163,"product_id":78177}
[2026-02-16 19:31:05] [INFO] Created product | Context: {"external_id":1476159,"product_id":78178}
[2026-02-16 19:31:05] [INFO] Created product | Context: {"external_id":1476081,"product_id":78179}
[2026-02-16 19:31:05] [INFO] Created product | Context: {"external_id":1476072,"product_id":78180}
[2026-02-16 19:31:05] [INFO] Created product | Context: {"external_id":1476068,"product_id":78181}
[2026-02-16 19:31:06] [INFO] Created product | Context: {"external_id":1474762,"product_id":78182}
[2026-02-16 19:31:06] [INFO] Created product | Context: {"external_id":1473300,"product_id":78183}
[2026-02-16 19:31:06] [INFO] Created product | Context: {"external_id":1473290,"product_id":78184}
[2026-02-16 19:31:06] [INFO] Created product | Context: {"external_id":1473064,"product_id":78185}
[2026-02-16 19:31:06] [INFO] Created product | Context: {"external_id":1473014,"product_id":78186}
[2026-02-16 19:31:06] [INFO] Created product | Context: {"external_id":1473013,"product_id":78187}
[2026-02-16 19:31:06] [INFO] Created product | Context: {"external_id":1472945,"product_id":78188}
[2026-02-16 19:31:07] [INFO] Created product | Context: {"external_id":1472346,"product_id":78189}
[2026-02-16 19:31:07] [INFO] Created product | Context: {"external_id":1472320,"product_id":78190}
[2026-02-16 19:31:07] [INFO] Created product | Context: {"external_id":1472308,"product_id":78191}
[2026-02-16 19:31:07] [INFO] Created product | Context: {"external_id":1472169,"product_id":78192}
[2026-02-16 19:31:07] [INFO] Created product | Context: {"external_id":1472122,"product_id":78193}
[2026-02-16 19:31:07] [INFO] Created product | Context: {"external_id":1472036,"product_id":78194}
[2026-02-16 19:31:07] [INFO] Created product | Context: {"external_id":1472028,"product_id":78195}
[2026-02-16 19:31:07] [INFO] Created product | Context: {"external_id":1472017,"product_id":78196}
[2026-02-16 19:31:07] [INFO] Created product | Context: {"external_id":1472010,"product_id":78197}
[2026-02-16 19:31:08] [INFO] Created product | Context: {"external_id":1471998,"product_id":78198}
[2026-02-16 19:31:08] [INFO] Created product | Context: {"external_id":1471341,"product_id":78199}
[2026-02-16 19:31:08] [INFO] Created product | Context: {"external_id":1470729,"product_id":78200}
[2026-02-16 19:31:08] [INFO] Created product | Context: {"external_id":1470539,"product_id":78201}
[2026-02-16 19:31:08] [INFO] Created product | Context: {"external_id":1456108,"product_id":78202}
[2026-02-16 19:31:08] [INFO] Created product | Context: {"external_id":1454709,"product_id":78203}
[2026-02-16 19:31:08] [INFO] Created product | Context: {"external_id":1454641,"product_id":78204}
[2026-02-16 19:31:08] [INFO] Created product | Context: {"external_id":1454638,"product_id":78205}
[2026-02-16 19:31:08] [INFO] Batch processed | Context: {"offset":950,"total":3218}
[2026-02-16 19:31:10] [INFO] Created product | Context: {"external_id":1418076,"product_id":78206}
[2026-02-16 19:31:10] [INFO] Created product | Context: {"external_id":1417421,"product_id":78207}
[2026-02-16 19:31:10] [INFO] Created product | Context: {"external_id":1416775,"product_id":78208}
[2026-02-16 19:31:10] [INFO] Created product | Context: {"external_id":1416739,"product_id":78209}
[2026-02-16 19:31:10] [INFO] Created product | Context: {"external_id":1371705,"product_id":78210}
[2026-02-16 19:31:10] [INFO] Created product | Context: {"external_id":1371697,"product_id":78211}
[2026-02-16 19:31:11] [INFO] Created product | Context: {"external_id":1371040,"product_id":78212}
[2026-02-16 19:31:11] [INFO] Created product | Context: {"external_id":1370788,"product_id":78213}
[2026-02-16 19:31:11] [INFO] Created product | Context: {"external_id":1368389,"product_id":78214}
[2026-02-16 19:31:11] [INFO] Created product | Context: {"external_id":1367000,"product_id":78215}
[2026-02-16 19:31:11] [INFO] Created product | Context: {"external_id":1366999,"product_id":78216}
[2026-02-16 19:31:11] [INFO] Created product | Context: {"external_id":1366490,"product_id":78217}
[2026-02-16 19:31:11] [INFO] Created product | Context: {"external_id":1364922,"product_id":78218}
[2026-02-16 19:31:11] [INFO] Created product | Context: {"external_id":1357706,"product_id":78219}
[2026-02-16 19:31:12] [INFO] Created product | Context: {"external_id":1357328,"product_id":78220}
[2026-02-16 19:31:12] [INFO] Created product | Context: {"external_id":1355933,"product_id":78221}
[2026-02-16 19:31:12] [INFO] Created product | Context: {"external_id":1355928,"product_id":78222}
[2026-02-16 19:31:12] [INFO] Created product | Context: {"external_id":1354808,"product_id":78223}
[2026-02-16 19:31:12] [INFO] Created product | Context: {"external_id":1354579,"product_id":78224}
[2026-02-16 19:31:12] [INFO] Created product | Context: {"external_id":1354567,"product_id":78225}
[2026-02-16 19:31:12] [INFO] Created product | Context: {"external_id":1354533,"product_id":78226}
[2026-02-16 19:31:12] [INFO] Created product | Context: {"external_id":1354396,"product_id":78227}
[2026-02-16 19:31:13] [INFO] Created product | Context: {"external_id":1353715,"product_id":78228}
[2026-02-16 19:31:13] [INFO] Created product | Context: {"external_id":1353714,"product_id":78229}
[2026-02-16 19:31:13] [INFO] Created product | Context: {"external_id":1351908,"product_id":78230}
[2026-02-16 19:31:13] [INFO] Created product | Context: {"external_id":1350172,"product_id":78231}
[2026-02-16 19:31:13] [INFO] Created product | Context: {"external_id":1350168,"product_id":78232}
[2026-02-16 19:31:13] [INFO] Created product | Context: {"external_id":1349430,"product_id":78233}
[2026-02-16 19:31:13] [INFO] Created product | Context: {"external_id":1349376,"product_id":78234}
[2026-02-16 19:31:13] [INFO] Created product | Context: {"external_id":1349343,"product_id":78235}
[2026-02-16 19:31:14] [INFO] Created product | Context: {"external_id":1349319,"product_id":78236}
[2026-02-16 19:31:14] [INFO] Created product | Context: {"external_id":1349078,"product_id":78237}
[2026-02-16 19:31:14] [INFO] Created product | Context: {"external_id":1347884,"product_id":78238}
[2026-02-16 19:31:14] [INFO] Created product | Context: {"external_id":1345014,"product_id":78239}
[2026-02-16 19:31:14] [INFO] Created product | Context: {"external_id":1344964,"product_id":78240}
[2026-02-16 19:31:14] [INFO] Created product | Context: {"external_id":1344948,"product_id":78241}
[2026-02-16 19:31:14] [INFO] Created product | Context: {"external_id":1343040,"product_id":78242}
[2026-02-16 19:31:14] [INFO] Created product | Context: {"external_id":1341300,"product_id":78243}
[2026-02-16 19:31:15] [INFO] Created product | Context: {"external_id":1340441,"product_id":78244}
[2026-02-16 19:31:15] [INFO] Created product | Context: {"external_id":1340435,"product_id":78245}
[2026-02-16 19:31:15] [INFO] Created product | Context: {"external_id":1337569,"product_id":78246}
[2026-02-16 19:31:15] [INFO] Created product | Context: {"external_id":1336891,"product_id":78247}
[2026-02-16 19:31:15] [INFO] Created product | Context: {"external_id":1331977,"product_id":78248}
[2026-02-16 19:31:15] [INFO] Created product | Context: {"external_id":1331461,"product_id":78249}
[2026-02-16 19:31:15] [INFO] Created product | Context: {"external_id":1330786,"product_id":78250}
[2026-02-16 19:31:15] [INFO] Created product | Context: {"external_id":1330357,"product_id":78251}
[2026-02-16 19:31:16] [INFO] Created product | Context: {"external_id":1330348,"product_id":78252}
[2026-02-16 19:31:16] [INFO] Created product | Context: {"external_id":1329511,"product_id":78253}
[2026-02-16 19:31:16] [INFO] Created product | Context: {"external_id":1324067,"product_id":78254}
[2026-02-16 19:31:16] [INFO] Created product | Context: {"external_id":1322292,"product_id":78255}
[2026-02-16 19:31:16] [INFO] Batch processed | Context: {"offset":1000,"total":3218}
[2026-02-16 19:31:17] [INFO] Created product | Context: {"external_id":1297125,"product_id":78256}
[2026-02-16 19:31:17] [INFO] Created product | Context: {"external_id":1293432,"product_id":78257}
[2026-02-16 19:31:18] [INFO] Created product | Context: {"external_id":1280244,"product_id":78258}
[2026-02-16 19:31:18] [INFO] Created product | Context: {"external_id":1476823,"product_id":78259}
[2026-02-16 19:31:18] [INFO] Created product | Context: {"external_id":1476567,"product_id":78260}
[2026-02-16 19:31:18] [INFO] Created product | Context: {"external_id":1476418,"product_id":78261}
[2026-02-16 19:31:18] [INFO] Created product | Context: {"external_id":1476391,"product_id":78262}
[2026-02-16 19:31:18] [INFO] Created product | Context: {"external_id":1476373,"product_id":78263}
[2026-02-16 19:31:18] [INFO] Created product | Context: {"external_id":1476367,"product_id":78264}
[2026-02-16 19:31:19] [INFO] Created product | Context: {"external_id":1476314,"product_id":78265}
[2026-02-16 19:31:19] [INFO] Created product | Context: {"external_id":1476299,"product_id":78266}
[2026-02-16 19:31:19] [INFO] Created product | Context: {"external_id":1476267,"product_id":78267}
[2026-02-16 19:31:19] [INFO] Created product | Context: {"external_id":1476258,"product_id":78268}
[2026-02-16 19:31:19] [INFO] Created product | Context: {"external_id":1476255,"product_id":78269}
[2026-02-16 19:31:19] [INFO] Created product | Context: {"external_id":1476240,"product_id":78270}
[2026-02-16 19:31:19] [INFO] Created product | Context: {"external_id":1476214,"product_id":78271}
[2026-02-16 19:31:19] [INFO] Created product | Context: {"external_id":1476167,"product_id":78272}
[2026-02-16 19:31:20] [INFO] Created product | Context: {"external_id":1476158,"product_id":78273}
[2026-02-16 19:31:20] [INFO] Created product | Context: {"external_id":1476080,"product_id":78274}
[2026-02-16 19:31:20] [INFO] Created product | Context: {"external_id":1476073,"product_id":78275}
[2026-02-16 19:31:20] [INFO] Created product | Context: {"external_id":1475421,"product_id":78276}
[2026-02-16 19:31:20] [INFO] Created product | Context: {"external_id":1474053,"product_id":78277}
[2026-02-16 19:31:20] [INFO] Created product | Context: {"external_id":1473326,"product_id":78278}
[2026-02-16 19:31:20] [INFO] Created product | Context: {"external_id":1473307,"product_id":78279}
[2026-02-16 19:31:21] [INFO] Created product | Context: {"external_id":1473291,"product_id":78280}
[2026-02-16 19:31:21] [INFO] Created product | Context: {"external_id":1473035,"product_id":78281}
[2026-02-16 19:31:21] [INFO] Created product | Context: {"external_id":1472943,"product_id":78282}
[2026-02-16 19:31:21] [INFO] Created product | Context: {"external_id":1472909,"product_id":78283}
[2026-02-16 19:31:21] [INFO] Created product | Context: {"external_id":1472350,"product_id":78284}
[2026-02-16 19:31:21] [INFO] Created product | Context: {"external_id":1472317,"product_id":78285}
[2026-02-16 19:31:21] [INFO] Created product | Context: {"external_id":1472312,"product_id":78286}
[2026-02-16 19:31:21] [INFO] Created product | Context: {"external_id":1472153,"product_id":78287}
[2026-02-16 19:31:22] [INFO] Created product | Context: {"external_id":1472026,"product_id":78288}
[2026-02-16 19:31:22] [INFO] Created product | Context: {"external_id":1470723,"product_id":78289}
[2026-02-16 19:31:22] [INFO] Created product | Context: {"external_id":1470717,"product_id":78290}
[2026-02-16 19:31:22] [INFO] Created product | Context: {"external_id":1470555,"product_id":78291}
[2026-02-16 19:31:22] [INFO] Created product | Context: {"external_id":1456114,"product_id":78292}
[2026-02-16 19:31:22] [INFO] Created product | Context: {"external_id":1455508,"product_id":78293}
[2026-02-16 19:31:22] [INFO] Created product | Context: {"external_id":1454715,"product_id":78294}
[2026-02-16 19:31:22] [INFO] Created product | Context: {"external_id":1454704,"product_id":78295}
[2026-02-16 19:31:23] [INFO] Created product | Context: {"external_id":1421791,"product_id":78296}
[2026-02-16 19:31:23] [INFO] Created product | Context: {"external_id":1421787,"product_id":78297}
[2026-02-16 19:31:23] [INFO] Created product | Context: {"external_id":1418102,"product_id":78298}
[2026-02-16 19:31:23] [INFO] Created product | Context: {"external_id":1417470,"product_id":78299}
[2026-02-16 19:31:23] [INFO] Created product | Context: {"external_id":1417469,"product_id":78300}
[2026-02-16 19:31:23] [INFO] Created product | Context: {"external_id":1416794,"product_id":78301}
[2026-02-16 19:31:23] [INFO] Created product | Context: {"external_id":1416784,"product_id":78302}
[2026-02-16 19:31:24] [INFO] Created product | Context: {"external_id":1416742,"product_id":78303}
[2026-02-16 19:31:24] [INFO] Created product | Context: {"external_id":1371037,"product_id":78304}
[2026-02-16 19:31:24] [INFO] Created product | Context: {"external_id":1370797,"product_id":78305}
[2026-02-16 19:31:24] [INFO] Batch processed | Context: {"offset":1050,"total":3218}
[2026-02-16 19:31:25] [INFO] Created product | Context: {"external_id":1368955,"product_id":78306}
[2026-02-16 19:31:25] [INFO] Created product | Context: {"external_id":1368611,"product_id":78307}
[2026-02-16 19:31:26] [INFO] Created product | Context: {"external_id":1367462,"product_id":78308}
[2026-02-16 19:31:26] [INFO] Created product | Context: {"external_id":1367004,"product_id":78309}
[2026-02-16 19:31:26] [INFO] Created product | Context: {"external_id":1366095,"product_id":78310}
[2026-02-16 19:31:26] [INFO] Created product | Context: {"external_id":1363776,"product_id":78311}
[2026-02-16 19:31:26] [INFO] Created product | Context: {"external_id":1363774,"product_id":78312}
[2026-02-16 19:31:26] [INFO] Created product | Context: {"external_id":1358174,"product_id":78313}
[2026-02-16 19:31:26] [INFO] Created product | Context: {"external_id":1357714,"product_id":78314}
[2026-02-16 19:31:27] [INFO] Created product | Context: {"external_id":1357593,"product_id":78315}
[2026-02-16 19:31:27] [INFO] Created product | Context: {"external_id":1357459,"product_id":78316}
[2026-02-16 19:31:27] [INFO] Created product | Context: {"external_id":1357346,"product_id":78317}
[2026-02-16 19:31:27] [INFO] Created product | Context: {"external_id":1355947,"product_id":78318}
[2026-02-16 19:31:27] [INFO] Created product | Context: {"external_id":1355943,"product_id":78319}
[2026-02-16 19:31:27] [INFO] Created product | Context: {"external_id":1354807,"product_id":78320}
[2026-02-16 19:31:27] [INFO] Created product | Context: {"external_id":1354778,"product_id":78321}
[2026-02-16 19:31:28] [INFO] Created product | Context: {"external_id":1354635,"product_id":78322}
[2026-02-16 19:31:28] [INFO] Created product | Context: {"external_id":1354614,"product_id":78323}
[2026-02-16 19:31:28] [INFO] Created product | Context: {"external_id":1354599,"product_id":78324}
[2026-02-16 19:31:28] [INFO] Created product | Context: {"external_id":1354588,"product_id":78325}
[2026-02-16 19:31:28] [INFO] Created product | Context: {"external_id":1354554,"product_id":78326}
[2026-02-16 19:31:28] [INFO] Created product | Context: {"external_id":1354076,"product_id":78327}
[2026-02-16 19:31:28] [INFO] Created product | Context: {"external_id":1354067,"product_id":78328}
[2026-02-16 19:31:28] [INFO] Created product | Context: {"external_id":1354058,"product_id":78329}
[2026-02-16 19:31:29] [INFO] Created product | Context: {"external_id":1353835,"product_id":78330}
[2026-02-16 19:31:29] [INFO] Created product | Context: {"external_id":1351365,"product_id":78331}
[2026-02-16 19:31:29] [INFO] Created product | Context: {"external_id":1350328,"product_id":78332}
[2026-02-16 19:31:29] [INFO] Created product | Context: {"external_id":1349428,"product_id":78333}
[2026-02-16 19:31:29] [INFO] Created product | Context: {"external_id":1349381,"product_id":78334}
[2026-02-16 19:31:29] [INFO] Created product | Context: {"external_id":1349340,"product_id":78335}
[2026-02-16 19:31:29] [INFO] Created product | Context: {"external_id":1349307,"product_id":78336}
[2026-02-16 19:31:29] [INFO] Created product | Context: {"external_id":1349295,"product_id":78337}
[2026-02-16 19:31:30] [INFO] Created product | Context: {"external_id":1349280,"product_id":78338}
[2026-02-16 19:31:30] [INFO] Created product | Context: {"external_id":1349251,"product_id":78339}
[2026-02-16 19:31:30] [INFO] Created product | Context: {"external_id":1347748,"product_id":78340}
[2026-02-16 19:31:30] [INFO] Created product | Context: {"external_id":1347264,"product_id":78341}
[2026-02-16 19:31:30] [INFO] Created product | Context: {"external_id":1346941,"product_id":78342}
[2026-02-16 19:31:30] [INFO] Created product | Context: {"external_id":1346832,"product_id":78343}
[2026-02-16 19:31:30] [INFO] Created product | Context: {"external_id":1345810,"product_id":78344}
[2026-02-16 19:31:30] [INFO] Created product | Context: {"external_id":1344903,"product_id":78345}
[2026-02-16 19:31:31] [INFO] Created product | Context: {"external_id":1344898,"product_id":78346}
[2026-02-16 19:31:31] [INFO] Created product | Context: {"external_id":1343041,"product_id":78347}
[2026-02-16 19:31:31] [INFO] Created product | Context: {"external_id":1343032,"product_id":78348}
[2026-02-16 19:31:31] [INFO] Created product | Context: {"external_id":1341660,"product_id":78349}
[2026-02-16 19:31:31] [INFO] Created product | Context: {"external_id":1341304,"product_id":78350}
[2026-02-16 19:31:31] [INFO] Created product | Context: {"external_id":1333187,"product_id":78351}
[2026-02-16 19:31:31] [INFO] Created product | Context: {"external_id":1331934,"product_id":78352}
[2026-02-16 19:31:31] [INFO] Created product | Context: {"external_id":1329413,"product_id":78353}
[2026-02-16 19:31:32] [INFO] Created product | Context: {"external_id":1327280,"product_id":78354}
[2026-02-16 19:31:32] [INFO] Created product | Context: {"external_id":1327279,"product_id":78355}
[2026-02-16 19:31:32] [INFO] Batch processed | Context: {"offset":1100,"total":3218}
[2026-02-16 19:31:33] [INFO] Created product | Context: {"external_id":1327259,"product_id":78356}
[2026-02-16 19:31:33] [INFO] Created product | Context: {"external_id":1326818,"product_id":78357}
[2026-02-16 19:31:33] [INFO] Created product | Context: {"external_id":1322924,"product_id":78358}
[2026-02-16 19:31:33] [INFO] Created product | Context: {"external_id":1322283,"product_id":78359}
[2026-02-16 19:31:33] [INFO] Created product | Context: {"external_id":1322277,"product_id":78360}
[2026-02-16 19:31:34] [INFO] Created product | Context: {"external_id":1322276,"product_id":78361}
[2026-02-16 19:31:34] [INFO] Created product | Context: {"external_id":1293445,"product_id":78362}
[2026-02-16 19:31:34] [INFO] Created product | Context: {"external_id":1269260,"product_id":78363}
[2026-02-16 19:31:34] [INFO] Created product | Context: {"external_id":1269257,"product_id":78364}
[2026-02-16 19:31:34] [INFO] Created product | Context: {"external_id":1248415,"product_id":78365}
[2026-02-16 19:31:34] [INFO] Created product | Context: {"external_id":1248331,"product_id":78366}
[2026-02-16 19:31:34] [INFO] Created product | Context: {"external_id":1220673,"product_id":78367}
[2026-02-16 19:31:34] [INFO] Created product | Context: {"external_id":1485939,"product_id":78368}
[2026-02-16 19:31:35] [INFO] Created product | Context: {"external_id":1479648,"product_id":78369}
[2026-02-16 19:31:35] [INFO] Created product | Context: {"external_id":1479646,"product_id":78370}
[2026-02-16 19:31:35] [INFO] Created product | Context: {"external_id":1479643,"product_id":78371}
[2026-02-16 19:31:35] [INFO] Created product | Context: {"external_id":1476529,"product_id":78372}
[2026-02-16 19:31:35] [INFO] Created product | Context: {"external_id":1476408,"product_id":78373}
[2026-02-16 19:31:35] [INFO] Created product | Context: {"external_id":1476400,"product_id":78374}
[2026-02-16 19:31:35] [INFO] Created product | Context: {"external_id":1476374,"product_id":78375}
[2026-02-16 19:31:36] [INFO] Created product | Context: {"external_id":1476356,"product_id":78376}
[2026-02-16 19:31:36] [INFO] Created product | Context: {"external_id":1476351,"product_id":78377}
[2026-02-16 19:31:36] [INFO] Created product | Context: {"external_id":1476340,"product_id":78378}
[2026-02-16 19:31:36] [INFO] Created product | Context: {"external_id":1476339,"product_id":78379}
[2026-02-16 19:31:36] [INFO] Created product | Context: {"external_id":1476322,"product_id":78380}
[2026-02-16 19:31:36] [INFO] Created product | Context: {"external_id":1476254,"product_id":78381}
[2026-02-16 19:31:36] [INFO] Created product | Context: {"external_id":1476221,"product_id":78382}
[2026-02-16 19:31:36] [INFO] Created product | Context: {"external_id":1476175,"product_id":78383}
[2026-02-16 19:31:37] [INFO] Created product | Context: {"external_id":1476139,"product_id":78384}
[2026-02-16 19:31:37] [INFO] Created product | Context: {"external_id":1476088,"product_id":78385}
[2026-02-16 19:31:37] [INFO] Created product | Context: {"external_id":1476069,"product_id":78386}
[2026-02-16 19:31:37] [INFO] Created product | Context: {"external_id":1476045,"product_id":78387}
[2026-02-16 19:31:37] [INFO] Created product | Context: {"external_id":1475430,"product_id":78388}
[2026-02-16 19:31:37] [INFO] Created product | Context: {"external_id":1474047,"product_id":78389}
[2026-02-16 19:31:37] [INFO] Created product | Context: {"external_id":1473334,"product_id":78390}
[2026-02-16 19:31:38] [INFO] Created product | Context: {"external_id":1473297,"product_id":78391}
[2026-02-16 19:31:38] [INFO] Created product | Context: {"external_id":1473288,"product_id":78392}
[2026-02-16 19:31:38] [INFO] Created product | Context: {"external_id":1473046,"product_id":78393}
[2026-02-16 19:31:38] [INFO] Created product | Context: {"external_id":1473034,"product_id":78394}
[2026-02-16 19:31:38] [INFO] Created product | Context: {"external_id":1473030,"product_id":78395}
[2026-02-16 19:31:38] [INFO] Created product | Context: {"external_id":1473019,"product_id":78396}
[2026-02-16 19:31:38] [INFO] Created product | Context: {"external_id":1472981,"product_id":78397}
[2026-02-16 19:31:38] [INFO] Created product | Context: {"external_id":1472948,"product_id":78398}
[2026-02-16 19:31:39] [INFO] Created product | Context: {"external_id":1472310,"product_id":78399}
[2026-02-16 19:31:39] [INFO] Created product | Context: {"external_id":1472203,"product_id":78400}
[2026-02-16 19:31:39] [INFO] Created product | Context: {"external_id":1472156,"product_id":78401}
[2026-02-16 19:31:39] [INFO] Created product | Context: {"external_id":1472123,"product_id":78402}
[2026-02-16 19:31:39] [INFO] Created product | Context: {"external_id":1472103,"product_id":78403}
[2026-02-16 19:31:39] [INFO] Created product | Context: {"external_id":1472059,"product_id":78404}
[2026-02-16 19:31:39] [INFO] Created product | Context: {"external_id":1472011,"product_id":78405}
[2026-02-16 19:31:39] [INFO] Batch processed | Context: {"offset":1150,"total":3218}
[2026-02-16 19:31:41] [INFO] Created product | Context: {"external_id":1472000,"product_id":78406}
[2026-02-16 19:31:41] [INFO] Created product | Context: {"external_id":1471999,"product_id":78407}
[2026-02-16 19:31:41] [INFO] Created product | Context: {"external_id":1471988,"product_id":78408}
[2026-02-16 19:31:41] [INFO] Created product | Context: {"external_id":1470724,"product_id":78409}
[2026-02-16 19:31:42] [INFO] Created product | Context: {"external_id":1470716,"product_id":78410}
[2026-02-16 19:31:42] [INFO] Created product | Context: {"external_id":1470562,"product_id":78411}
[2026-02-16 19:31:42] [INFO] Created product | Context: {"external_id":1470543,"product_id":78412}
[2026-02-16 19:31:42] [INFO] Created product | Context: {"external_id":1470141,"product_id":78413}
[2026-02-16 19:31:42] [INFO] Created product | Context: {"external_id":1455454,"product_id":78414}
[2026-02-16 19:31:42] [INFO] Created product | Context: {"external_id":1454912,"product_id":78415}
[2026-02-16 19:31:42] [INFO] Created product | Context: {"external_id":1454911,"product_id":78416}
[2026-02-16 19:31:43] [INFO] Created product | Context: {"external_id":1454765,"product_id":78417}
[2026-02-16 19:31:43] [INFO] Created product | Context: {"external_id":1454758,"product_id":78418}
[2026-02-16 19:31:43] [INFO] Created product | Context: {"external_id":1454754,"product_id":78419}
[2026-02-16 19:31:43] [INFO] Created product | Context: {"external_id":1454708,"product_id":78420}
[2026-02-16 19:31:43] [INFO] Created product | Context: {"external_id":1454647,"product_id":78421}
[2026-02-16 19:31:43] [INFO] Created product | Context: {"external_id":1418261,"product_id":78422}
[2026-02-16 19:31:43] [INFO] Created product | Context: {"external_id":1418107,"product_id":78423}
[2026-02-16 19:31:43] [INFO] Created product | Context: {"external_id":1417448,"product_id":78424}
[2026-02-16 19:31:44] [INFO] Created product | Context: {"external_id":1417446,"product_id":78425}
[2026-02-16 19:31:44] [INFO] Created product | Context: {"external_id":1416778,"product_id":78426}
[2026-02-16 19:31:44] [INFO] Created product | Context: {"external_id":1416774,"product_id":78427}
[2026-02-16 19:31:44] [INFO] Created product | Context: {"external_id":1416754,"product_id":78428}
[2026-02-16 19:31:44] [INFO] Created product | Context: {"external_id":1416692,"product_id":78429}
[2026-02-16 19:31:44] [INFO] Created product | Context: {"external_id":1373207,"product_id":78430}
[2026-02-16 19:31:44] [INFO] Created product | Context: {"external_id":1373206,"product_id":78431}
[2026-02-16 19:31:45] [INFO] Created product | Context: {"external_id":1371039,"product_id":78432}
[2026-02-16 19:31:45] [INFO] Created product | Context: {"external_id":1368632,"product_id":78433}
[2026-02-16 19:31:45] [INFO] Created product | Context: {"external_id":1368624,"product_id":78434}
[2026-02-16 19:31:45] [INFO] Created product | Context: {"external_id":1368622,"product_id":78435}
[2026-02-16 19:31:45] [INFO] Created product | Context: {"external_id":1367463,"product_id":78436}
[2026-02-16 19:31:45] [INFO] Created product | Context: {"external_id":1367003,"product_id":78437}
[2026-02-16 19:31:45] [INFO] Created product | Context: {"external_id":1366571,"product_id":78438}
[2026-02-16 19:31:45] [INFO] Created product | Context: {"external_id":1366544,"product_id":78439}
[2026-02-16 19:31:46] [INFO] Created product | Context: {"external_id":1366543,"product_id":78440}
[2026-02-16 19:31:46] [INFO] Created product | Context: {"external_id":1366539,"product_id":78441}
[2026-02-16 19:31:46] [INFO] Created product | Context: {"external_id":1366503,"product_id":78442}
[2026-02-16 19:31:46] [INFO] Created product | Context: {"external_id":1366071,"product_id":78443}
[2026-02-16 19:31:46] [INFO] Created product | Context: {"external_id":1366037,"product_id":78444}
[2026-02-16 19:31:46] [INFO] Created product | Context: {"external_id":1365986,"product_id":78445}
[2026-02-16 19:31:46] [INFO] Created product | Context: {"external_id":1365891,"product_id":78446}
[2026-02-16 19:31:46] [INFO] Created product | Context: {"external_id":1365011,"product_id":78447}
[2026-02-16 19:31:47] [INFO] Created product | Context: {"external_id":1364998,"product_id":78448}
[2026-02-16 19:31:47] [INFO] Created product | Context: {"external_id":1364997,"product_id":78449}
[2026-02-16 19:31:47] [INFO] Created product | Context: {"external_id":1363778,"product_id":78450}
[2026-02-16 19:31:47] [INFO] Created product | Context: {"external_id":1357712,"product_id":78451}
[2026-02-16 19:31:47] [INFO] Created product | Context: {"external_id":1357704,"product_id":78452}
[2026-02-16 19:31:47] [INFO] Created product | Context: {"external_id":1357585,"product_id":78453}
[2026-02-16 19:31:47] [INFO] Created product | Context: {"external_id":1357577,"product_id":78454}
[2026-02-16 19:31:48] [INFO] Created product | Context: {"external_id":1357479,"product_id":78455}
[2026-02-16 19:31:48] [INFO] Batch processed | Context: {"offset":1200,"total":3218}
[2026-02-16 19:31:49] [INFO] Created product | Context: {"external_id":1357478,"product_id":78456}
[2026-02-16 19:31:49] [INFO] Created product | Context: {"external_id":1357458,"product_id":78457}
[2026-02-16 19:31:49] [INFO] Created product | Context: {"external_id":1357393,"product_id":78458}
[2026-02-16 19:31:49] [INFO] Created product | Context: {"external_id":1357325,"product_id":78459}
[2026-02-16 19:31:50] [INFO] Created product | Context: {"external_id":1356557,"product_id":78460}
[2026-02-16 19:31:50] [INFO] Created product | Context: {"external_id":1355945,"product_id":78461}
[2026-02-16 19:31:50] [INFO] Created product | Context: {"external_id":1354775,"product_id":78462}
[2026-02-16 19:31:50] [INFO] Created product | Context: {"external_id":1354697,"product_id":78463}
[2026-02-16 19:31:50] [INFO] Created product | Context: {"external_id":1354694,"product_id":78464}
[2026-02-16 19:31:50] [INFO] Created product | Context: {"external_id":1354650,"product_id":78465}
[2026-02-16 19:31:50] [INFO] Created product | Context: {"external_id":1354649,"product_id":78466}
[2026-02-16 19:31:51] [INFO] Created product | Context: {"external_id":1354601,"product_id":78467}
[2026-02-16 19:31:51] [INFO] Created product | Context: {"external_id":1354583,"product_id":78468}
[2026-02-16 19:31:51] [INFO] Created product | Context: {"external_id":1354581,"product_id":78469}
[2026-02-16 19:31:51] [INFO] Created product | Context: {"external_id":1354564,"product_id":78470}
[2026-02-16 19:31:51] [INFO] Created product | Context: {"external_id":1354535,"product_id":78471}
[2026-02-16 19:31:51] [INFO] Created product | Context: {"external_id":1354088,"product_id":78472}
[2026-02-16 19:31:51] [INFO] Created product | Context: {"external_id":1354063,"product_id":78473}
[2026-02-16 19:31:51] [INFO] Created product | Context: {"external_id":1354062,"product_id":78474}
[2026-02-16 19:31:52] [INFO] Created product | Context: {"external_id":1354054,"product_id":78475}
[2026-02-16 19:31:52] [INFO] Created product | Context: {"external_id":1353977,"product_id":78476}
[2026-02-16 19:31:52] [INFO] Created product | Context: {"external_id":1353973,"product_id":78477}
[2026-02-16 19:31:52] [INFO] Created product | Context: {"external_id":1353972,"product_id":78478}
[2026-02-16 19:31:52] [INFO] Created product | Context: {"external_id":1353842,"product_id":78479}
[2026-02-16 19:31:52] [INFO] Created product | Context: {"external_id":1353826,"product_id":78480}
[2026-02-16 19:31:52] [INFO] Created product | Context: {"external_id":1353803,"product_id":78481}
[2026-02-16 19:31:53] [INFO] Created product | Context: {"external_id":1353801,"product_id":78482}
[2026-02-16 19:31:53] [INFO] Created product | Context: {"external_id":1353797,"product_id":78483}
[2026-02-16 19:31:53] [INFO] Created product | Context: {"external_id":1353796,"product_id":78484}
[2026-02-16 19:31:53] [INFO] Created product | Context: {"external_id":1351915,"product_id":78485}
[2026-02-16 19:31:53] [INFO] Created product | Context: {"external_id":1351907,"product_id":78486}
[2026-02-16 19:31:53] [INFO] Created product | Context: {"external_id":1351906,"product_id":78487}
[2026-02-16 19:31:53] [INFO] Created product | Context: {"external_id":1351905,"product_id":78488}
[2026-02-16 19:31:54] [INFO] Created product | Context: {"external_id":1351320,"product_id":78489}
[2026-02-16 19:31:54] [INFO] Created product | Context: {"external_id":1351229,"product_id":78490}
[2026-02-16 19:31:54] [INFO] Created product | Context: {"external_id":1350192,"product_id":78491}
[2026-02-16 19:31:54] [INFO] Created product | Context: {"external_id":1349815,"product_id":78492}
[2026-02-16 19:31:54] [INFO] Created product | Context: {"external_id":1349410,"product_id":78493}
[2026-02-16 19:31:54] [INFO] Created product | Context: {"external_id":1349395,"product_id":78494}
[2026-02-16 19:31:55] [INFO] Created product | Context: {"external_id":1349388,"product_id":78495}
[2026-02-16 19:31:55] [INFO] Created product | Context: {"external_id":1349386,"product_id":78496}
[2026-02-16 19:31:55] [INFO] Created product | Context: {"external_id":1349321,"product_id":78497}
[2026-02-16 19:31:55] [INFO] Created product | Context: {"external_id":1349318,"product_id":78498}
[2026-02-16 19:31:55] [INFO] Created product | Context: {"external_id":1349303,"product_id":78499}
[2026-02-16 19:31:55] [INFO] Created product | Context: {"external_id":1349283,"product_id":78500}
[2026-02-16 19:31:55] [INFO] Created product | Context: {"external_id":1349270,"product_id":78501}
[2026-02-16 19:31:56] [INFO] Created product | Context: {"external_id":1349256,"product_id":78502}
[2026-02-16 19:31:56] [INFO] Created product | Context: {"external_id":1349254,"product_id":78503}
[2026-02-16 19:31:56] [INFO] Created product | Context: {"external_id":1349079,"product_id":78504}
[2026-02-16 19:31:56] [INFO] Created product | Context: {"external_id":1348846,"product_id":78505}
[2026-02-16 19:31:56] [INFO] Batch processed | Context: {"offset":1250,"total":3218}
[2026-02-16 19:31:58] [INFO] Created product | Context: {"external_id":1347758,"product_id":78506}
[2026-02-16 19:31:58] [INFO] Created product | Context: {"external_id":1347757,"product_id":78507}
[2026-02-16 19:31:58] [INFO] Created product | Context: {"external_id":1347750,"product_id":78508}
[2026-02-16 19:31:58] [INFO] Created product | Context: {"external_id":1347735,"product_id":78509}
[2026-02-16 19:31:59] [INFO] Created product | Context: {"external_id":1346978,"product_id":78510}
[2026-02-16 19:31:59] [INFO] Created product | Context: {"external_id":1345790,"product_id":78511}
[2026-02-16 19:31:59] [INFO] Created product | Context: {"external_id":1345193,"product_id":78512}
[2026-02-16 19:31:59] [INFO] Created product | Context: {"external_id":1344913,"product_id":78513}
[2026-02-16 19:31:59] [INFO] Created product | Context: {"external_id":1344904,"product_id":78514}
[2026-02-16 19:31:59] [INFO] Created product | Context: {"external_id":1343023,"product_id":78515}
[2026-02-16 19:31:59] [INFO] Created product | Context: {"external_id":1341659,"product_id":78516}
[2026-02-16 19:32:00] [INFO] Created product | Context: {"external_id":1341654,"product_id":78517}
[2026-02-16 19:32:00] [INFO] Created product | Context: {"external_id":1341318,"product_id":78518}
[2026-02-16 19:32:00] [INFO] Created product | Context: {"external_id":1341298,"product_id":78519}
[2026-02-16 19:32:00] [INFO] Created product | Context: {"external_id":1341025,"product_id":78520}
[2026-02-16 19:32:00] [INFO] Created product | Context: {"external_id":1339944,"product_id":78521}
[2026-02-16 19:32:00] [INFO] Created product | Context: {"external_id":1339939,"product_id":78522}
[2026-02-16 19:32:00] [INFO] Created product | Context: {"external_id":1339938,"product_id":78523}
[2026-02-16 19:32:01] [INFO] Created product | Context: {"external_id":1333190,"product_id":78524}
[2026-02-16 19:32:01] [INFO] Created product | Context: {"external_id":1331976,"product_id":78525}
[2026-02-16 19:32:01] [INFO] Created product | Context: {"external_id":1330793,"product_id":78526}
[2026-02-16 19:32:01] [INFO] Created product | Context: {"external_id":1330358,"product_id":78527}
[2026-02-16 19:32:01] [INFO] Created product | Context: {"external_id":1329506,"product_id":78528}
[2026-02-16 19:32:01] [INFO] Created product | Context: {"external_id":1329503,"product_id":78529}
[2026-02-16 19:32:01] [INFO] Created product | Context: {"external_id":1329500,"product_id":78530}
[2026-02-16 19:32:01] [INFO] Created product | Context: {"external_id":1327260,"product_id":78531}
[2026-02-16 19:32:02] [INFO] Created product | Context: {"external_id":1326848,"product_id":78532}
[2026-02-16 19:32:02] [INFO] Created product | Context: {"external_id":1324043,"product_id":78533}
[2026-02-16 19:32:02] [INFO] Created product | Context: {"external_id":1324041,"product_id":78534}
[2026-02-16 19:32:02] [INFO] Created product | Context: {"external_id":1324040,"product_id":78535}
[2026-02-16 19:32:02] [INFO] Created product | Context: {"external_id":1322906,"product_id":78536}
[2026-02-16 19:32:02] [INFO] Created product | Context: {"external_id":1322284,"product_id":78537}
[2026-02-16 19:32:02] [INFO] Created product | Context: {"external_id":1321088,"product_id":78538}
[2026-02-16 19:32:03] [INFO] Created product | Context: {"external_id":1299701,"product_id":78539}
[2026-02-16 19:32:03] [INFO] Created product | Context: {"external_id":1293437,"product_id":78540}
[2026-02-16 19:32:03] [INFO] Created product | Context: {"external_id":1293422,"product_id":78541}
[2026-02-16 19:32:03] [INFO] Created product | Context: {"external_id":1292823,"product_id":78542}
[2026-02-16 19:32:03] [INFO] Created product | Context: {"external_id":1291900,"product_id":78543}
[2026-02-16 19:32:03] [INFO] Created product | Context: {"external_id":1276564,"product_id":78544}
[2026-02-16 19:32:03] [INFO] Created product | Context: {"external_id":1272189,"product_id":78545}
[2026-02-16 19:32:04] [INFO] Created product | Context: {"external_id":1269261,"product_id":78546}
[2026-02-16 19:32:04] [INFO] Created product | Context: {"external_id":1230928,"product_id":78547}
[2026-02-16 19:32:04] [INFO] Created product | Context: {"external_id":1479642,"product_id":78548}
[2026-02-16 19:32:04] [INFO] Created product | Context: {"external_id":1476824,"product_id":78549}
[2026-02-16 19:32:04] [INFO] Created product | Context: {"external_id":1476815,"product_id":78550}
[2026-02-16 19:32:04] [INFO] Created product | Context: {"external_id":1476568,"product_id":78551}
[2026-02-16 19:32:04] [INFO] Created product | Context: {"external_id":1476566,"product_id":78552}
[2026-02-16 19:32:04] [INFO] Created product | Context: {"external_id":1476563,"product_id":78553}
[2026-02-16 19:32:05] [INFO] Created product | Context: {"external_id":1476560,"product_id":78554}
[2026-02-16 19:32:05] [INFO] Created product | Context: {"external_id":1476531,"product_id":78555}
[2026-02-16 19:32:05] [INFO] Batch processed | Context: {"offset":1300,"total":3218}
[2026-02-16 19:32:07] [INFO] Created product | Context: {"external_id":1476525,"product_id":78556}
[2026-02-16 19:32:07] [INFO] Created product | Context: {"external_id":1476524,"product_id":78557}
[2026-02-16 19:32:07] [INFO] Created product | Context: {"external_id":1476434,"product_id":78558}
[2026-02-16 19:32:08] [INFO] Created product | Context: {"external_id":1476433,"product_id":78559}
[2026-02-16 19:32:08] [INFO] Created product | Context: {"external_id":1476419,"product_id":78560}
[2026-02-16 19:32:08] [INFO] Created product | Context: {"external_id":1476407,"product_id":78561}
[2026-02-16 19:32:08] [INFO] Created product | Context: {"external_id":1476396,"product_id":78562}
[2026-02-16 19:32:08] [INFO] Created product | Context: {"external_id":1476387,"product_id":78563}
[2026-02-16 19:32:08] [INFO] Created product | Context: {"external_id":1476358,"product_id":78564}
[2026-02-16 19:32:08] [INFO] Created product | Context: {"external_id":1476357,"product_id":78565}
[2026-02-16 19:32:09] [INFO] Created product | Context: {"external_id":1476341,"product_id":78566}
[2026-02-16 19:32:09] [INFO] Created product | Context: {"external_id":1476320,"product_id":78567}
[2026-02-16 19:32:09] [INFO] Created product | Context: {"external_id":1476316,"product_id":78568}
[2026-02-16 19:32:09] [INFO] Created product | Context: {"external_id":1476315,"product_id":78569}
[2026-02-16 19:32:09] [INFO] Created product | Context: {"external_id":1476313,"product_id":78570}
[2026-02-16 19:32:09] [INFO] Created product | Context: {"external_id":1476310,"product_id":78571}
[2026-02-16 19:32:09] [INFO] Created product | Context: {"external_id":1476309,"product_id":78572}
[2026-02-16 19:32:10] [INFO] Created product | Context: {"external_id":1476307,"product_id":78573}
[2026-02-16 19:32:10] [INFO] Created product | Context: {"external_id":1476298,"product_id":78574}
[2026-02-16 19:32:10] [INFO] Created product | Context: {"external_id":1476266,"product_id":78575}
[2026-02-16 19:32:10] [INFO] Created product | Context: {"external_id":1476257,"product_id":78576}
[2026-02-16 19:32:10] [INFO] Created product | Context: {"external_id":1476220,"product_id":78577}
[2026-02-16 19:32:10] [INFO] Created product | Context: {"external_id":1476218,"product_id":78578}
[2026-02-16 19:32:10] [INFO] Created product | Context: {"external_id":1476215,"product_id":78579}
[2026-02-16 19:32:10] [INFO] Created product | Context: {"external_id":1476197,"product_id":78580}
[2026-02-16 19:32:11] [INFO] Created product | Context: {"external_id":1476178,"product_id":78581}
[2026-02-16 19:32:11] [INFO] Created product | Context: {"external_id":1476176,"product_id":78582}
[2026-02-16 19:32:11] [INFO] Created product | Context: {"external_id":1476170,"product_id":78583}
[2026-02-16 19:32:11] [INFO] Created product | Context: {"external_id":1476169,"product_id":78584}
[2026-02-16 19:32:11] [INFO] Created product | Context: {"external_id":1476166,"product_id":78585}
[2026-02-16 19:32:11] [INFO] Created product | Context: {"external_id":1476164,"product_id":78586}
[2026-02-16 19:32:11] [INFO] Created product | Context: {"external_id":1476152,"product_id":78587}
[2026-02-16 19:32:12] [INFO] Created product | Context: {"external_id":1476145,"product_id":78588}
[2026-02-16 19:32:12] [INFO] Created product | Context: {"external_id":1476124,"product_id":78589}
[2026-02-16 19:32:12] [INFO] Created product | Context: {"external_id":1476123,"product_id":78590}
[2026-02-16 19:32:12] [INFO] Created product | Context: {"external_id":1476122,"product_id":78591}
[2026-02-16 19:32:12] [INFO] Created product | Context: {"external_id":1476047,"product_id":78592}
[2026-02-16 19:32:12] [INFO] Created product | Context: {"external_id":1476046,"product_id":78593}
[2026-02-16 19:32:12] [INFO] Created product | Context: {"external_id":1475446,"product_id":78594}
[2026-02-16 19:32:13] [INFO] Created product | Context: {"external_id":1475429,"product_id":78595}
[2026-02-16 19:32:13] [INFO] Created product | Context: {"external_id":1475422,"product_id":78596}
[2026-02-16 19:32:13] [INFO] Created product | Context: {"external_id":1475417,"product_id":78597}
[2026-02-16 19:32:13] [INFO] Created product | Context: {"external_id":1474052,"product_id":78598}
[2026-02-16 19:32:13] [INFO] Created product | Context: {"external_id":1474050,"product_id":78599}
[2026-02-16 19:32:13] [INFO] Created product | Context: {"external_id":1473299,"product_id":78600}
[2026-02-16 19:32:13] [INFO] Created product | Context: {"external_id":1473298,"product_id":78601}
[2026-02-16 19:32:14] [INFO] Created product | Context: {"external_id":1473296,"product_id":78602}
[2026-02-16 19:32:14] [INFO] Created product | Context: {"external_id":1473289,"product_id":78603}
[2026-02-16 19:32:14] [INFO] Created product | Context: {"external_id":1473068,"product_id":78604}
[2026-02-16 19:32:14] [INFO] Created product | Context: {"external_id":1473066,"product_id":78605}
[2026-02-16 19:32:14] [INFO] Batch processed | Context: {"offset":1350,"total":3218}
[2026-02-16 19:32:16] [INFO] Created product | Context: {"external_id":1473020,"product_id":78606}
[2026-02-16 19:32:16] [INFO] Created product | Context: {"external_id":1472946,"product_id":78607}
[2026-02-16 19:32:16] [INFO] Created product | Context: {"external_id":1472932,"product_id":78608}
[2026-02-16 19:32:17] [INFO] Created product | Context: {"external_id":1472926,"product_id":78609}
[2026-02-16 19:32:17] [INFO] Created product | Context: {"external_id":1472925,"product_id":78610}
[2026-02-16 19:32:17] [INFO] Created product | Context: {"external_id":1472910,"product_id":78611}
[2026-02-16 19:32:17] [INFO] Created product | Context: {"external_id":1472855,"product_id":78612}
[2026-02-16 19:32:17] [INFO] Created product | Context: {"external_id":1472318,"product_id":78613}
[2026-02-16 19:32:17] [INFO] Created product | Context: {"external_id":1472315,"product_id":78614}
[2026-02-16 19:32:17] [INFO] Created product | Context: {"external_id":1472307,"product_id":78615}
[2026-02-16 19:32:18] [INFO] Created product | Context: {"external_id":1472285,"product_id":78616}
[2026-02-16 19:32:18] [INFO] Created product | Context: {"external_id":1472233,"product_id":78617}
[2026-02-16 19:32:18] [INFO] Created product | Context: {"external_id":1472229,"product_id":78618}
[2026-02-16 19:32:18] [INFO] Created product | Context: {"external_id":1472219,"product_id":78619}
[2026-02-16 19:32:18] [INFO] Created product | Context: {"external_id":1472157,"product_id":78620}
[2026-02-16 19:32:18] [INFO] Created product | Context: {"external_id":1472126,"product_id":78621}
[2026-02-16 19:32:18] [INFO] Created product | Context: {"external_id":1472125,"product_id":78622}
[2026-02-16 19:32:19] [INFO] Created product | Context: {"external_id":1472124,"product_id":78623}
[2026-02-16 19:32:19] [INFO] Created product | Context: {"external_id":1472102,"product_id":78624}
[2026-02-16 19:32:19] [INFO] Created product | Context: {"external_id":1472101,"product_id":78625}
[2026-02-16 19:32:19] [INFO] Created product | Context: {"external_id":1472032,"product_id":78626}
[2026-02-16 19:32:19] [INFO] Created product | Context: {"external_id":1472029,"product_id":78627}
[2026-02-16 19:32:19] [INFO] Created product | Context: {"external_id":1472013,"product_id":78628}
[2026-02-16 19:32:19] [INFO] Created product | Context: {"external_id":1472001,"product_id":78629}
[2026-02-16 19:32:20] [INFO] Created product | Context: {"external_id":1471345,"product_id":78630}
[2026-02-16 19:32:20] [INFO] Created product | Context: {"external_id":1470730,"product_id":78631}
[2026-02-16 19:32:20] [INFO] Created product | Context: {"external_id":1470727,"product_id":78632}
[2026-02-16 19:32:20] [INFO] Created product | Context: {"external_id":1470722,"product_id":78633}
[2026-02-16 19:32:20] [INFO] Created product | Context: {"external_id":1470720,"product_id":78634}
[2026-02-16 19:32:20] [INFO] Created product | Context: {"external_id":1470719,"product_id":78635}
[2026-02-16 19:32:20] [INFO] Created product | Context: {"external_id":1470590,"product_id":78636}
[2026-02-16 19:32:20] [INFO] Created product | Context: {"external_id":1470535,"product_id":78637}
[2026-02-16 19:32:21] [INFO] Created product | Context: {"external_id":1455513,"product_id":78638}
[2026-02-16 19:32:21] [INFO] Created product | Context: {"external_id":1455512,"product_id":78639}
[2026-02-16 19:32:21] [INFO] Created product | Context: {"external_id":1455511,"product_id":78640}
[2026-02-16 19:32:21] [INFO] Created product | Context: {"external_id":1455490,"product_id":78641}
[2026-02-16 19:32:21] [INFO] Created product | Context: {"external_id":1455489,"product_id":78642}
[2026-02-16 19:32:21] [INFO] Created product | Context: {"external_id":1454784,"product_id":78643}
[2026-02-16 19:32:21] [INFO] Created product | Context: {"external_id":1454775,"product_id":78644}
[2026-02-16 19:32:22] [INFO] Created product | Context: {"external_id":1454774,"product_id":78645}
[2026-02-16 19:32:22] [INFO] Created product | Context: {"external_id":1454773,"product_id":78646}
[2026-02-16 19:32:22] [INFO] Created product | Context: {"external_id":1454771,"product_id":78647}
[2026-02-16 19:32:22] [INFO] Created product | Context: {"external_id":1454766,"product_id":78648}
[2026-02-16 19:32:22] [INFO] Created product | Context: {"external_id":1454764,"product_id":78649}
[2026-02-16 19:32:22] [INFO] Created product | Context: {"external_id":1454763,"product_id":78650}
[2026-02-16 19:32:22] [INFO] Created product | Context: {"external_id":1454762,"product_id":78651}
[2026-02-16 19:32:23] [INFO] Created product | Context: {"external_id":1454760,"product_id":78652}
[2026-02-16 19:32:23] [INFO] Created product | Context: {"external_id":1454745,"product_id":78653}
[2026-02-16 19:32:23] [INFO] Created product | Context: {"external_id":1454733,"product_id":78654}
[2026-02-16 19:32:23] [INFO] Created product | Context: {"external_id":1454710,"product_id":78655}
[2026-02-16 19:32:23] [INFO] Batch processed | Context: {"offset":1400,"total":3218}
[2026-02-16 19:32:25] [INFO] Created product | Context: {"external_id":1454707,"product_id":78656}
[2026-02-16 19:32:25] [INFO] Created product | Context: {"external_id":1454696,"product_id":78657}
[2026-02-16 19:32:25] [INFO] Created product | Context: {"external_id":1454654,"product_id":78658}
[2026-02-16 19:32:26] [INFO] Created product | Context: {"external_id":1454651,"product_id":78659}
[2026-02-16 19:32:26] [INFO] Created product | Context: {"external_id":1454635,"product_id":78660}
[2026-02-16 19:32:26] [INFO] Created product | Context: {"external_id":1418109,"product_id":78661}
[2026-02-16 19:32:26] [INFO] Created product | Context: {"external_id":1418105,"product_id":78662}
[2026-02-16 19:32:26] [INFO] Created product | Context: {"external_id":1418101,"product_id":78663}
[2026-02-16 19:32:26] [INFO] Created product | Context: {"external_id":1418096,"product_id":78664}
[2026-02-16 19:32:26] [INFO] Created product | Context: {"external_id":1418077,"product_id":78665}
[2026-02-16 19:32:27] [INFO] Created product | Context: {"external_id":1417832,"product_id":78666}
[2026-02-16 19:32:27] [INFO] Created product | Context: {"external_id":1417427,"product_id":78667}
[2026-02-16 19:32:27] [INFO] Created product | Context: {"external_id":1416789,"product_id":78668}
[2026-02-16 19:32:27] [INFO] Created product | Context: {"external_id":1416785,"product_id":78669}
[2026-02-16 19:32:27] [INFO] Created product | Context: {"external_id":1416783,"product_id":78670}
[2026-02-16 19:32:27] [INFO] Created product | Context: {"external_id":1416781,"product_id":78671}
[2026-02-16 19:32:27] [INFO] Created product | Context: {"external_id":1416780,"product_id":78672}
[2026-02-16 19:32:27] [INFO] Created product | Context: {"external_id":1416760,"product_id":78673}
[2026-02-16 19:32:28] [INFO] Created product | Context: {"external_id":1416757,"product_id":78674}
[2026-02-16 19:32:28] [INFO] Created product | Context: {"external_id":1416748,"product_id":78675}
[2026-02-16 19:32:28] [INFO] Created product | Context: {"external_id":1416747,"product_id":78676}
[2026-02-16 19:32:28] [INFO] Created product | Context: {"external_id":1416744,"product_id":78677}
[2026-02-16 19:32:28] [INFO] Created product | Context: {"external_id":1373205,"product_id":78678}
[2026-02-16 19:32:28] [INFO] Created product | Context: {"external_id":1373204,"product_id":78679}
[2026-02-16 19:32:28] [INFO] Created product | Context: {"external_id":1373203,"product_id":78680}
[2026-02-16 19:32:29] [INFO] Created product | Context: {"external_id":1373200,"product_id":78681}
[2026-02-16 19:32:29] [INFO] Created product | Context: {"external_id":1371706,"product_id":78682}
[2026-02-16 19:32:29] [INFO] Created product | Context: {"external_id":1371698,"product_id":78683}
[2026-02-16 19:32:29] [INFO] Created product | Context: {"external_id":1371661,"product_id":78684}
[2026-02-16 19:32:29] [INFO] Created product | Context: {"external_id":1371658,"product_id":78685}
[2026-02-16 19:32:29] [INFO] Created product | Context: {"external_id":1371028,"product_id":78686}
[2026-02-16 19:32:30] [INFO] Created product | Context: {"external_id":1368627,"product_id":78687}
[2026-02-16 19:32:30] [INFO] Created product | Context: {"external_id":1368623,"product_id":78688}
[2026-02-16 19:32:30] [INFO] Created product | Context: {"external_id":1366997,"product_id":78689}
[2026-02-16 19:32:30] [INFO] Created product | Context: {"external_id":1366994,"product_id":78690}
[2026-02-16 19:32:30] [INFO] Created product | Context: {"external_id":1366573,"product_id":78691}
[2026-02-16 19:32:30] [INFO] Created product | Context: {"external_id":1366572,"product_id":78692}
[2026-02-16 19:32:30] [INFO] Created product | Context: {"external_id":1366569,"product_id":78693}
[2026-02-16 19:32:31] [INFO] Created product | Context: {"external_id":1366550,"product_id":78694}
[2026-02-16 19:32:31] [INFO] Created product | Context: {"external_id":1366542,"product_id":78695}
[2026-02-16 19:32:31] [INFO] Created product | Context: {"external_id":1366538,"product_id":78696}
[2026-02-16 19:32:31] [INFO] Created product | Context: {"external_id":1366111,"product_id":78697}
[2026-02-16 19:32:31] [INFO] Created product | Context: {"external_id":1366097,"product_id":78698}
[2026-02-16 19:32:31] [INFO] Created product | Context: {"external_id":1366072,"product_id":78699}
[2026-02-16 19:32:31] [INFO] Created product | Context: {"external_id":1366018,"product_id":78700}
[2026-02-16 19:32:31] [INFO] Created product | Context: {"external_id":1366012,"product_id":78701}
[2026-02-16 19:32:32] [INFO] Created product | Context: {"external_id":1365971,"product_id":78702}
[2026-02-16 19:32:32] [INFO] Created product | Context: {"external_id":1365953,"product_id":78703}
[2026-02-16 19:32:32] [INFO] Created product | Context: {"external_id":1365913,"product_id":78704}
[2026-02-16 19:32:32] [INFO] Created product | Context: {"external_id":1365912,"product_id":78705}
[2026-02-16 19:32:32] [INFO] Batch processed | Context: {"offset":1450,"total":3218}
[2026-02-16 19:32:34] [INFO] Created product | Context: {"external_id":1365883,"product_id":78706}
[2026-02-16 19:32:34] [INFO] Created product | Context: {"external_id":1365868,"product_id":78707}
[2026-02-16 19:32:34] [INFO] Created product | Context: {"external_id":1365867,"product_id":78708}
[2026-02-16 19:32:35] [INFO] Created product | Context: {"external_id":1365862,"product_id":78709}
[2026-02-16 19:32:35] [INFO] Created product | Context: {"external_id":1365861,"product_id":78710}
[2026-02-16 19:32:35] [INFO] Created product | Context: {"external_id":1365860,"product_id":78711}
[2026-02-16 19:32:35] [INFO] Created product | Context: {"external_id":1365859,"product_id":78712}
[2026-02-16 19:32:35] [INFO] Created product | Context: {"external_id":1365845,"product_id":78713}
[2026-02-16 19:32:35] [INFO] Created product | Context: {"external_id":1365838,"product_id":78714}
[2026-02-16 19:32:35] [INFO] Created product | Context: {"external_id":1365823,"product_id":78715}
[2026-02-16 19:32:36] [INFO] Created product | Context: {"external_id":1365006,"product_id":78716}
[2026-02-16 19:32:36] [INFO] Created product | Context: {"external_id":1365004,"product_id":78717}
[2026-02-16 19:32:36] [INFO] Created product | Context: {"external_id":1364996,"product_id":78718}
[2026-02-16 19:32:36] [INFO] Created product | Context: {"external_id":1364929,"product_id":78719}
[2026-02-16 19:32:36] [INFO] Created product | Context: {"external_id":1360372,"product_id":78720}
[2026-02-16 19:32:36] [INFO] Created product | Context: {"external_id":1360370,"product_id":78721}
[2026-02-16 19:32:36] [INFO] Created product | Context: {"external_id":1358177,"product_id":78722}
[2026-02-16 19:32:36] [INFO] Created product | Context: {"external_id":1358175,"product_id":78723}
[2026-02-16 19:32:37] [INFO] Created product | Context: {"external_id":1357719,"product_id":78724}
[2026-02-16 19:32:37] [INFO] Created product | Context: {"external_id":1357717,"product_id":78725}
[2026-02-16 19:32:37] [INFO] Created product | Context: {"external_id":1357716,"product_id":78726}
[2026-02-16 19:32:37] [INFO] Created product | Context: {"external_id":1357715,"product_id":78727}
[2026-02-16 19:32:37] [INFO] Created product | Context: {"external_id":1357707,"product_id":78728}
[2026-02-16 19:32:37] [INFO] Created product | Context: {"external_id":1357598,"product_id":78729}
[2026-02-16 19:32:37] [INFO] Created product | Context: {"external_id":1357595,"product_id":78730}
[2026-02-16 19:32:38] [INFO] Created product | Context: {"external_id":1357586,"product_id":78731}
[2026-02-16 19:32:38] [INFO] Created product | Context: {"external_id":1357578,"product_id":78732}
[2026-02-16 19:32:38] [INFO] Created product | Context: {"external_id":1357576,"product_id":78733}
[2026-02-16 19:32:38] [INFO] Created product | Context: {"external_id":1357575,"product_id":78734}
[2026-02-16 19:32:38] [INFO] Created product | Context: {"external_id":1357574,"product_id":78735}
[2026-02-16 19:32:38] [INFO] Created product | Context: {"external_id":1357566,"product_id":78736}
[2026-02-16 19:32:38] [INFO] Created product | Context: {"external_id":1357058,"product_id":78737}
[2026-02-16 19:32:39] [INFO] Created product | Context: {"external_id":1356021,"product_id":78738}
[2026-02-16 19:32:39] [INFO] Created product | Context: {"external_id":1356018,"product_id":78739}
[2026-02-16 19:32:39] [INFO] Created product | Context: {"external_id":1355944,"product_id":78740}
[2026-02-16 19:32:39] [INFO] Created product | Context: {"external_id":1355937,"product_id":78741}
[2026-02-16 19:32:39] [INFO] Created product | Context: {"external_id":1355935,"product_id":78742}
[2026-02-16 19:32:39] [INFO] Created product | Context: {"external_id":1354853,"product_id":78743}
[2026-02-16 19:32:39] [INFO] Created product | Context: {"external_id":1354805,"product_id":78744}
[2026-02-16 19:32:40] [INFO] Created product | Context: {"external_id":1354699,"product_id":78745}
[2026-02-16 19:32:40] [INFO] Created product | Context: {"external_id":1354698,"product_id":78746}
[2026-02-16 19:32:40] [INFO] Created product | Context: {"external_id":1354637,"product_id":78747}
[2026-02-16 19:32:40] [INFO] Created product | Context: {"external_id":1354636,"product_id":78748}
[2026-02-16 19:32:40] [INFO] Created product | Context: {"external_id":1354612,"product_id":78749}
[2026-02-16 19:32:40] [INFO] Created product | Context: {"external_id":1354598,"product_id":78750}
[2026-02-16 19:32:40] [INFO] Created product | Context: {"external_id":1354584,"product_id":78751}
[2026-02-16 19:32:41] [INFO] Created product | Context: {"external_id":1354580,"product_id":78752}
[2026-02-16 19:32:41] [INFO] Created product | Context: {"external_id":1354569,"product_id":78753}
[2026-02-16 19:32:41] [INFO] Created product | Context: {"external_id":1354568,"product_id":78754}
[2026-02-16 19:32:41] [INFO] Created product | Context: {"external_id":1354566,"product_id":78755}
[2026-02-16 19:32:41] [INFO] Batch processed | Context: {"offset":1500,"total":3218}
[2026-02-16 19:32:43] [INFO] Created product | Context: {"external_id":1354562,"product_id":78756}
[2026-02-16 19:32:43] [INFO] Created product | Context: {"external_id":1354555,"product_id":78757}
[2026-02-16 19:32:43] [INFO] Created product | Context: {"external_id":1354553,"product_id":78758}
[2026-02-16 19:32:44] [INFO] Created product | Context: {"external_id":1354550,"product_id":78759}
[2026-02-16 19:32:44] [INFO] Created product | Context: {"external_id":1354549,"product_id":78760}
[2026-02-16 19:32:44] [INFO] Created product | Context: {"external_id":1354548,"product_id":78761}
[2026-02-16 19:32:44] [INFO] Created product | Context: {"external_id":1354547,"product_id":78762}
[2026-02-16 19:32:44] [INFO] Created product | Context: {"external_id":1354541,"product_id":78763}
[2026-02-16 19:32:44] [INFO] Created product | Context: {"external_id":1354540,"product_id":78764}
[2026-02-16 19:32:44] [INFO] Created product | Context: {"external_id":1354536,"product_id":78765}
[2026-02-16 19:32:44] [INFO] Created product | Context: {"external_id":1354534,"product_id":78766}
[2026-02-16 19:32:45] [INFO] Created product | Context: {"external_id":1354405,"product_id":78767}
[2026-02-16 19:32:45] [INFO] Created product | Context: {"external_id":1354099,"product_id":78768}
[2026-02-16 19:32:45] [INFO] Created product | Context: {"external_id":1354098,"product_id":78769}
[2026-02-16 19:32:45] [INFO] Created product | Context: {"external_id":1354092,"product_id":78770}
[2026-02-16 19:32:45] [INFO] Created product | Context: {"external_id":1354089,"product_id":78771}
[2026-02-16 19:32:45] [INFO] Created product | Context: {"external_id":1354080,"product_id":78772}
[2026-02-16 19:32:45] [INFO] Created product | Context: {"external_id":1354069,"product_id":78773}
[2026-02-16 19:32:46] [INFO] Created product | Context: {"external_id":1354050,"product_id":78774}
[2026-02-16 19:32:46] [INFO] Created product | Context: {"external_id":1353978,"product_id":78775}
[2026-02-16 19:32:46] [INFO] Created product | Context: {"external_id":1353848,"product_id":78776}
[2026-02-16 19:32:46] [INFO] Created product | Context: {"external_id":1353844,"product_id":78777}
[2026-02-16 19:32:46] [INFO] Created product | Context: {"external_id":1353840,"product_id":78778}
[2026-02-16 19:32:46] [INFO] Created product | Context: {"external_id":1353838,"product_id":78779}
[2026-02-16 19:32:46] [INFO] Created product | Context: {"external_id":1353837,"product_id":78780}
[2026-02-16 19:32:47] [INFO] Created product | Context: {"external_id":1353809,"product_id":78781}
[2026-02-16 19:32:47] [INFO] Created product | Context: {"external_id":1353805,"product_id":78782}
[2026-02-16 19:32:47] [INFO] Created product | Context: {"external_id":1353723,"product_id":78783}
[2026-02-16 19:32:47] [INFO] Created product | Context: {"external_id":1353716,"product_id":78784}
[2026-02-16 19:32:47] [INFO] Created product | Context: {"external_id":1351903,"product_id":78785}
[2026-02-16 19:32:47] [INFO] Created product | Context: {"external_id":1351901,"product_id":78786}
[2026-02-16 19:32:47] [INFO] Created product | Context: {"external_id":1351900,"product_id":78787}
[2026-02-16 19:32:48] [INFO] Created product | Context: {"external_id":1351899,"product_id":78788}
[2026-02-16 19:32:48] [INFO] Created product | Context: {"external_id":1351221,"product_id":78789}
[2026-02-16 19:32:48] [INFO] Created product | Context: {"external_id":1350363,"product_id":78790}
[2026-02-16 19:32:48] [INFO] Created product | Context: {"external_id":1349451,"product_id":78791}
[2026-02-16 19:32:48] [INFO] Created product | Context: {"external_id":1349447,"product_id":78792}
[2026-02-16 19:32:48] [INFO] Created product | Context: {"external_id":1349446,"product_id":78793}
[2026-02-16 19:32:48] [INFO] Created product | Context: {"external_id":1349444,"product_id":78794}
[2026-02-16 19:32:49] [INFO] Created product | Context: {"external_id":1349431,"product_id":78795}
[2026-02-16 19:32:49] [INFO] Created product | Context: {"external_id":1349427,"product_id":78796}
[2026-02-16 19:32:49] [INFO] Created product | Context: {"external_id":1349422,"product_id":78797}
[2026-02-16 19:32:49] [INFO] Created product | Context: {"external_id":1349421,"product_id":78798}
[2026-02-16 19:32:49] [INFO] Created product | Context: {"external_id":1349419,"product_id":78799}
[2026-02-16 19:32:49] [INFO] Created product | Context: {"external_id":1349418,"product_id":78800}
[2026-02-16 19:32:50] [INFO] Created product | Context: {"external_id":1349401,"product_id":78801}
[2026-02-16 19:32:50] [INFO] Created product | Context: {"external_id":1349389,"product_id":78802}
[2026-02-16 19:32:50] [INFO] Created product | Context: {"external_id":1349384,"product_id":78803}
[2026-02-16 19:32:50] [INFO] Created product | Context: {"external_id":1349366,"product_id":78804}
[2026-02-16 19:32:50] [INFO] Created product | Context: {"external_id":1349363,"product_id":78805}
[2026-02-16 19:32:50] [INFO] Batch processed | Context: {"offset":1550,"total":3218}
[2026-02-16 19:32:52] [INFO] Created product | Context: {"external_id":1349349,"product_id":78806}
[2026-02-16 19:32:52] [INFO] Created product | Context: {"external_id":1349346,"product_id":78807}
[2026-02-16 19:32:52] [INFO] Created product | Context: {"external_id":1349345,"product_id":78808}
[2026-02-16 19:32:53] [INFO] Created product | Context: {"external_id":1349337,"product_id":78809}
[2026-02-16 19:32:53] [INFO] Created product | Context: {"external_id":1349334,"product_id":78810}
[2026-02-16 19:32:53] [INFO] Created product | Context: {"external_id":1349309,"product_id":78811}
[2026-02-16 19:32:53] [INFO] Created product | Context: {"external_id":1349293,"product_id":78812}
[2026-02-16 19:32:53] [INFO] Created product | Context: {"external_id":1349289,"product_id":78813}
[2026-02-16 19:32:53] [INFO] Created product | Context: {"external_id":1349286,"product_id":78814}
[2026-02-16 19:32:53] [INFO] Created product | Context: {"external_id":1349277,"product_id":78815}
[2026-02-16 19:32:54] [INFO] Created product | Context: {"external_id":1349265,"product_id":78816}
[2026-02-16 19:32:54] [INFO] Created product | Context: {"external_id":1349261,"product_id":78817}
[2026-02-16 19:32:54] [INFO] Created product | Context: {"external_id":1349257,"product_id":78818}
[2026-02-16 19:32:54] [INFO] Created product | Context: {"external_id":1349253,"product_id":78819}
[2026-02-16 19:32:54] [INFO] Created product | Context: {"external_id":1349248,"product_id":78820}
[2026-02-16 19:32:54] [INFO] Created product | Context: {"external_id":1349243,"product_id":78821}
[2026-02-16 19:32:54] [INFO] Created product | Context: {"external_id":1347889,"product_id":78822}
[2026-02-16 19:32:55] [INFO] Created product | Context: {"external_id":1347886,"product_id":78823}
[2026-02-16 19:32:55] [INFO] Created product | Context: {"external_id":1347878,"product_id":78824}
[2026-02-16 19:32:55] [INFO] Created product | Context: {"external_id":1347877,"product_id":78825}
[2026-02-16 19:32:55] [INFO] Created product | Context: {"external_id":1347875,"product_id":78826}
[2026-02-16 19:32:55] [INFO] Created product | Context: {"external_id":1347874,"product_id":78827}
[2026-02-16 19:32:55] [INFO] Created product | Context: {"external_id":1347872,"product_id":78828}
[2026-02-16 19:32:55] [INFO] Created product | Context: {"external_id":1347752,"product_id":78829}
[2026-02-16 19:32:56] [INFO] Created product | Context: {"external_id":1347746,"product_id":78830}
[2026-02-16 19:32:56] [INFO] Created product | Context: {"external_id":1347739,"product_id":78831}
[2026-02-16 19:32:56] [INFO] Created product | Context: {"external_id":1347734,"product_id":78832}
[2026-02-16 19:32:56] [INFO] Created product | Context: {"external_id":1347726,"product_id":78833}
[2026-02-16 19:32:56] [INFO] Created product | Context: {"external_id":1347718,"product_id":78834}
[2026-02-16 19:32:56] [INFO] Created product | Context: {"external_id":1347715,"product_id":78835}
[2026-02-16 19:32:56] [INFO] Created product | Context: {"external_id":1347250,"product_id":78836}
[2026-02-16 19:32:57] [INFO] Created product | Context: {"external_id":1347249,"product_id":78837}
[2026-02-16 19:32:57] [INFO] Created product | Context: {"external_id":1346970,"product_id":78838}
[2026-02-16 19:32:57] [INFO] Created product | Context: {"external_id":1346944,"product_id":78839}
[2026-02-16 19:32:57] [INFO] Created product | Context: {"external_id":1346943,"product_id":78840}
[2026-02-16 19:32:57] [INFO] Created product | Context: {"external_id":1346942,"product_id":78841}
[2026-02-16 19:32:57] [INFO] Created product | Context: {"external_id":1346940,"product_id":78842}
[2026-02-16 19:32:57] [INFO] Created product | Context: {"external_id":1345786,"product_id":78843}
[2026-02-16 19:32:58] [INFO] Created product | Context: {"external_id":1345766,"product_id":78844}
[2026-02-16 19:32:58] [INFO] Created product | Context: {"external_id":1345203,"product_id":78845}
[2026-02-16 19:32:58] [INFO] Created product | Context: {"external_id":1344961,"product_id":78846}
[2026-02-16 19:32:58] [INFO] Created product | Context: {"external_id":1344916,"product_id":78847}
[2026-02-16 19:32:58] [INFO] Created product | Context: {"external_id":1344909,"product_id":78848}
[2026-02-16 19:32:58] [INFO] Created product | Context: {"external_id":1344902,"product_id":78849}
[2026-02-16 19:32:58] [INFO] Created product | Context: {"external_id":1344900,"product_id":78850}
[2026-02-16 19:32:59] [INFO] Created product | Context: {"external_id":1341038,"product_id":78851}
[2026-02-16 19:32:59] [INFO] Created product | Context: {"external_id":1340440,"product_id":78852}
[2026-02-16 19:32:59] [INFO] Created product | Context: {"external_id":1339943,"product_id":78853}
[2026-02-16 19:32:59] [INFO] Created product | Context: {"external_id":1339942,"product_id":78854}
[2026-02-16 19:32:59] [INFO] Created product | Context: {"external_id":1335249,"product_id":78855}
[2026-02-16 19:32:59] [INFO] Batch processed | Context: {"offset":1600,"total":3218}
[2026-02-16 19:33:01] [INFO] Created product | Context: {"external_id":1335248,"product_id":78856}
[2026-02-16 19:33:01] [INFO] Created product | Context: {"external_id":1335242,"product_id":78857}
[2026-02-16 19:33:01] [INFO] Created product | Context: {"external_id":1335241,"product_id":78858}
[2026-02-16 19:33:02] [INFO] Created product | Context: {"external_id":1335240,"product_id":78859}
[2026-02-16 19:33:02] [INFO] Created product | Context: {"external_id":1335235,"product_id":78860}
[2026-02-16 19:33:02] [INFO] Created product | Context: {"external_id":1333781,"product_id":78861}
[2026-02-16 19:33:02] [INFO] Created product | Context: {"external_id":1331563,"product_id":78862}
[2026-02-16 19:33:02] [INFO] Created product | Context: {"external_id":1331562,"product_id":78863}
[2026-02-16 19:33:02] [INFO] Created product | Context: {"external_id":1331462,"product_id":78864}
[2026-02-16 19:33:02] [INFO] Created product | Context: {"external_id":1331403,"product_id":78865}
[2026-02-16 19:33:03] [INFO] Created product | Context: {"external_id":1329527,"product_id":78866}
[2026-02-16 19:33:03] [INFO] Created product | Context: {"external_id":1329501,"product_id":78867}
[2026-02-16 19:33:03] [INFO] Created product | Context: {"external_id":1329415,"product_id":78868}
[2026-02-16 19:33:03] [INFO] Created product | Context: {"external_id":1327964,"product_id":78869}
[2026-02-16 19:33:03] [INFO] Created product | Context: {"external_id":1326819,"product_id":78870}
[2026-02-16 19:33:03] [INFO] Created product | Context: {"external_id":1324069,"product_id":78871}
[2026-02-16 19:33:03] [INFO] Created product | Context: {"external_id":1324047,"product_id":78872}
[2026-02-16 19:33:04] [INFO] Created product | Context: {"external_id":1324042,"product_id":78873}
[2026-02-16 19:33:04] [INFO] Created product | Context: {"external_id":1322951,"product_id":78874}
[2026-02-16 19:33:04] [INFO] Created product | Context: {"external_id":1322925,"product_id":78875}
[2026-02-16 19:33:04] [INFO] Created product | Context: {"external_id":1322912,"product_id":78876}
[2026-02-16 19:33:04] [INFO] Created product | Context: {"external_id":1322907,"product_id":78877}
[2026-02-16 19:33:04] [INFO] Created product | Context: {"external_id":1322399,"product_id":78878}
[2026-02-16 19:33:04] [INFO] Created product | Context: {"external_id":1321769,"product_id":78879}
[2026-02-16 19:33:05] [INFO] Created product | Context: {"external_id":1321089,"product_id":78880}
[2026-02-16 19:33:05] [INFO] Created product | Context: {"external_id":1316325,"product_id":78881}
[2026-02-16 19:33:05] [INFO] Created product | Context: {"external_id":1308256,"product_id":78882}
[2026-02-16 19:33:05] [INFO] Created product | Context: {"external_id":1301250,"product_id":78883}
[2026-02-16 19:33:05] [INFO] Created product | Context: {"external_id":1301248,"product_id":78884}
[2026-02-16 19:33:05] [INFO] Created product | Context: {"external_id":1301238,"product_id":78885}
[2026-02-16 19:33:05] [INFO] Created product | Context: {"external_id":1299699,"product_id":78886}
[2026-02-16 19:33:06] [INFO] Created product | Context: {"external_id":1297128,"product_id":78887}
[2026-02-16 19:33:06] [INFO] Created product | Context: {"external_id":1293498,"product_id":78888}
[2026-02-16 19:33:06] [INFO] Created product | Context: {"external_id":1293425,"product_id":78889}
[2026-02-16 19:33:06] [INFO] Created product | Context: {"external_id":1293421,"product_id":78890}
[2026-02-16 19:33:06] [INFO] Created product | Context: {"external_id":1280236,"product_id":78891}
[2026-02-16 19:33:06] [INFO] Created product | Context: {"external_id":1275881,"product_id":78892}
[2026-02-16 19:33:06] [INFO] Created product | Context: {"external_id":1249559,"product_id":78893}
[2026-02-16 19:33:07] [INFO] Created product | Context: {"external_id":1243626,"product_id":78894}
[2026-02-16 19:33:07] [INFO] Created product | Context: {"external_id":1243394,"product_id":78895}
[2026-02-16 19:33:07] [INFO] Created product | Context: {"external_id":1230925,"product_id":78896}
[2026-02-16 19:33:07] [INFO] Created product | Context: {"external_id":1485004,"product_id":78897}
[2026-02-16 19:33:07] [INFO] Created product | Context: {"external_id":1484835,"product_id":78898}
[2026-02-16 19:33:07] [INFO] Created product | Context: {"external_id":1483958,"product_id":78899}
[2026-02-16 19:33:07] [INFO] Created product | Context: {"external_id":1483643,"product_id":78900}
[2026-02-16 19:33:08] [INFO] Created product | Context: {"external_id":1482719,"product_id":78901}
[2026-02-16 19:33:08] [INFO] Created product | Context: {"external_id":1482718,"product_id":78902}
[2026-02-16 19:33:08] [INFO] Created product | Context: {"external_id":1482716,"product_id":78903}
[2026-02-16 19:33:08] [INFO] Created product | Context: {"external_id":1482715,"product_id":78904}
[2026-02-16 19:33:08] [INFO] Created product | Context: {"external_id":1482712,"product_id":78905}
[2026-02-16 19:33:08] [INFO] Batch processed | Context: {"offset":1650,"total":3218}
[2026-02-16 19:33:11] [INFO] Created product | Context: {"external_id":1481154,"product_id":78906}
[2026-02-16 19:33:11] [INFO] Created product | Context: {"external_id":1481152,"product_id":78907}
[2026-02-16 19:33:11] [INFO] Created product | Context: {"external_id":1481151,"product_id":78908}
[2026-02-16 19:33:12] [INFO] Created product | Context: {"external_id":1481149,"product_id":78909}
[2026-02-16 19:33:12] [INFO] Created product | Context: {"external_id":1481148,"product_id":78910}
[2026-02-16 19:33:12] [INFO] Created product | Context: {"external_id":1481147,"product_id":78911}
[2026-02-16 19:33:12] [INFO] Created product | Context: {"external_id":1481146,"product_id":78912}
[2026-02-16 19:33:12] [INFO] Created product | Context: {"external_id":1481145,"product_id":78913}
[2026-02-16 19:33:12] [INFO] Created product | Context: {"external_id":1481144,"product_id":78914}
[2026-02-16 19:33:12] [INFO] Created product | Context: {"external_id":1481143,"product_id":78915}
[2026-02-16 19:33:13] [INFO] Created product | Context: {"external_id":1481141,"product_id":78916}
[2026-02-16 19:33:13] [INFO] Created product | Context: {"external_id":1481140,"product_id":78917}
[2026-02-16 19:33:13] [INFO] Created product | Context: {"external_id":1481138,"product_id":78918}
[2026-02-16 19:33:13] [INFO] Created product | Context: {"external_id":1481137,"product_id":78919}
[2026-02-16 19:33:13] [INFO] Created product | Context: {"external_id":1481136,"product_id":78920}
[2026-02-16 19:33:13] [INFO] Created product | Context: {"external_id":1481135,"product_id":78921}
[2026-02-16 19:33:13] [INFO] Created product | Context: {"external_id":1481134,"product_id":78922}
[2026-02-16 19:33:14] [INFO] Created product | Context: {"external_id":1481133,"product_id":78923}
[2026-02-16 19:33:14] [INFO] Created product | Context: {"external_id":1481131,"product_id":78924}
[2026-02-16 19:33:14] [INFO] Created product | Context: {"external_id":1481129,"product_id":78925}
[2026-02-16 19:33:14] [INFO] Created product | Context: {"external_id":1481127,"product_id":78926}
[2026-02-16 19:33:14] [INFO] Created product | Context: {"external_id":1481126,"product_id":78927}
[2026-02-16 19:33:14] [INFO] Created product | Context: {"external_id":1481125,"product_id":78928}
[2026-02-16 19:33:15] [INFO] Created product | Context: {"external_id":1481124,"product_id":78929}
[2026-02-16 19:33:15] [INFO] Created product | Context: {"external_id":1481123,"product_id":78930}
[2026-02-16 19:33:15] [INFO] Created product | Context: {"external_id":1481122,"product_id":78931}
[2026-02-16 19:33:15] [INFO] Created product | Context: {"external_id":1479789,"product_id":78932}
[2026-02-16 19:33:15] [INFO] Created product | Context: {"external_id":1479788,"product_id":78933}
[2026-02-16 19:33:15] [INFO] Created product | Context: {"external_id":1479787,"product_id":78934}
[2026-02-16 19:33:15] [INFO] Created product | Context: {"external_id":1479786,"product_id":78935}
[2026-02-16 19:33:16] [INFO] Created product | Context: {"external_id":1479785,"product_id":78936}
[2026-02-16 19:33:16] [INFO] Created product | Context: {"external_id":1479784,"product_id":78937}
[2026-02-16 19:33:16] [INFO] Created product | Context: {"external_id":1479783,"product_id":78938}
[2026-02-16 19:33:16] [INFO] Created product | Context: {"external_id":1479782,"product_id":78939}
[2026-02-16 19:33:16] [INFO] Created product | Context: {"external_id":1479781,"product_id":78940}
[2026-02-16 19:33:16] [INFO] Created product | Context: {"external_id":1479780,"product_id":78941}
[2026-02-16 19:33:16] [INFO] Created product | Context: {"external_id":1479779,"product_id":78942}
[2026-02-16 19:33:17] [INFO] Created product | Context: {"external_id":1479778,"product_id":78943}
[2026-02-16 19:33:17] [INFO] Created product | Context: {"external_id":1479777,"product_id":78944}
[2026-02-16 19:33:17] [INFO] Created product | Context: {"external_id":1479776,"product_id":78945}
[2026-02-16 19:33:17] [INFO] Created product | Context: {"external_id":1479775,"product_id":78946}
[2026-02-16 19:33:17] [INFO] Created product | Context: {"external_id":1479774,"product_id":78947}
[2026-02-16 19:33:17] [INFO] Created product | Context: {"external_id":1479773,"product_id":78948}
[2026-02-16 19:33:18] [INFO] Created product | Context: {"external_id":1479772,"product_id":78949}
[2026-02-16 19:33:18] [INFO] Created product | Context: {"external_id":1479771,"product_id":78950}
[2026-02-16 19:33:18] [INFO] Created product | Context: {"external_id":1479770,"product_id":78951}
[2026-02-16 19:33:18] [INFO] Created product | Context: {"external_id":1479769,"product_id":78952}
[2026-02-16 19:33:18] [INFO] Created product | Context: {"external_id":1479768,"product_id":78953}
[2026-02-16 19:33:18] [INFO] Created product | Context: {"external_id":1479767,"product_id":78954}
[2026-02-16 19:33:18] [INFO] Created product | Context: {"external_id":1479766,"product_id":78955}
[2026-02-16 19:33:18] [INFO] Batch processed | Context: {"offset":1700,"total":3218}
[2026-02-16 19:33:20] [INFO] Created product | Context: {"external_id":1479765,"product_id":78956}
[2026-02-16 19:33:20] [INFO] Created product | Context: {"external_id":1479764,"product_id":78957}
[2026-02-16 19:33:20] [INFO] Created product | Context: {"external_id":1479763,"product_id":78958}
[2026-02-16 19:33:21] [INFO] Created product | Context: {"external_id":1479762,"product_id":78959}
[2026-02-16 19:33:21] [INFO] Created product | Context: {"external_id":1479761,"product_id":78960}
[2026-02-16 19:33:21] [INFO] Created product | Context: {"external_id":1479760,"product_id":78961}
[2026-02-16 19:33:21] [INFO] Created product | Context: {"external_id":1479759,"product_id":78962}
[2026-02-16 19:33:21] [INFO] Created product | Context: {"external_id":1479758,"product_id":78963}
[2026-02-16 19:33:21] [INFO] Created product | Context: {"external_id":1479757,"product_id":78964}
[2026-02-16 19:33:22] [INFO] Created product | Context: {"external_id":1479644,"product_id":78965}
[2026-02-16 19:33:22] [INFO] Created product | Context: {"external_id":1479627,"product_id":78966}
[2026-02-16 19:33:22] [INFO] Created product | Context: {"external_id":1479625,"product_id":78967}
[2026-02-16 19:33:22] [INFO] Created product | Context: {"external_id":1476826,"product_id":78968}
[2026-02-16 19:33:22] [INFO] Created product | Context: {"external_id":1476814,"product_id":78969}
[2026-02-16 19:33:22] [INFO] Created product | Context: {"external_id":1476813,"product_id":78970}
[2026-02-16 19:33:22] [INFO] Created product | Context: {"external_id":1476812,"product_id":78971}
[2026-02-16 19:33:23] [INFO] Created product | Context: {"external_id":1476811,"product_id":78972}
[2026-02-16 19:33:23] [INFO] Created product | Context: {"external_id":1476810,"product_id":78973}
[2026-02-16 19:33:23] [INFO] Created product | Context: {"external_id":1476809,"product_id":78974}
[2026-02-16 19:33:23] [INFO] Created product | Context: {"external_id":1476808,"product_id":78975}
[2026-02-16 19:33:23] [INFO] Created product | Context: {"external_id":1476565,"product_id":78976}
[2026-02-16 19:33:23] [INFO] Created product | Context: {"external_id":1476562,"product_id":78977}
[2026-02-16 19:33:23] [INFO] Created product | Context: {"external_id":1476561,"product_id":78978}
[2026-02-16 19:33:24] [INFO] Created product | Context: {"external_id":1476559,"product_id":78979}
[2026-02-16 19:33:24] [INFO] Created product | Context: {"external_id":1476558,"product_id":78980}
[2026-02-16 19:33:24] [INFO] Created product | Context: {"external_id":1476534,"product_id":78981}
[2026-02-16 19:33:24] [INFO] Created product | Context: {"external_id":1476533,"product_id":78982}
[2026-02-16 19:33:24] [INFO] Created product | Context: {"external_id":1476532,"product_id":78983}
[2026-02-16 19:33:24] [INFO] Created product | Context: {"external_id":1476530,"product_id":78984}
[2026-02-16 19:33:24] [INFO] Created product | Context: {"external_id":1476528,"product_id":78985}
[2026-02-16 19:33:25] [INFO] Created product | Context: {"external_id":1476527,"product_id":78986}
[2026-02-16 19:33:25] [INFO] Created product | Context: {"external_id":1476526,"product_id":78987}
[2026-02-16 19:33:25] [INFO] Created product | Context: {"external_id":1476436,"product_id":78988}
[2026-02-16 19:33:25] [INFO] Created product | Context: {"external_id":1476435,"product_id":78989}
[2026-02-16 19:33:25] [INFO] Created product | Context: {"external_id":1476432,"product_id":78990}
[2026-02-16 19:33:25] [INFO] Created product | Context: {"external_id":1476431,"product_id":78991}
[2026-02-16 19:33:25] [INFO] Created product | Context: {"external_id":1476430,"product_id":78992}
[2026-02-16 19:33:26] [INFO] Created product | Context: {"external_id":1476429,"product_id":78993}
[2026-02-16 19:33:26] [INFO] Created product | Context: {"external_id":1476428,"product_id":78994}
[2026-02-16 19:33:26] [INFO] Created product | Context: {"external_id":1476409,"product_id":78995}
[2026-02-16 19:33:26] [INFO] Created product | Context: {"external_id":1476406,"product_id":78996}
[2026-02-16 19:33:26] [INFO] Created product | Context: {"external_id":1476405,"product_id":78997}
[2026-02-16 19:33:26] [INFO] Created product | Context: {"external_id":1476401,"product_id":78998}
[2026-02-16 19:33:27] [INFO] Created product | Context: {"external_id":1476399,"product_id":78999}
[2026-02-16 19:33:27] [INFO] Created product | Context: {"external_id":1476398,"product_id":79000}
[2026-02-16 19:33:27] [INFO] Created product | Context: {"external_id":1476397,"product_id":79001}
[2026-02-16 19:33:27] [INFO] Created product | Context: {"external_id":1476395,"product_id":79002}
[2026-02-16 19:33:27] [INFO] Created product | Context: {"external_id":1476394,"product_id":79003}
[2026-02-16 19:33:27] [INFO] Created product | Context: {"external_id":1476393,"product_id":79004}
[2026-02-16 19:33:28] [INFO] Created product | Context: {"external_id":1476392,"product_id":79005}
[2026-02-16 19:33:28] [INFO] Batch processed | Context: {"offset":1750,"total":3218}
[2026-02-16 19:33:29] [INFO] Created product | Context: {"external_id":1476388,"product_id":79006}
[2026-02-16 19:33:29] [INFO] Created product | Context: {"external_id":1476386,"product_id":79007}
[2026-02-16 19:33:29] [INFO] Created product | Context: {"external_id":1476385,"product_id":79008}
[2026-02-16 19:33:30] [INFO] Created product | Context: {"external_id":1476327,"product_id":79009}
[2026-02-16 19:33:30] [INFO] Created product | Context: {"external_id":1476326,"product_id":79010}
[2026-02-16 19:33:30] [INFO] Created product | Context: {"external_id":1476325,"product_id":79011}
[2026-02-16 19:33:30] [INFO] Created product | Context: {"external_id":1476324,"product_id":79012}
[2026-02-16 19:33:30] [INFO] Created product | Context: {"external_id":1476323,"product_id":79013}
[2026-02-16 19:33:30] [INFO] Created product | Context: {"external_id":1476321,"product_id":79014}
[2026-02-16 19:33:30] [INFO] Created product | Context: {"external_id":1476319,"product_id":79015}
[2026-02-16 19:33:31] [INFO] Created product | Context: {"external_id":1476317,"product_id":79016}
[2026-02-16 19:33:31] [INFO] Created product | Context: {"external_id":1476311,"product_id":79017}
[2026-02-16 19:33:31] [INFO] Created product | Context: {"external_id":1476308,"product_id":79018}
[2026-02-16 19:33:31] [INFO] Created product | Context: {"external_id":1476306,"product_id":79019}
[2026-02-16 19:33:31] [INFO] Created product | Context: {"external_id":1476303,"product_id":79020}
[2026-02-16 19:33:31] [INFO] Created product | Context: {"external_id":1476302,"product_id":79021}
[2026-02-16 19:33:32] [INFO] Created product | Context: {"external_id":1476301,"product_id":79022}
[2026-02-16 19:33:32] [INFO] Created product | Context: {"external_id":1476300,"product_id":79023}
[2026-02-16 19:33:32] [INFO] Created product | Context: {"external_id":1476259,"product_id":79024}
[2026-02-16 19:33:32] [INFO] Created product | Context: {"external_id":1476256,"product_id":79025}
[2026-02-16 19:33:32] [INFO] Created product | Context: {"external_id":1476248,"product_id":79026}
[2026-02-16 19:33:32] [INFO] Created product | Context: {"external_id":1476247,"product_id":79027}
[2026-02-16 19:33:32] [INFO] Created product | Context: {"external_id":1476246,"product_id":79028}
[2026-02-16 19:33:33] [INFO] Created product | Context: {"external_id":1476245,"product_id":79029}
[2026-02-16 19:33:33] [INFO] Created product | Context: {"external_id":1476244,"product_id":79030}
[2026-02-16 19:33:33] [INFO] Created product | Context: {"external_id":1476243,"product_id":79031}
[2026-02-16 19:33:33] [INFO] Created product | Context: {"external_id":1476226,"product_id":79032}
[2026-02-16 19:33:33] [INFO] Created product | Context: {"external_id":1476225,"product_id":79033}
[2026-02-16 19:33:33] [INFO] Created product | Context: {"external_id":1476224,"product_id":79034}
[2026-02-16 19:33:34] [INFO] Created product | Context: {"external_id":1476223,"product_id":79035}
[2026-02-16 19:33:34] [INFO] Created product | Context: {"external_id":1476222,"product_id":79036}
[2026-02-16 19:33:34] [INFO] Created product | Context: {"external_id":1476217,"product_id":79037}
[2026-02-16 19:33:34] [INFO] Created product | Context: {"external_id":1476216,"product_id":79038}
[2026-02-16 19:33:34] [INFO] Created product | Context: {"external_id":1476200,"product_id":79039}
[2026-02-16 19:33:34] [INFO] Created product | Context: {"external_id":1476199,"product_id":79040}
[2026-02-16 19:33:35] [INFO] Created product | Context: {"external_id":1476198,"product_id":79041}
[2026-02-16 19:33:35] [INFO] Created product | Context: {"external_id":1476196,"product_id":79042}
[2026-02-16 19:33:35] [INFO] Created product | Context: {"external_id":1476195,"product_id":79043}
[2026-02-16 19:33:35] [INFO] Created product | Context: {"external_id":1476186,"product_id":79044}
[2026-02-16 19:33:35] [INFO] Created product | Context: {"external_id":1476185,"product_id":79045}
[2026-02-16 19:33:35] [INFO] Created product | Context: {"external_id":1476184,"product_id":79046}
[2026-02-16 19:33:35] [INFO] Created product | Context: {"external_id":1476183,"product_id":79047}
[2026-02-16 19:33:36] [INFO] Created product | Context: {"external_id":1476182,"product_id":79048}
[2026-02-16 19:33:36] [INFO] Created product | Context: {"external_id":1476181,"product_id":79049}
[2026-02-16 19:33:36] [INFO] Created product | Context: {"external_id":1476180,"product_id":79050}
[2026-02-16 19:33:36] [INFO] Created product | Context: {"external_id":1476179,"product_id":79051}
[2026-02-16 19:33:36] [INFO] Created product | Context: {"external_id":1476177,"product_id":79052}
[2026-02-16 19:33:36] [INFO] Created product | Context: {"external_id":1476174,"product_id":79053}
[2026-02-16 19:33:36] [INFO] Created product | Context: {"external_id":1476173,"product_id":79054}
[2026-02-16 19:33:37] [INFO] Created product | Context: {"external_id":1476172,"product_id":79055}
[2026-02-16 19:33:37] [INFO] Batch processed | Context: {"offset":1800,"total":3218}
[2026-02-16 19:33:38] [INFO] Created product | Context: {"external_id":1476171,"product_id":79056}
[2026-02-16 19:33:38] [INFO] Created product | Context: {"external_id":1476168,"product_id":79057}
[2026-02-16 19:33:38] [INFO] Created product | Context: {"external_id":1476162,"product_id":79058}
[2026-02-16 19:33:39] [INFO] Created product | Context: {"external_id":1476161,"product_id":79059}
[2026-02-16 19:33:39] [INFO] Created product | Context: {"external_id":1476155,"product_id":79060}
[2026-02-16 19:33:39] [INFO] Created product | Context: {"external_id":1476154,"product_id":79061}
[2026-02-16 19:33:39] [INFO] Created product | Context: {"external_id":1476153,"product_id":79062}
[2026-02-16 19:33:39] [INFO] Created product | Context: {"external_id":1476151,"product_id":79063}
[2026-02-16 19:33:39] [INFO] Created product | Context: {"external_id":1476150,"product_id":79064}
[2026-02-16 19:33:40] [INFO] Created product | Context: {"external_id":1476149,"product_id":79065}
[2026-02-16 19:33:40] [INFO] Created product | Context: {"external_id":1476148,"product_id":79066}
[2026-02-16 19:33:40] [INFO] Created product | Context: {"external_id":1476147,"product_id":79067}
[2026-02-16 19:33:40] [INFO] Created product | Context: {"external_id":1476146,"product_id":79068}
[2026-02-16 19:33:40] [INFO] Created product | Context: {"external_id":1476144,"product_id":79069}
[2026-02-16 19:33:40] [INFO] Created product | Context: {"external_id":1476143,"product_id":79070}
[2026-02-16 19:33:41] [INFO] Created product | Context: {"external_id":1476142,"product_id":79071}
[2026-02-16 19:33:41] [INFO] Created product | Context: {"external_id":1476141,"product_id":79072}
[2026-02-16 19:33:41] [INFO] Created product | Context: {"external_id":1476140,"product_id":79073}
[2026-02-16 19:33:41] [INFO] Created product | Context: {"external_id":1476138,"product_id":79074}
[2026-02-16 19:33:41] [INFO] Created product | Context: {"external_id":1476137,"product_id":79075}
[2026-02-16 19:33:41] [INFO] Created product | Context: {"external_id":1476136,"product_id":79076}
[2026-02-16 19:33:41] [INFO] Created product | Context: {"external_id":1476135,"product_id":79077}
[2026-02-16 19:33:42] [INFO] Created product | Context: {"external_id":1476134,"product_id":79078}
[2026-02-16 19:33:42] [INFO] Created product | Context: {"external_id":1476133,"product_id":79079}
[2026-02-16 19:33:42] [INFO] Created product | Context: {"external_id":1476132,"product_id":79080}
[2026-02-16 19:33:42] [INFO] Created product | Context: {"external_id":1476119,"product_id":79081}
[2026-02-16 19:33:42] [INFO] Created product | Context: {"external_id":1476118,"product_id":79082}
[2026-02-16 19:33:42] [INFO] Created product | Context: {"external_id":1476117,"product_id":79083}
[2026-02-16 19:33:42] [INFO] Created product | Context: {"external_id":1476116,"product_id":79084}
[2026-02-16 19:33:43] [INFO] Created product | Context: {"external_id":1476115,"product_id":79085}
[2026-02-16 19:33:43] [INFO] Created product | Context: {"external_id":1476114,"product_id":79086}
[2026-02-16 19:33:43] [INFO] Created product | Context: {"external_id":1476113,"product_id":79087}
[2026-02-16 19:33:43] [INFO] Created product | Context: {"external_id":1476112,"product_id":79088}
[2026-02-16 19:33:43] [INFO] Created product | Context: {"external_id":1476111,"product_id":79089}
[2026-02-16 19:33:43] [INFO] Created product | Context: {"external_id":1476110,"product_id":79090}
[2026-02-16 19:33:44] [INFO] Created product | Context: {"external_id":1476109,"product_id":79091}
[2026-02-16 19:33:44] [INFO] Created product | Context: {"external_id":1476108,"product_id":79092}
[2026-02-16 19:33:44] [INFO] Created product | Context: {"external_id":1476101,"product_id":79093}
[2026-02-16 19:33:44] [INFO] Created product | Context: {"external_id":1476087,"product_id":79094}
[2026-02-16 19:33:44] [INFO] Created product | Context: {"external_id":1476086,"product_id":79095}
[2026-02-16 19:33:44] [INFO] Created product | Context: {"external_id":1476082,"product_id":79096}
[2026-02-16 19:33:44] [INFO] Created product | Context: {"external_id":1476079,"product_id":79097}
[2026-02-16 19:33:45] [INFO] Created product | Context: {"external_id":1476078,"product_id":79098}
[2026-02-16 19:33:45] [INFO] Created product | Context: {"external_id":1476074,"product_id":79099}
[2026-02-16 19:33:45] [INFO] Created product | Context: {"external_id":1476049,"product_id":79100}
[2026-02-16 19:33:45] [INFO] Created product | Context: {"external_id":1476048,"product_id":79101}
[2026-02-16 19:33:45] [INFO] Created product | Context: {"external_id":1476044,"product_id":79102}
[2026-02-16 19:33:45] [INFO] Created product | Context: {"external_id":1475428,"product_id":79103}
[2026-02-16 19:33:46] [INFO] Created product | Context: {"external_id":1475426,"product_id":79104}
[2026-02-16 19:33:46] [INFO] Created product | Context: {"external_id":1475425,"product_id":79105}
[2026-02-16 19:33:46] [INFO] Batch processed | Context: {"offset":1850,"total":3218}
[2026-02-16 19:33:47] [INFO] Created product | Context: {"external_id":1475424,"product_id":79106}
[2026-02-16 19:33:47] [INFO] Created product | Context: {"external_id":1475420,"product_id":79107}
[2026-02-16 19:33:47] [INFO] Created product | Context: {"external_id":1475418,"product_id":79108}
[2026-02-16 19:33:48] [INFO] Created product | Context: {"external_id":1475415,"product_id":79109}
[2026-02-16 19:33:48] [INFO] Created product | Context: {"external_id":1474761,"product_id":79110}
[2026-02-16 19:33:48] [INFO] Created product | Context: {"external_id":1474760,"product_id":79111}
[2026-02-16 19:33:48] [INFO] Created product | Context: {"external_id":1474056,"product_id":79112}
[2026-02-16 19:33:48] [INFO] Created product | Context: {"external_id":1474055,"product_id":79113}
[2026-02-16 19:33:48] [INFO] Created product | Context: {"external_id":1474054,"product_id":79114}
[2026-02-16 19:33:48] [INFO] Created product | Context: {"external_id":1474049,"product_id":79115}
[2026-02-16 19:33:49] [INFO] Created product | Context: {"external_id":1473312,"product_id":79116}
[2026-02-16 19:33:49] [INFO] Created product | Context: {"external_id":1473301,"product_id":79117}
[2026-02-16 19:33:49] [INFO] Created product | Context: {"external_id":1473292,"product_id":79118}
[2026-02-16 19:33:49] [INFO] Created product | Context: {"external_id":1473065,"product_id":79119}
[2026-02-16 19:33:49] [INFO] Created product | Context: {"external_id":1473063,"product_id":79120}
[2026-02-16 19:33:49] [INFO] Created product | Context: {"external_id":1473062,"product_id":79121}
[2026-02-16 19:33:49] [INFO] Created product | Context: {"external_id":1473061,"product_id":79122}
[2026-02-16 19:33:50] [INFO] Created product | Context: {"external_id":1473060,"product_id":79123}
[2026-02-16 19:33:50] [INFO] Created product | Context: {"external_id":1473059,"product_id":79124}
[2026-02-16 19:33:50] [INFO] Created product | Context: {"external_id":1473048,"product_id":79125}
[2026-02-16 19:33:50] [INFO] Created product | Context: {"external_id":1473047,"product_id":79126}
[2026-02-16 19:33:50] [INFO] Created product | Context: {"external_id":1473041,"product_id":79127}
[2026-02-16 19:33:50] [INFO] Created product | Context: {"external_id":1473040,"product_id":79128}
[2026-02-16 19:33:51] [INFO] Created product | Context: {"external_id":1473037,"product_id":79129}
[2026-02-16 19:33:51] [INFO] Created product | Context: {"external_id":1473036,"product_id":79130}
[2026-02-16 19:33:51] [INFO] Created product | Context: {"external_id":1473033,"product_id":79131}
[2026-02-16 19:33:51] [INFO] Created product | Context: {"external_id":1473032,"product_id":79132}
[2026-02-16 19:33:51] [INFO] Created product | Context: {"external_id":1473031,"product_id":79133}
[2026-02-16 19:33:51] [INFO] Created product | Context: {"external_id":1473029,"product_id":79134}
[2026-02-16 19:33:51] [INFO] Created product | Context: {"external_id":1473028,"product_id":79135}
[2026-02-16 19:33:52] [INFO] Created product | Context: {"external_id":1473027,"product_id":79136}
[2026-02-16 19:33:52] [INFO] Created product | Context: {"external_id":1473026,"product_id":79137}
[2026-02-16 19:33:52] [INFO] Created product | Context: {"external_id":1473025,"product_id":79138}
[2026-02-16 19:33:52] [INFO] Created product | Context: {"external_id":1473022,"product_id":79139}
[2026-02-16 19:33:52] [INFO] Created product | Context: {"external_id":1473021,"product_id":79140}
[2026-02-16 19:33:52] [INFO] Created product | Context: {"external_id":1473016,"product_id":79141}
[2026-02-16 19:33:53] [INFO] Created product | Context: {"external_id":1473011,"product_id":79142}
[2026-02-16 19:33:53] [INFO] Created product | Context: {"external_id":1473010,"product_id":79143}
[2026-02-16 19:33:53] [INFO] Created product | Context: {"external_id":1473009,"product_id":79144}
[2026-02-16 19:33:53] [INFO] Created product | Context: {"external_id":1473008,"product_id":79145}
[2026-02-16 19:33:53] [INFO] Created product | Context: {"external_id":1473007,"product_id":79146}
[2026-02-16 19:33:53] [INFO] Created product | Context: {"external_id":1473006,"product_id":79147}
[2026-02-16 19:33:53] [INFO] Created product | Context: {"external_id":1473005,"product_id":79148}
[2026-02-16 19:33:54] [INFO] Created product | Context: {"external_id":1472987,"product_id":79149}
[2026-02-16 19:33:54] [INFO] Created product | Context: {"external_id":1472986,"product_id":79150}
[2026-02-16 19:33:54] [INFO] Created product | Context: {"external_id":1472982,"product_id":79151}
[2026-02-16 19:33:54] [INFO] Created product | Context: {"external_id":1472980,"product_id":79152}
[2026-02-16 19:33:54] [INFO] Created product | Context: {"external_id":1472972,"product_id":79153}
[2026-02-16 19:33:54] [INFO] Created product | Context: {"external_id":1472971,"product_id":79154}
[2026-02-16 19:33:55] [INFO] Created product | Context: {"external_id":1472944,"product_id":79155}
[2026-02-16 19:33:55] [INFO] Batch processed | Context: {"offset":1900,"total":3218}
[2026-02-16 19:33:56] [INFO] Created product | Context: {"external_id":1472931,"product_id":79156}
[2026-02-16 19:33:56] [INFO] Created product | Context: {"external_id":1472930,"product_id":79157}
[2026-02-16 19:33:56] [INFO] Created product | Context: {"external_id":1472929,"product_id":79158}
[2026-02-16 19:33:57] [INFO] Created product | Context: {"external_id":1472928,"product_id":79159}
[2026-02-16 19:33:57] [INFO] Created product | Context: {"external_id":1472927,"product_id":79160}
[2026-02-16 19:33:57] [INFO] Created product | Context: {"external_id":1472924,"product_id":79161}
[2026-02-16 19:33:57] [INFO] Created product | Context: {"external_id":1472915,"product_id":79162}
[2026-02-16 19:33:57] [INFO] Created product | Context: {"external_id":1472914,"product_id":79163}
[2026-02-16 19:33:57] [INFO] Created product | Context: {"external_id":1472851,"product_id":79164}
[2026-02-16 19:33:58] [INFO] Created product | Context: {"external_id":1472579,"product_id":79165}
[2026-02-16 19:33:58] [INFO] Created product | Context: {"external_id":1472319,"product_id":79166}
[2026-02-16 19:33:58] [INFO] Created product | Context: {"external_id":1472311,"product_id":79167}
[2026-02-16 19:33:58] [INFO] Created product | Context: {"external_id":1472309,"product_id":79168}
[2026-02-16 19:33:58] [INFO] Created product | Context: {"external_id":1472304,"product_id":79169}
[2026-02-16 19:33:58] [INFO] Created product | Context: {"external_id":1472303,"product_id":79170}
[2026-02-16 19:33:59] [INFO] Created product | Context: {"external_id":1472302,"product_id":79171}
[2026-02-16 19:33:59] [INFO] Created product | Context: {"external_id":1472300,"product_id":79172}
[2026-02-16 19:33:59] [INFO] Created product | Context: {"external_id":1472299,"product_id":79173}
[2026-02-16 19:33:59] [INFO] Created product | Context: {"external_id":1472298,"product_id":79174}
[2026-02-16 19:33:59] [INFO] Created product | Context: {"external_id":1472297,"product_id":79175}
[2026-02-16 19:33:59] [INFO] Created product | Context: {"external_id":1472288,"product_id":79176}
[2026-02-16 19:34:00] [INFO] Created product | Context: {"external_id":1472267,"product_id":79177}
[2026-02-16 19:34:00] [INFO] Created product | Context: {"external_id":1472265,"product_id":79178}
[2026-02-16 19:34:00] [INFO] Created product | Context: {"external_id":1472264,"product_id":79179}
[2026-02-16 19:34:00] [INFO] Created product | Context: {"external_id":1472263,"product_id":79180}
[2026-02-16 19:34:00] [INFO] Created product | Context: {"external_id":1472262,"product_id":79181}
[2026-02-16 19:34:00] [INFO] Created product | Context: {"external_id":1472261,"product_id":79182}
[2026-02-16 19:34:01] [INFO] Created product | Context: {"external_id":1472257,"product_id":79183}
[2026-02-16 19:34:01] [INFO] Created product | Context: {"external_id":1472255,"product_id":79184}
[2026-02-16 19:34:01] [INFO] Created product | Context: {"external_id":1472254,"product_id":79185}
[2026-02-16 19:34:01] [INFO] Created product | Context: {"external_id":1472252,"product_id":79186}
[2026-02-16 19:34:01] [INFO] Created product | Context: {"external_id":1472251,"product_id":79187}
[2026-02-16 19:34:01] [INFO] Created product | Context: {"external_id":1472250,"product_id":79188}
[2026-02-16 19:34:02] [INFO] Created product | Context: {"external_id":1472249,"product_id":79189}
[2026-02-16 19:34:02] [INFO] Created product | Context: {"external_id":1472247,"product_id":79190}
[2026-02-16 19:34:02] [INFO] Created product | Context: {"external_id":1472246,"product_id":79191}
[2026-02-16 19:34:02] [INFO] Created product | Context: {"external_id":1472245,"product_id":79192}
[2026-02-16 19:34:02] [INFO] Created product | Context: {"external_id":1472243,"product_id":79193}
[2026-02-16 19:34:02] [INFO] Created product | Context: {"external_id":1472241,"product_id":79194}
[2026-02-16 19:34:02] [INFO] Created product | Context: {"external_id":1472240,"product_id":79195}
[2026-02-16 19:34:03] [INFO] Created product | Context: {"external_id":1472238,"product_id":79196}
[2026-02-16 19:34:03] [INFO] Created product | Context: {"external_id":1472237,"product_id":79197}
[2026-02-16 19:34:03] [INFO] Created product | Context: {"external_id":1472236,"product_id":79198}
[2026-02-16 19:34:03] [INFO] Created product | Context: {"external_id":1472234,"product_id":79199}
[2026-02-16 19:34:03] [INFO] Created product | Context: {"external_id":1472231,"product_id":79200}
[2026-02-16 19:34:03] [INFO] Created product | Context: {"external_id":1472230,"product_id":79201}
[2026-02-16 19:34:04] [INFO] Created product | Context: {"external_id":1472228,"product_id":79202}
[2026-02-16 19:34:04] [INFO] Created product | Context: {"external_id":1472225,"product_id":79203}
[2026-02-16 19:34:04] [INFO] Created product | Context: {"external_id":1472224,"product_id":79204}
[2026-02-16 19:34:04] [INFO] Created product | Context: {"external_id":1472223,"product_id":79205}
[2026-02-16 19:34:04] [INFO] Batch processed | Context: {"offset":1950,"total":3218}
[2026-02-16 19:34:06] [INFO] Created product | Context: {"external_id":1472221,"product_id":79206}
[2026-02-16 19:34:06] [INFO] Created product | Context: {"external_id":1472218,"product_id":79207}
[2026-02-16 19:34:06] [INFO] Created product | Context: {"external_id":1472216,"product_id":79208}
[2026-02-16 19:34:07] [INFO] Created product | Context: {"external_id":1472215,"product_id":79209}
[2026-02-16 19:34:07] [INFO] Created product | Context: {"external_id":1472213,"product_id":79210}
[2026-02-16 19:34:07] [INFO] Created product | Context: {"external_id":1472212,"product_id":79211}
[2026-02-16 19:34:07] [INFO] Created product | Context: {"external_id":1472209,"product_id":79212}
[2026-02-16 19:34:07] [INFO] Created product | Context: {"external_id":1472208,"product_id":79213}
[2026-02-16 19:34:07] [INFO] Created product | Context: {"external_id":1472207,"product_id":79214}
[2026-02-16 19:34:07] [INFO] Created product | Context: {"external_id":1472206,"product_id":79215}
[2026-02-16 19:34:08] [INFO] Created product | Context: {"external_id":1472196,"product_id":79216}
[2026-02-16 19:34:08] [INFO] Created product | Context: {"external_id":1472195,"product_id":79217}
[2026-02-16 19:34:08] [INFO] Created product | Context: {"external_id":1472191,"product_id":79218}
[2026-02-16 19:34:08] [INFO] Created product | Context: {"external_id":1472190,"product_id":79219}
[2026-02-16 19:34:08] [INFO] Created product | Context: {"external_id":1472189,"product_id":79220}
[2026-02-16 19:34:08] [INFO] Created product | Context: {"external_id":1472188,"product_id":79221}
[2026-02-16 19:34:09] [INFO] Created product | Context: {"external_id":1472187,"product_id":79222}
[2026-02-16 19:34:09] [INFO] Created product | Context: {"external_id":1472186,"product_id":79223}
[2026-02-16 19:34:09] [INFO] Created product | Context: {"external_id":1472165,"product_id":79224}
[2026-02-16 19:34:09] [INFO] Created product | Context: {"external_id":1472164,"product_id":79225}
[2026-02-16 19:34:09] [INFO] Created product | Context: {"external_id":1472163,"product_id":79226}
[2026-02-16 19:34:09] [INFO] Created product | Context: {"external_id":1472154,"product_id":79227}
[2026-02-16 19:34:10] [INFO] Created product | Context: {"external_id":1472127,"product_id":79228}
[2026-02-16 19:34:10] [INFO] Created product | Context: {"external_id":1472099,"product_id":79229}
[2026-02-16 19:34:10] [INFO] Created product | Context: {"external_id":1472067,"product_id":79230}
[2026-02-16 19:34:10] [INFO] Created product | Context: {"external_id":1472035,"product_id":79231}
[2026-02-16 19:34:10] [INFO] Created product | Context: {"external_id":1472033,"product_id":79232}
[2026-02-16 19:34:10] [INFO] Created product | Context: {"external_id":1472031,"product_id":79233}
[2026-02-16 19:34:11] [INFO] Created product | Context: {"external_id":1472030,"product_id":79234}
[2026-02-16 19:34:11] [INFO] Created product | Context: {"external_id":1471993,"product_id":79235}
[2026-02-16 19:34:11] [INFO] Created product | Context: {"external_id":1471346,"product_id":79236}
[2026-02-16 19:34:11] [INFO] Created product | Context: {"external_id":1471344,"product_id":79237}
[2026-02-16 19:34:11] [INFO] Created product | Context: {"external_id":1471343,"product_id":79238}
[2026-02-16 19:34:11] [INFO] Created product | Context: {"external_id":1471339,"product_id":79239}
[2026-02-16 19:34:11] [INFO] Created product | Context: {"external_id":1470725,"product_id":79240}
[2026-02-16 19:34:12] [INFO] Created product | Context: {"external_id":1470718,"product_id":79241}
[2026-02-16 19:34:12] [INFO] Created product | Context: {"external_id":1470599,"product_id":79242}
[2026-02-16 19:34:12] [INFO] Created product | Context: {"external_id":1470598,"product_id":79243}
[2026-02-16 19:34:12] [INFO] Created product | Context: {"external_id":1470597,"product_id":79244}
[2026-02-16 19:34:12] [INFO] Created product | Context: {"external_id":1470596,"product_id":79245}
[2026-02-16 19:34:12] [INFO] Created product | Context: {"external_id":1470595,"product_id":79246}
[2026-02-16 19:34:13] [INFO] Created product | Context: {"external_id":1470594,"product_id":79247}
[2026-02-16 19:34:13] [INFO] Created product | Context: {"external_id":1470593,"product_id":79248}
[2026-02-16 19:34:13] [INFO] Created product | Context: {"external_id":1470592,"product_id":79249}
[2026-02-16 19:34:13] [INFO] Created product | Context: {"external_id":1470591,"product_id":79250}
[2026-02-16 19:34:13] [INFO] Created product | Context: {"external_id":1470589,"product_id":79251}
[2026-02-16 19:34:13] [INFO] Created product | Context: {"external_id":1470578,"product_id":79252}
[2026-02-16 19:34:14] [INFO] Created product | Context: {"external_id":1470577,"product_id":79253}
[2026-02-16 19:34:14] [INFO] Created product | Context: {"external_id":1470576,"product_id":79254}
[2026-02-16 19:34:14] [INFO] Created product | Context: {"external_id":1470575,"product_id":79255}
[2026-02-16 19:34:14] [INFO] Batch processed | Context: {"offset":2000,"total":3218}
[2026-02-16 19:34:17] [INFO] Created product | Context: {"external_id":1455678,"product_id":79256}
[2026-02-16 19:34:17] [INFO] Created product | Context: {"external_id":1455675,"product_id":79257}
[2026-02-16 19:34:17] [INFO] Created product | Context: {"external_id":1455672,"product_id":79258}
[2026-02-16 19:34:18] [INFO] Created product | Context: {"external_id":1455514,"product_id":79259}
[2026-02-16 19:34:18] [INFO] Created product | Context: {"external_id":1455507,"product_id":79260}
[2026-02-16 19:34:18] [INFO] Created product | Context: {"external_id":1455506,"product_id":79261}
[2026-02-16 19:34:18] [INFO] Created product | Context: {"external_id":1455503,"product_id":79262}
[2026-02-16 19:34:18] [INFO] Created product | Context: {"external_id":1455501,"product_id":79263}
[2026-02-16 19:34:18] [INFO] Created product | Context: {"external_id":1455500,"product_id":79264}
[2026-02-16 19:34:19] [INFO] Created product | Context: {"external_id":1455488,"product_id":79265}
[2026-02-16 19:34:19] [INFO] Created product | Context: {"external_id":1455487,"product_id":79266}
[2026-02-16 19:34:19] [INFO] Created product | Context: {"external_id":1455486,"product_id":79267}
[2026-02-16 19:34:19] [INFO] Created product | Context: {"external_id":1455474,"product_id":79268}
[2026-02-16 19:34:19] [INFO] Created product | Context: {"external_id":1455457,"product_id":79269}
[2026-02-16 19:34:19] [INFO] Created product | Context: {"external_id":1455456,"product_id":79270}
[2026-02-16 19:34:19] [INFO] Created product | Context: {"external_id":1455455,"product_id":79271}
[2026-02-16 19:34:20] [INFO] Created product | Context: {"external_id":1455453,"product_id":79272}
[2026-02-16 19:34:20] [INFO] Created product | Context: {"external_id":1455446,"product_id":79273}
[2026-02-16 19:34:20] [INFO] Created product | Context: {"external_id":1455445,"product_id":79274}
[2026-02-16 19:34:20] [INFO] Created product | Context: {"external_id":1455444,"product_id":79275}
[2026-02-16 19:34:20] [INFO] Created product | Context: {"external_id":1455443,"product_id":79276}
[2026-02-16 19:34:20] [INFO] Created product | Context: {"external_id":1454910,"product_id":79277}
[2026-02-16 19:34:21] [INFO] Created product | Context: {"external_id":1454836,"product_id":79278}
[2026-02-16 19:34:21] [INFO] Created product | Context: {"external_id":1454806,"product_id":79279}
[2026-02-16 19:34:21] [INFO] Created product | Context: {"external_id":1454790,"product_id":79280}
[2026-02-16 19:34:21] [INFO] Created product | Context: {"external_id":1454783,"product_id":79281}
[2026-02-16 19:34:21] [INFO] Created product | Context: {"external_id":1454782,"product_id":79282}
[2026-02-16 19:34:21] [INFO] Created product | Context: {"external_id":1454781,"product_id":79283}
[2026-02-16 19:34:22] [INFO] Created product | Context: {"external_id":1454780,"product_id":79284}
[2026-02-16 19:34:22] [INFO] Created product | Context: {"external_id":1454779,"product_id":79285}
[2026-02-16 19:34:22] [INFO] Created product | Context: {"external_id":1454778,"product_id":79286}
[2026-02-16 19:34:22] [INFO] Created product | Context: {"external_id":1454777,"product_id":79287}
[2026-02-16 19:34:22] [INFO] Created product | Context: {"external_id":1454776,"product_id":79288}
[2026-02-16 19:34:22] [INFO] Created product | Context: {"external_id":1454772,"product_id":79289}
[2026-02-16 19:34:23] [INFO] Created product | Context: {"external_id":1454770,"product_id":79290}
[2026-02-16 19:34:23] [INFO] Created product | Context: {"external_id":1454769,"product_id":79291}
[2026-02-16 19:34:23] [INFO] Created product | Context: {"external_id":1454768,"product_id":79292}
[2026-02-16 19:34:23] [INFO] Created product | Context: {"external_id":1454767,"product_id":79293}
[2026-02-16 19:34:23] [INFO] Created product | Context: {"external_id":1454761,"product_id":79294}
[2026-02-16 19:34:23] [INFO] Created product | Context: {"external_id":1454759,"product_id":79295}
[2026-02-16 19:34:24] [INFO] Created product | Context: {"external_id":1454757,"product_id":79296}
[2026-02-16 19:34:24] [INFO] Created product | Context: {"external_id":1454756,"product_id":79297}
[2026-02-16 19:34:24] [INFO] Created product | Context: {"external_id":1454753,"product_id":79298}
[2026-02-16 19:34:24] [INFO] Created product | Context: {"external_id":1454752,"product_id":79299}
[2026-02-16 19:34:24] [INFO] Created product | Context: {"external_id":1454751,"product_id":79300}
[2026-02-16 19:34:24] [INFO] Created product | Context: {"external_id":1454750,"product_id":79301}
[2026-02-16 19:34:25] [INFO] Created product | Context: {"external_id":1454749,"product_id":79302}
[2026-02-16 19:34:25] [INFO] Created product | Context: {"external_id":1454748,"product_id":79303}
[2026-02-16 19:34:25] [INFO] Created product | Context: {"external_id":1454747,"product_id":79304}
[2026-02-16 19:34:25] [INFO] Created product | Context: {"external_id":1454746,"product_id":79305}
[2026-02-16 19:34:25] [INFO] Batch processed | Context: {"offset":2050,"total":3218}
[2026-02-16 19:34:27] [INFO] Created product | Context: {"external_id":1454735,"product_id":79306}
[2026-02-16 19:34:27] [INFO] Created product | Context: {"external_id":1454734,"product_id":79307}
[2026-02-16 19:34:28] [INFO] Created product | Context: {"external_id":1454716,"product_id":79308}
[2026-02-16 19:34:28] [INFO] Created product | Context: {"external_id":1454713,"product_id":79309}
[2026-02-16 19:34:28] [INFO] Created product | Context: {"external_id":1454703,"product_id":79310}
[2026-02-16 19:34:28] [INFO] Created product | Context: {"external_id":1454702,"product_id":79311}
[2026-02-16 19:34:28] [INFO] Created product | Context: {"external_id":1454701,"product_id":79312}
[2026-02-16 19:34:28] [INFO] Created product | Context: {"external_id":1454700,"product_id":79313}
[2026-02-16 19:34:28] [INFO] Created product | Context: {"external_id":1454699,"product_id":79314}
[2026-02-16 19:34:29] [INFO] Created product | Context: {"external_id":1454698,"product_id":79315}
[2026-02-16 19:34:29] [INFO] Created product | Context: {"external_id":1454697,"product_id":79316}
[2026-02-16 19:34:29] [INFO] Created product | Context: {"external_id":1454681,"product_id":79317}
[2026-02-16 19:34:29] [INFO] Created product | Context: {"external_id":1454672,"product_id":79318}
[2026-02-16 19:34:29] [INFO] Created product | Context: {"external_id":1454663,"product_id":79319}
[2026-02-16 19:34:29] [INFO] Created product | Context: {"external_id":1454653,"product_id":79320}
[2026-02-16 19:34:30] [INFO] Created product | Context: {"external_id":1454652,"product_id":79321}
[2026-02-16 19:34:30] [INFO] Created product | Context: {"external_id":1454650,"product_id":79322}
[2026-02-16 19:34:30] [INFO] Created product | Context: {"external_id":1454649,"product_id":79323}
[2026-02-16 19:34:30] [INFO] Created product | Context: {"external_id":1454648,"product_id":79324}
[2026-02-16 19:34:30] [INFO] Created product | Context: {"external_id":1421794,"product_id":79325}
[2026-02-16 19:34:30] [INFO] Created product | Context: {"external_id":1420819,"product_id":79326}
[2026-02-16 19:34:30] [INFO] Created product | Context: {"external_id":1418258,"product_id":79327}
[2026-02-16 19:34:31] [INFO] Created product | Context: {"external_id":1418257,"product_id":79328}
[2026-02-16 19:34:31] [INFO] Created product | Context: {"external_id":1418255,"product_id":79329}
[2026-02-16 19:34:31] [INFO] Created product | Context: {"external_id":1418254,"product_id":79330}
[2026-02-16 19:34:31] [INFO] Created product | Context: {"external_id":1418108,"product_id":79331}
[2026-02-16 19:34:31] [INFO] Created product | Context: {"external_id":1418106,"product_id":79332}
[2026-02-16 19:34:31] [INFO] Created product | Context: {"external_id":1418104,"product_id":79333}
[2026-02-16 19:34:32] [INFO] Created product | Context: {"external_id":1418103,"product_id":79334}
[2026-02-16 19:34:32] [INFO] Created product | Context: {"external_id":1418100,"product_id":79335}
[2026-02-16 19:34:32] [INFO] Created product | Context: {"external_id":1418099,"product_id":79336}
[2026-02-16 19:34:32] [INFO] Created product | Context: {"external_id":1418098,"product_id":79337}
[2026-02-16 19:34:32] [INFO] Created product | Context: {"external_id":1418097,"product_id":79338}
[2026-02-16 19:34:32] [INFO] Created product | Context: {"external_id":1418080,"product_id":79339}
[2026-02-16 19:34:33] [INFO] Created product | Context: {"external_id":1418079,"product_id":79340}
[2026-02-16 19:34:33] [INFO] Created product | Context: {"external_id":1418078,"product_id":79341}
[2026-02-16 19:34:33] [INFO] Created product | Context: {"external_id":1418075,"product_id":79342}
[2026-02-16 19:34:33] [INFO] Created product | Context: {"external_id":1417833,"product_id":79343}
[2026-02-16 19:34:33] [INFO] Created product | Context: {"external_id":1417455,"product_id":79344}
[2026-02-16 19:34:33] [INFO] Created product | Context: {"external_id":1417449,"product_id":79345}
[2026-02-16 19:34:34] [INFO] Created product | Context: {"external_id":1417447,"product_id":79346}
[2026-02-16 19:34:34] [INFO] Created product | Context: {"external_id":1417441,"product_id":79347}
[2026-02-16 19:34:34] [INFO] Created product | Context: {"external_id":1417440,"product_id":79348}
[2026-02-16 19:34:34] [INFO] Created product | Context: {"external_id":1417439,"product_id":79349}
[2026-02-16 19:34:34] [INFO] Created product | Context: {"external_id":1417438,"product_id":79350}
[2026-02-16 19:34:34] [INFO] Created product | Context: {"external_id":1417432,"product_id":79351}
[2026-02-16 19:34:35] [INFO] Created product | Context: {"external_id":1417431,"product_id":79352}
[2026-02-16 19:34:35] [INFO] Created product | Context: {"external_id":1417429,"product_id":79353}
[2026-02-16 19:34:35] [INFO] Created product | Context: {"external_id":1417428,"product_id":79354}
[2026-02-16 19:34:35] [INFO] Created product | Context: {"external_id":1417426,"product_id":79355}
[2026-02-16 19:34:35] [INFO] Batch processed | Context: {"offset":2100,"total":3218}
[2026-02-16 19:34:37] [INFO] Created product | Context: {"external_id":1417425,"product_id":79356}
[2026-02-16 19:34:37] [INFO] Created product | Context: {"external_id":1417424,"product_id":79357}
[2026-02-16 19:34:37] [INFO] Created product | Context: {"external_id":1417423,"product_id":79358}
[2026-02-16 19:34:38] [INFO] Created product | Context: {"external_id":1416792,"product_id":79359}
[2026-02-16 19:34:38] [INFO] Created product | Context: {"external_id":1416791,"product_id":79360}
[2026-02-16 19:34:38] [INFO] Created product | Context: {"external_id":1416790,"product_id":79361}
[2026-02-16 19:34:38] [INFO] Created product | Context: {"external_id":1416788,"product_id":79362}
[2026-02-16 19:34:38] [INFO] Created product | Context: {"external_id":1416787,"product_id":79363}
[2026-02-16 19:34:38] [INFO] Created product | Context: {"external_id":1416786,"product_id":79364}
[2026-02-16 19:34:39] [INFO] Created product | Context: {"external_id":1416782,"product_id":79365}
[2026-02-16 19:34:39] [INFO] Created product | Context: {"external_id":1416779,"product_id":79366}
[2026-02-16 19:34:39] [INFO] Created product | Context: {"external_id":1416777,"product_id":79367}
[2026-02-16 19:34:39] [INFO] Created product | Context: {"external_id":1416776,"product_id":79368}
[2026-02-16 19:34:39] [INFO] Created product | Context: {"external_id":1416763,"product_id":79369}
[2026-02-16 19:34:39] [INFO] Created product | Context: {"external_id":1416762,"product_id":79370}
[2026-02-16 19:34:40] [INFO] Created product | Context: {"external_id":1416761,"product_id":79371}
[2026-02-16 19:34:40] [INFO] Created product | Context: {"external_id":1416759,"product_id":79372}
[2026-02-16 19:34:40] [INFO] Created product | Context: {"external_id":1416758,"product_id":79373}
[2026-02-16 19:34:40] [INFO] Created product | Context: {"external_id":1416756,"product_id":79374}
[2026-02-16 19:34:40] [INFO] Created product | Context: {"external_id":1416755,"product_id":79375}
[2026-02-16 19:34:40] [INFO] Created product | Context: {"external_id":1416753,"product_id":79376}
[2026-02-16 19:34:41] [INFO] Created product | Context: {"external_id":1416752,"product_id":79377}
[2026-02-16 19:34:41] [INFO] Created product | Context: {"external_id":1416751,"product_id":79378}
[2026-02-16 19:34:41] [INFO] Created product | Context: {"external_id":1416750,"product_id":79379}
[2026-02-16 19:34:41] [INFO] Created product | Context: {"external_id":1416749,"product_id":79380}
[2026-02-16 19:34:41] [INFO] Created product | Context: {"external_id":1416746,"product_id":79381}
[2026-02-16 19:34:41] [INFO] Created product | Context: {"external_id":1416745,"product_id":79382}
[2026-02-16 19:34:42] [INFO] Created product | Context: {"external_id":1416743,"product_id":79383}
[2026-02-16 19:34:42] [INFO] Created product | Context: {"external_id":1416741,"product_id":79384}
[2026-02-16 19:34:42] [INFO] Created product | Context: {"external_id":1416732,"product_id":79385}
[2026-02-16 19:34:42] [INFO] Created product | Context: {"external_id":1416723,"product_id":79386}
[2026-02-16 19:34:42] [INFO] Created product | Context: {"external_id":1373202,"product_id":79387}
[2026-02-16 19:34:42] [INFO] Created product | Context: {"external_id":1373188,"product_id":79388}
[2026-02-16 19:34:42] [INFO] Created product | Context: {"external_id":1371748,"product_id":79389}
[2026-02-16 19:34:43] [INFO] Created product | Context: {"external_id":1371747,"product_id":79390}
[2026-02-16 19:34:43] [INFO] Created product | Context: {"external_id":1371746,"product_id":79391}
[2026-02-16 19:34:43] [INFO] Created product | Context: {"external_id":1371745,"product_id":79392}
[2026-02-16 19:34:43] [INFO] Created product | Context: {"external_id":1371744,"product_id":79393}
[2026-02-16 19:34:43] [INFO] Created product | Context: {"external_id":1371743,"product_id":79394}
[2026-02-16 19:34:43] [INFO] Created product | Context: {"external_id":1371742,"product_id":79395}
[2026-02-16 19:34:44] [INFO] Created product | Context: {"external_id":1371741,"product_id":79396}
[2026-02-16 19:34:44] [INFO] Created product | Context: {"external_id":1371740,"product_id":79397}
[2026-02-16 19:34:44] [INFO] Created product | Context: {"external_id":1371739,"product_id":79398}
[2026-02-16 19:34:44] [INFO] Created product | Context: {"external_id":1371704,"product_id":79399}
[2026-02-16 19:34:44] [INFO] Created product | Context: {"external_id":1371702,"product_id":79400}
[2026-02-16 19:34:44] [INFO] Created product | Context: {"external_id":1371701,"product_id":79401}
[2026-02-16 19:34:45] [INFO] Created product | Context: {"external_id":1371700,"product_id":79402}
[2026-02-16 19:34:45] [INFO] Created product | Context: {"external_id":1371699,"product_id":79403}
[2026-02-16 19:34:45] [INFO] Created product | Context: {"external_id":1371696,"product_id":79404}
[2026-02-16 19:34:45] [INFO] Created product | Context: {"external_id":1371695,"product_id":79405}
[2026-02-16 19:34:45] [INFO] Batch processed | Context: {"offset":2150,"total":3218}
[2026-02-16 19:34:47] [INFO] Created product | Context: {"external_id":1371660,"product_id":79406}
[2026-02-16 19:34:47] [INFO] Created product | Context: {"external_id":1371659,"product_id":79407}
[2026-02-16 19:34:47] [INFO] Created product | Context: {"external_id":1371657,"product_id":79408}
[2026-02-16 19:34:48] [INFO] Created product | Context: {"external_id":1371656,"product_id":79409}
[2026-02-16 19:34:48] [INFO] Created product | Context: {"external_id":1371411,"product_id":79410}
[2026-02-16 19:34:48] [INFO] Created product | Context: {"external_id":1371410,"product_id":79411}
[2026-02-16 19:34:48] [INFO] Created product | Context: {"external_id":1371409,"product_id":79412}
[2026-02-16 19:34:48] [INFO] Created product | Context: {"external_id":1371408,"product_id":79413}
[2026-02-16 19:34:48] [INFO] Created product | Context: {"external_id":1371407,"product_id":79414}
[2026-02-16 19:34:49] [INFO] Created product | Context: {"external_id":1371029,"product_id":79415}
[2026-02-16 19:34:49] [INFO] Created product | Context: {"external_id":1371026,"product_id":79416}
[2026-02-16 19:34:49] [INFO] Created product | Context: {"external_id":1370586,"product_id":79417}
[2026-02-16 19:34:49] [INFO] Created product | Context: {"external_id":1370584,"product_id":79418}
[2026-02-16 19:34:49] [INFO] Created product | Context: {"external_id":1370583,"product_id":79419}
[2026-02-16 19:34:49] [INFO] Created product | Context: {"external_id":1370582,"product_id":79420}
[2026-02-16 19:34:50] [INFO] Created product | Context: {"external_id":1370580,"product_id":79421}
[2026-02-16 19:34:50] [INFO] Created product | Context: {"external_id":1369284,"product_id":79422}
[2026-02-16 19:34:50] [INFO] Created product | Context: {"external_id":1369278,"product_id":79423}
[2026-02-16 19:34:50] [INFO] Created product | Context: {"external_id":1369013,"product_id":79424}
[2026-02-16 19:34:50] [INFO] Created product | Context: {"external_id":1369012,"product_id":79425}
[2026-02-16 19:34:50] [INFO] Created product | Context: {"external_id":1369011,"product_id":79426}
[2026-02-16 19:34:51] [INFO] Created product | Context: {"external_id":1369010,"product_id":79427}
[2026-02-16 19:34:51] [INFO] Created product | Context: {"external_id":1369009,"product_id":79428}
[2026-02-16 19:34:51] [INFO] Created product | Context: {"external_id":1369008,"product_id":79429}
[2026-02-16 19:34:51] [INFO] Created product | Context: {"external_id":1369007,"product_id":79430}
[2026-02-16 19:34:51] [INFO] Created product | Context: {"external_id":1368958,"product_id":79431}
[2026-02-16 19:34:51] [INFO] Created product | Context: {"external_id":1368631,"product_id":79432}
[2026-02-16 19:34:52] [INFO] Created product | Context: {"external_id":1368630,"product_id":79433}
[2026-02-16 19:34:52] [INFO] Created product | Context: {"external_id":1368629,"product_id":79434}
[2026-02-16 19:34:52] [INFO] Created product | Context: {"external_id":1368628,"product_id":79435}
[2026-02-16 19:34:52] [INFO] Created product | Context: {"external_id":1368626,"product_id":79436}
[2026-02-16 19:34:52] [INFO] Created product | Context: {"external_id":1368625,"product_id":79437}
[2026-02-16 19:34:53] [INFO] Created product | Context: {"external_id":1368620,"product_id":79438}
[2026-02-16 19:34:53] [INFO] Created product | Context: {"external_id":1368615,"product_id":79439}
[2026-02-16 19:34:53] [INFO] Created product | Context: {"external_id":1368610,"product_id":79440}
[2026-02-16 19:34:53] [INFO] Created product | Context: {"external_id":1368609,"product_id":79441}
[2026-02-16 19:34:53] [INFO] Created product | Context: {"external_id":1368608,"product_id":79442}
[2026-02-16 19:34:53] [INFO] Created product | Context: {"external_id":1368607,"product_id":79443}
[2026-02-16 19:34:54] [INFO] Created product | Context: {"external_id":1366998,"product_id":79444}
[2026-02-16 19:34:54] [INFO] Created product | Context: {"external_id":1366995,"product_id":79445}
[2026-02-16 19:34:54] [INFO] Created product | Context: {"external_id":1366665,"product_id":79446}
[2026-02-16 19:34:54] [INFO] Created product | Context: {"external_id":1366549,"product_id":79447}
[2026-02-16 19:34:54] [INFO] Created product | Context: {"external_id":1366548,"product_id":79448}
[2026-02-16 19:34:54] [INFO] Created product | Context: {"external_id":1366547,"product_id":79449}
[2026-02-16 19:34:55] [INFO] Created product | Context: {"external_id":1366546,"product_id":79450}
[2026-02-16 19:34:55] [INFO] Created product | Context: {"external_id":1366545,"product_id":79451}
[2026-02-16 19:34:55] [INFO] Created product | Context: {"external_id":1366541,"product_id":79452}
[2026-02-16 19:34:55] [INFO] Created product | Context: {"external_id":1366540,"product_id":79453}
[2026-02-16 19:34:55] [INFO] Created product | Context: {"external_id":1366501,"product_id":79454}
[2026-02-16 19:34:55] [INFO] Created product | Context: {"external_id":1366500,"product_id":79455}
[2026-02-16 19:34:55] [INFO] Batch processed | Context: {"offset":2200,"total":3218}
[2026-02-16 19:34:58] [INFO] Created product | Context: {"external_id":1366499,"product_id":79456}
[2026-02-16 19:34:58] [INFO] Created product | Context: {"external_id":1366113,"product_id":79457}
[2026-02-16 19:34:58] [INFO] Created product | Context: {"external_id":1366039,"product_id":79458}
[2026-02-16 19:34:59] [INFO] Created product | Context: {"external_id":1366031,"product_id":79459}
[2026-02-16 19:34:59] [INFO] Created product | Context: {"external_id":1366029,"product_id":79460}
[2026-02-16 19:34:59] [INFO] Created product | Context: {"external_id":1366025,"product_id":79461}
[2026-02-16 19:34:59] [INFO] Created product | Context: {"external_id":1366021,"product_id":79462}
[2026-02-16 19:34:59] [INFO] Created product | Context: {"external_id":1366020,"product_id":79463}
[2026-02-16 19:34:59] [INFO] Created product | Context: {"external_id":1366019,"product_id":79464}
[2026-02-16 19:35:00] [INFO] Created product | Context: {"external_id":1366017,"product_id":79465}
[2026-02-16 19:35:00] [INFO] Created product | Context: {"external_id":1366014,"product_id":79466}
[2026-02-16 19:35:00] [INFO] Created product | Context: {"external_id":1366010,"product_id":79467}
[2026-02-16 19:35:00] [INFO] Created product | Context: {"external_id":1365979,"product_id":79468}
[2026-02-16 19:35:00] [INFO] Created product | Context: {"external_id":1365957,"product_id":79469}
[2026-02-16 19:35:00] [INFO] Created product | Context: {"external_id":1365914,"product_id":79470}
[2026-02-16 19:35:01] [INFO] Created product | Context: {"external_id":1365887,"product_id":79471}
[2026-02-16 19:35:01] [INFO] Created product | Context: {"external_id":1365870,"product_id":79472}
[2026-02-16 19:35:01] [INFO] Created product | Context: {"external_id":1365869,"product_id":79473}
[2026-02-16 19:35:01] [INFO] Created product | Context: {"external_id":1365863,"product_id":79474}
[2026-02-16 19:35:01] [INFO] Created product | Context: {"external_id":1365844,"product_id":79475}
[2026-02-16 19:35:02] [INFO] Created product | Context: {"external_id":1365842,"product_id":79476}
[2026-02-16 19:35:02] [INFO] Created product | Context: {"external_id":1365825,"product_id":79477}
[2026-02-16 19:35:02] [INFO] Created product | Context: {"external_id":1365824,"product_id":79478}
[2026-02-16 19:35:02] [INFO] Created product | Context: {"external_id":1365018,"product_id":79479}
[2026-02-16 19:35:02] [INFO] Created product | Context: {"external_id":1365010,"product_id":79480}
[2026-02-16 19:35:03] [INFO] Created product | Context: {"external_id":1365009,"product_id":79481}
[2026-02-16 19:35:03] [INFO] Created product | Context: {"external_id":1365008,"product_id":79482}
[2026-02-16 19:35:03] [INFO] Created product | Context: {"external_id":1365007,"product_id":79483}
[2026-02-16 19:35:03] [INFO] Created product | Context: {"external_id":1365005,"product_id":79484}
[2026-02-16 19:35:03] [INFO] Created product | Context: {"external_id":1365003,"product_id":79485}
[2026-02-16 19:35:04] [INFO] Created product | Context: {"external_id":1365002,"product_id":79486}
[2026-02-16 19:35:04] [INFO] Created product | Context: {"external_id":1365001,"product_id":79487}
[2026-02-16 19:35:04] [INFO] Created product | Context: {"external_id":1365000,"product_id":79488}
[2026-02-16 19:35:04] [INFO] Created product | Context: {"external_id":1364999,"product_id":79489}
[2026-02-16 19:35:04] [INFO] Created product | Context: {"external_id":1363784,"product_id":79490}
[2026-02-16 19:35:04] [INFO] Created product | Context: {"external_id":1363783,"product_id":79491}
[2026-02-16 19:35:05] [INFO] Created product | Context: {"external_id":1363782,"product_id":79492}
[2026-02-16 19:35:05] [INFO] Created product | Context: {"external_id":1363781,"product_id":79493}
[2026-02-16 19:35:05] [INFO] Created product | Context: {"external_id":1363780,"product_id":79494}
[2026-02-16 19:35:05] [INFO] Created product | Context: {"external_id":1363779,"product_id":79495}
[2026-02-16 19:35:05] [INFO] Created product | Context: {"external_id":1363777,"product_id":79496}
[2026-02-16 19:35:05] [INFO] Created product | Context: {"external_id":1363775,"product_id":79497}
[2026-02-16 19:35:06] [INFO] Created product | Context: {"external_id":1363773,"product_id":79498}
[2026-02-16 19:35:06] [INFO] Created product | Context: {"external_id":1361678,"product_id":79499}
[2026-02-16 19:35:06] [INFO] Created product | Context: {"external_id":1361676,"product_id":79500}
[2026-02-16 19:35:06] [INFO] Created product | Context: {"external_id":1360371,"product_id":79501}
[2026-02-16 19:35:06] [INFO] Created product | Context: {"external_id":1360369,"product_id":79502}
[2026-02-16 19:35:06] [INFO] Created product | Context: {"external_id":1360258,"product_id":79503}
[2026-02-16 19:35:07] [INFO] Created product | Context: {"external_id":1360254,"product_id":79504}
[2026-02-16 19:35:07] [INFO] Created product | Context: {"external_id":1360251,"product_id":79505}
[2026-02-16 19:35:07] [INFO] Batch processed | Context: {"offset":2250,"total":3218}
[2026-02-16 19:35:08] [INFO] Created product | Context: {"external_id":1357718,"product_id":79506}
[2026-02-16 19:35:08] [INFO] Created product | Context: {"external_id":1357713,"product_id":79507}
[2026-02-16 19:35:08] [INFO] Created product | Context: {"external_id":1357710,"product_id":79508}
[2026-02-16 19:35:09] [INFO] Created product | Context: {"external_id":1357600,"product_id":79509}
[2026-02-16 19:35:09] [INFO] Created product | Context: {"external_id":1357599,"product_id":79510}
[2026-02-16 19:35:09] [INFO] Created product | Context: {"external_id":1357594,"product_id":79511}
[2026-02-16 19:35:09] [INFO] Created product | Context: {"external_id":1357584,"product_id":79512}
[2026-02-16 19:35:09] [INFO] Created product | Context: {"external_id":1357582,"product_id":79513}
[2026-02-16 19:35:09] [INFO] Created product | Context: {"external_id":1357579,"product_id":79514}
[2026-02-16 19:35:10] [INFO] Created product | Context: {"external_id":1357573,"product_id":79515}
[2026-02-16 19:35:10] [INFO] Created product | Context: {"external_id":1357572,"product_id":79516}
[2026-02-16 19:35:10] [INFO] Created product | Context: {"external_id":1357571,"product_id":79517}
[2026-02-16 19:35:10] [INFO] Created product | Context: {"external_id":1357570,"product_id":79518}
[2026-02-16 19:35:10] [INFO] Created product | Context: {"external_id":1357569,"product_id":79519}
[2026-02-16 19:35:10] [INFO] Created product | Context: {"external_id":1357568,"product_id":79520}
[2026-02-16 19:35:11] [INFO] Created product | Context: {"external_id":1357567,"product_id":79521}
[2026-02-16 19:35:11] [INFO] Created product | Context: {"external_id":1357565,"product_id":79522}
[2026-02-16 19:35:11] [INFO] Created product | Context: {"external_id":1357477,"product_id":79523}
[2026-02-16 19:35:11] [INFO] Created product | Context: {"external_id":1357472,"product_id":79524}
[2026-02-16 19:35:11] [INFO] Created product | Context: {"external_id":1357360,"product_id":79525}
[2026-02-16 19:35:11] [INFO] Created product | Context: {"external_id":1357059,"product_id":79526}
[2026-02-16 19:35:12] [INFO] Created product | Context: {"external_id":1356578,"product_id":79527}
[2026-02-16 19:35:12] [INFO] Created product | Context: {"external_id":1356569,"product_id":79528}
[2026-02-16 19:35:12] [INFO] Created product | Context: {"external_id":1356568,"product_id":79529}
[2026-02-16 19:35:12] [INFO] Created product | Context: {"external_id":1356562,"product_id":79530}
[2026-02-16 19:35:12] [INFO] Created product | Context: {"external_id":1356553,"product_id":79531}
[2026-02-16 19:35:12] [INFO] Created product | Context: {"external_id":1356551,"product_id":79532}
[2026-02-16 19:35:13] [INFO] Created product | Context: {"external_id":1356548,"product_id":79533}
[2026-02-16 19:35:13] [INFO] Created product | Context: {"external_id":1356020,"product_id":79534}
[2026-02-16 19:35:13] [INFO] Created product | Context: {"external_id":1356019,"product_id":79535}
[2026-02-16 19:35:13] [INFO] Created product | Context: {"external_id":1355948,"product_id":79536}
[2026-02-16 19:35:13] [INFO] Created product | Context: {"external_id":1355946,"product_id":79537}
[2026-02-16 19:35:13] [INFO] Created product | Context: {"external_id":1355941,"product_id":79538}
[2026-02-16 19:35:14] [INFO] Created product | Context: {"external_id":1355939,"product_id":79539}
[2026-02-16 19:35:14] [INFO] Created product | Context: {"external_id":1355936,"product_id":79540}
[2026-02-16 19:35:14] [INFO] Created product | Context: {"external_id":1355934,"product_id":79541}
[2026-02-16 19:35:14] [INFO] Created product | Context: {"external_id":1355932,"product_id":79542}
[2026-02-16 19:35:14] [INFO] Created product | Context: {"external_id":1354860,"product_id":79543}
[2026-02-16 19:35:14] [INFO] Created product | Context: {"external_id":1354852,"product_id":79544}
[2026-02-16 19:35:15] [INFO] Created product | Context: {"external_id":1354648,"product_id":79545}
[2026-02-16 19:35:15] [INFO] Created product | Context: {"external_id":1354613,"product_id":79546}
[2026-02-16 19:35:15] [INFO] Created product | Context: {"external_id":1354600,"product_id":79547}
[2026-02-16 19:35:15] [INFO] Created product | Context: {"external_id":1354587,"product_id":79548}
[2026-02-16 19:35:15] [INFO] Created product | Context: {"external_id":1354585,"product_id":79549}
[2026-02-16 19:35:15] [INFO] Created product | Context: {"external_id":1354582,"product_id":79550}
[2026-02-16 19:35:16] [INFO] Created product | Context: {"external_id":1354565,"product_id":79551}
[2026-02-16 19:35:16] [INFO] Created product | Context: {"external_id":1354563,"product_id":79552}
[2026-02-16 19:35:16] [INFO] Created product | Context: {"external_id":1354561,"product_id":79553}
[2026-02-16 19:35:16] [INFO] Created product | Context: {"external_id":1354560,"product_id":79554}
[2026-02-16 19:35:16] [INFO] Created product | Context: {"external_id":1354559,"product_id":79555}
[2026-02-16 19:35:16] [INFO] Batch processed | Context: {"offset":2300,"total":3218}
[2026-02-16 19:35:19] [INFO] Created product | Context: {"external_id":1354556,"product_id":79556}
[2026-02-16 19:35:19] [INFO] Created product | Context: {"external_id":1354552,"product_id":79557}
[2026-02-16 19:35:19] [INFO] Created product | Context: {"external_id":1354551,"product_id":79558}
[2026-02-16 19:35:20] [INFO] Created product | Context: {"external_id":1354113,"product_id":79559}
[2026-02-16 19:35:20] [INFO] Created product | Context: {"external_id":1354112,"product_id":79560}
[2026-02-16 19:35:20] [INFO] Created product | Context: {"external_id":1354111,"product_id":79561}
[2026-02-16 19:35:20] [INFO] Created product | Context: {"external_id":1354110,"product_id":79562}
[2026-02-16 19:35:20] [INFO] Created product | Context: {"external_id":1354109,"product_id":79563}
[2026-02-16 19:35:21] [INFO] Created product | Context: {"external_id":1354108,"product_id":79564}
[2026-02-16 19:35:21] [INFO] Created product | Context: {"external_id":1354107,"product_id":79565}
[2026-02-16 19:35:21] [INFO] Created product | Context: {"external_id":1354106,"product_id":79566}
[2026-02-16 19:35:21] [INFO] Created product | Context: {"external_id":1354105,"product_id":79567}
[2026-02-16 19:35:21] [INFO] Created product | Context: {"external_id":1354104,"product_id":79568}
[2026-02-16 19:35:21] [INFO] Created product | Context: {"external_id":1354103,"product_id":79569}
[2026-02-16 19:35:22] [INFO] Created product | Context: {"external_id":1354102,"product_id":79570}
[2026-02-16 19:35:22] [INFO] Created product | Context: {"external_id":1354101,"product_id":79571}
[2026-02-16 19:35:22] [INFO] Created product | Context: {"external_id":1354100,"product_id":79572}
[2026-02-16 19:35:22] [INFO] Created product | Context: {"external_id":1354097,"product_id":79573}
[2026-02-16 19:35:22] [INFO] Created product | Context: {"external_id":1354096,"product_id":79574}
[2026-02-16 19:35:22] [INFO] Created product | Context: {"external_id":1354095,"product_id":79575}
[2026-02-16 19:35:23] [INFO] Created product | Context: {"external_id":1354094,"product_id":79576}
[2026-02-16 19:35:23] [INFO] Created product | Context: {"external_id":1354093,"product_id":79577}
[2026-02-16 19:35:23] [INFO] Created product | Context: {"external_id":1354091,"product_id":79578}
[2026-02-16 19:35:23] [INFO] Created product | Context: {"external_id":1354090,"product_id":79579}
[2026-02-16 19:35:23] [INFO] Created product | Context: {"external_id":1354087,"product_id":79580}
[2026-02-16 19:35:23] [INFO] Created product | Context: {"external_id":1354086,"product_id":79581}
[2026-02-16 19:35:24] [INFO] Created product | Context: {"external_id":1354085,"product_id":79582}
[2026-02-16 19:35:24] [INFO] Created product | Context: {"external_id":1354084,"product_id":79583}
[2026-02-16 19:35:24] [INFO] Created product | Context: {"external_id":1354083,"product_id":79584}
[2026-02-16 19:35:24] [INFO] Created product | Context: {"external_id":1354082,"product_id":79585}
[2026-02-16 19:35:24] [INFO] Created product | Context: {"external_id":1354081,"product_id":79586}
[2026-02-16 19:35:24] [INFO] Created product | Context: {"external_id":1354079,"product_id":79587}
[2026-02-16 19:35:25] [INFO] Created product | Context: {"external_id":1354078,"product_id":79588}
[2026-02-16 19:35:25] [INFO] Created product | Context: {"external_id":1354077,"product_id":79589}
[2026-02-16 19:35:25] [INFO] Created product | Context: {"external_id":1354075,"product_id":79590}
[2026-02-16 19:35:25] [INFO] Created product | Context: {"external_id":1354074,"product_id":79591}
[2026-02-16 19:35:25] [INFO] Created product | Context: {"external_id":1354073,"product_id":79592}
[2026-02-16 19:35:26] [INFO] Created product | Context: {"external_id":1354072,"product_id":79593}
[2026-02-16 19:35:26] [INFO] Created product | Context: {"external_id":1354071,"product_id":79594}
[2026-02-16 19:35:26] [INFO] Created product | Context: {"external_id":1354070,"product_id":79595}
[2026-02-16 19:35:26] [INFO] Created product | Context: {"external_id":1354066,"product_id":79596}
[2026-02-16 19:35:26] [INFO] Created product | Context: {"external_id":1354065,"product_id":79597}
[2026-02-16 19:35:27] [INFO] Created product | Context: {"external_id":1354064,"product_id":79598}
[2026-02-16 19:35:27] [INFO] Created product | Context: {"external_id":1354061,"product_id":79599}
[2026-02-16 19:35:27] [INFO] Created product | Context: {"external_id":1354060,"product_id":79600}
[2026-02-16 19:35:27] [INFO] Created product | Context: {"external_id":1354059,"product_id":79601}
[2026-02-16 19:35:27] [INFO] Created product | Context: {"external_id":1354057,"product_id":79602}
[2026-02-16 19:35:28] [INFO] Created product | Context: {"external_id":1354056,"product_id":79603}
[2026-02-16 19:35:28] [INFO] Created product | Context: {"external_id":1354055,"product_id":79604}
[2026-02-16 19:35:28] [INFO] Created product | Context: {"external_id":1354053,"product_id":79605}
[2026-02-16 19:35:28] [INFO] Batch processed | Context: {"offset":2350,"total":3218}
[2026-02-16 19:35:30] [INFO] Created product | Context: {"external_id":1354052,"product_id":79606}
[2026-02-16 19:35:30] [INFO] Created product | Context: {"external_id":1354051,"product_id":79607}
[2026-02-16 19:35:30] [INFO] Created product | Context: {"external_id":1354049,"product_id":79608}
[2026-02-16 19:35:31] [INFO] Created product | Context: {"external_id":1354048,"product_id":79609}
[2026-02-16 19:35:31] [INFO] Created product | Context: {"external_id":1354047,"product_id":79610}
[2026-02-16 19:35:31] [INFO] Created product | Context: {"external_id":1354046,"product_id":79611}
[2026-02-16 19:35:31] [INFO] Created product | Context: {"external_id":1354045,"product_id":79612}
[2026-02-16 19:35:31] [INFO] Created product | Context: {"external_id":1354044,"product_id":79613}
[2026-02-16 19:35:32] [INFO] Created product | Context: {"external_id":1354043,"product_id":79614}
[2026-02-16 19:35:32] [INFO] Created product | Context: {"external_id":1354042,"product_id":79615}
[2026-02-16 19:35:32] [INFO] Created product | Context: {"external_id":1354041,"product_id":79616}
[2026-02-16 19:35:32] [INFO] Created product | Context: {"external_id":1354040,"product_id":79617}
[2026-02-16 19:35:32] [INFO] Created product | Context: {"external_id":1354039,"product_id":79618}
[2026-02-16 19:35:32] [INFO] Created product | Context: {"external_id":1354038,"product_id":79619}
[2026-02-16 19:35:33] [INFO] Created product | Context: {"external_id":1354037,"product_id":79620}
[2026-02-16 19:35:33] [INFO] Created product | Context: {"external_id":1354036,"product_id":79621}
[2026-02-16 19:35:33] [INFO] Created product | Context: {"external_id":1354035,"product_id":79622}
[2026-02-16 19:35:33] [INFO] Created product | Context: {"external_id":1354005,"product_id":79623}
[2026-02-16 19:35:33] [INFO] Created product | Context: {"external_id":1353985,"product_id":79624}
[2026-02-16 19:35:33] [INFO] Created product | Context: {"external_id":1353984,"product_id":79625}
[2026-02-16 19:35:34] [INFO] Created product | Context: {"external_id":1353983,"product_id":79626}
[2026-02-16 19:35:34] [INFO] Created product | Context: {"external_id":1353982,"product_id":79627}
[2026-02-16 19:35:34] [INFO] Created product | Context: {"external_id":1353981,"product_id":79628}
[2026-02-16 19:35:34] [INFO] Created product | Context: {"external_id":1353980,"product_id":79629}
[2026-02-16 19:35:34] [INFO] Created product | Context: {"external_id":1353979,"product_id":79630}
[2026-02-16 19:35:35] [INFO] Created product | Context: {"external_id":1353976,"product_id":79631}
[2026-02-16 19:35:35] [INFO] Created product | Context: {"external_id":1353975,"product_id":79632}
[2026-02-16 19:35:35] [INFO] Created product | Context: {"external_id":1353974,"product_id":79633}
[2026-02-16 19:35:35] [INFO] Created product | Context: {"external_id":1353885,"product_id":79634}
[2026-02-16 19:35:35] [INFO] Created product | Context: {"external_id":1353849,"product_id":79635}
[2026-02-16 19:35:35] [INFO] Created product | Context: {"external_id":1353847,"product_id":79636}
[2026-02-16 19:35:36] [INFO] Created product | Context: {"external_id":1353846,"product_id":79637}
[2026-02-16 19:35:36] [INFO] Created product | Context: {"external_id":1353845,"product_id":79638}
[2026-02-16 19:35:36] [INFO] Created product | Context: {"external_id":1353843,"product_id":79639}
[2026-02-16 19:35:36] [INFO] Created product | Context: {"external_id":1353841,"product_id":79640}
[2026-02-16 19:35:36] [INFO] Created product | Context: {"external_id":1353839,"product_id":79641}
[2026-02-16 19:35:36] [INFO] Created product | Context: {"external_id":1353836,"product_id":79642}
[2026-02-16 19:35:37] [INFO] Created product | Context: {"external_id":1353834,"product_id":79643}
[2026-02-16 19:35:37] [INFO] Created product | Context: {"external_id":1353833,"product_id":79644}
[2026-02-16 19:35:37] [INFO] Created product | Context: {"external_id":1353832,"product_id":79645}
[2026-02-16 19:35:37] [INFO] Created product | Context: {"external_id":1353831,"product_id":79646}
[2026-02-16 19:35:37] [INFO] Created product | Context: {"external_id":1353830,"product_id":79647}
[2026-02-16 19:35:37] [INFO] Created product | Context: {"external_id":1353829,"product_id":79648}
[2026-02-16 19:35:38] [INFO] Created product | Context: {"external_id":1353828,"product_id":79649}
[2026-02-16 19:35:38] [INFO] Created product | Context: {"external_id":1353827,"product_id":79650}
[2026-02-16 19:35:38] [INFO] Created product | Context: {"external_id":1353825,"product_id":79651}
[2026-02-16 19:35:38] [INFO] Created product | Context: {"external_id":1353824,"product_id":79652}
[2026-02-16 19:35:38] [INFO] Created product | Context: {"external_id":1353811,"product_id":79653}
[2026-02-16 19:35:39] [INFO] Created product | Context: {"external_id":1353810,"product_id":79654}
[2026-02-16 19:35:39] [INFO] Created product | Context: {"external_id":1353808,"product_id":79655}
[2026-02-16 19:35:39] [INFO] Batch processed | Context: {"offset":2400,"total":3218}
[2026-02-16 19:35:40] [INFO] Created product | Context: {"external_id":1353807,"product_id":79656}
[2026-02-16 19:35:40] [INFO] Created product | Context: {"external_id":1353806,"product_id":79657}
[2026-02-16 19:35:41] [INFO] Created product | Context: {"external_id":1353804,"product_id":79658}
[2026-02-16 19:35:41] [INFO] Created product | Context: {"external_id":1353802,"product_id":79659}
[2026-02-16 19:35:41] [INFO] Created product | Context: {"external_id":1353800,"product_id":79660}
[2026-02-16 19:35:41] [INFO] Created product | Context: {"external_id":1353799,"product_id":79661}
[2026-02-16 19:35:41] [INFO] Created product | Context: {"external_id":1353798,"product_id":79662}
[2026-02-16 19:35:41] [INFO] Created product | Context: {"external_id":1353795,"product_id":79663}
[2026-02-16 19:35:42] [INFO] Created product | Context: {"external_id":1353794,"product_id":79664}
[2026-02-16 19:35:42] [INFO] Created product | Context: {"external_id":1353793,"product_id":79665}
[2026-02-16 19:35:42] [INFO] Created product | Context: {"external_id":1353792,"product_id":79666}
[2026-02-16 19:35:42] [INFO] Created product | Context: {"external_id":1353791,"product_id":79667}
[2026-02-16 19:35:42] [INFO] Created product | Context: {"external_id":1353790,"product_id":79668}
[2026-02-16 19:35:42] [INFO] Created product | Context: {"external_id":1353789,"product_id":79669}
[2026-02-16 19:35:43] [INFO] Created product | Context: {"external_id":1353788,"product_id":79670}
[2026-02-16 19:35:43] [INFO] Created product | Context: {"external_id":1353787,"product_id":79671}
[2026-02-16 19:35:43] [INFO] Created product | Context: {"external_id":1353786,"product_id":79672}
[2026-02-16 19:35:43] [INFO] Created product | Context: {"external_id":1353785,"product_id":79673}
[2026-02-16 19:35:43] [INFO] Created product | Context: {"external_id":1353784,"product_id":79674}
[2026-02-16 19:35:43] [INFO] Created product | Context: {"external_id":1353783,"product_id":79675}
[2026-02-16 19:35:44] [INFO] Created product | Context: {"external_id":1353782,"product_id":79676}
[2026-02-16 19:35:44] [INFO] Created product | Context: {"external_id":1353759,"product_id":79677}
[2026-02-16 19:35:44] [INFO] Created product | Context: {"external_id":1353755,"product_id":79678}
[2026-02-16 19:35:44] [INFO] Created product | Context: {"external_id":1353754,"product_id":79679}
[2026-02-16 19:35:44] [INFO] Created product | Context: {"external_id":1353753,"product_id":79680}
[2026-02-16 19:35:45] [INFO] Created product | Context: {"external_id":1353752,"product_id":79681}
[2026-02-16 19:35:45] [INFO] Created product | Context: {"external_id":1353751,"product_id":79682}
[2026-02-16 19:35:45] [INFO] Created product | Context: {"external_id":1353750,"product_id":79683}
[2026-02-16 19:35:45] [INFO] Created product | Context: {"external_id":1353749,"product_id":79684}
[2026-02-16 19:35:45] [INFO] Created product | Context: {"external_id":1353748,"product_id":79685}
[2026-02-16 19:35:45] [INFO] Created product | Context: {"external_id":1353747,"product_id":79686}
[2026-02-16 19:35:46] [INFO] Created product | Context: {"external_id":1353746,"product_id":79687}
[2026-02-16 19:35:46] [INFO] Created product | Context: {"external_id":1353745,"product_id":79688}
[2026-02-16 19:35:46] [INFO] Created product | Context: {"external_id":1353744,"product_id":79689}
[2026-02-16 19:35:46] [INFO] Created product | Context: {"external_id":1353743,"product_id":79690}
[2026-02-16 19:35:46] [INFO] Created product | Context: {"external_id":1353742,"product_id":79691}
[2026-02-16 19:35:47] [INFO] Created product | Context: {"external_id":1353727,"product_id":79692}
[2026-02-16 19:35:47] [INFO] Created product | Context: {"external_id":1353726,"product_id":79693}
[2026-02-16 19:35:47] [INFO] Created product | Context: {"external_id":1353725,"product_id":79694}
[2026-02-16 19:35:47] [INFO] Created product | Context: {"external_id":1353724,"product_id":79695}
[2026-02-16 19:35:47] [INFO] Created product | Context: {"external_id":1353722,"product_id":79696}
[2026-02-16 19:35:47] [INFO] Created product | Context: {"external_id":1353721,"product_id":79697}
[2026-02-16 19:35:48] [INFO] Created product | Context: {"external_id":1353720,"product_id":79698}
[2026-02-16 19:35:48] [INFO] Created product | Context: {"external_id":1353719,"product_id":79699}
[2026-02-16 19:35:48] [INFO] Created product | Context: {"external_id":1353718,"product_id":79700}
[2026-02-16 19:35:48] [INFO] Created product | Context: {"external_id":1353717,"product_id":79701}
[2026-02-16 19:35:48] [INFO] Created product | Context: {"external_id":1353700,"product_id":79702}
[2026-02-16 19:35:48] [INFO] Created product | Context: {"external_id":1351914,"product_id":79703}
[2026-02-16 19:35:49] [INFO] Created product | Context: {"external_id":1351912,"product_id":79704}
[2026-02-16 19:35:49] [INFO] Created product | Context: {"external_id":1351910,"product_id":79705}
[2026-02-16 19:35:49] [INFO] Batch processed | Context: {"offset":2450,"total":3218}
[2026-02-16 19:35:51] [INFO] Created product | Context: {"external_id":1351902,"product_id":79706}
[2026-02-16 19:35:51] [INFO] Created product | Context: {"external_id":1351898,"product_id":79707}
[2026-02-16 19:35:52] [INFO] Created product | Context: {"external_id":1351896,"product_id":79708}
[2026-02-16 19:35:52] [INFO] Created product | Context: {"external_id":1351231,"product_id":79709}
[2026-02-16 19:35:52] [INFO] Created product | Context: {"external_id":1351230,"product_id":79710}
[2026-02-16 19:35:52] [INFO] Created product | Context: {"external_id":1351228,"product_id":79711}
[2026-02-16 19:35:52] [INFO] Created product | Context: {"external_id":1351220,"product_id":79712}
[2026-02-16 19:35:52] [INFO] Created product | Context: {"external_id":1351217,"product_id":79713}
[2026-02-16 19:35:53] [INFO] Created product | Context: {"external_id":1350676,"product_id":79714}
[2026-02-16 19:35:53] [INFO] Created product | Context: {"external_id":1350365,"product_id":79715}
[2026-02-16 19:35:53] [INFO] Created product | Context: {"external_id":1350204,"product_id":79716}
[2026-02-16 19:35:53] [INFO] Created product | Context: {"external_id":1350201,"product_id":79717}
[2026-02-16 19:35:53] [INFO] Created product | Context: {"external_id":1350171,"product_id":79718}
[2026-02-16 19:35:53] [INFO] Created product | Context: {"external_id":1349449,"product_id":79719}
[2026-02-16 19:35:54] [INFO] Created product | Context: {"external_id":1349445,"product_id":79720}
[2026-02-16 19:35:54] [INFO] Created product | Context: {"external_id":1349429,"product_id":79721}
[2026-02-16 19:35:54] [INFO] Created product | Context: {"external_id":1349426,"product_id":79722}
[2026-02-16 19:35:54] [INFO] Created product | Context: {"external_id":1349425,"product_id":79723}
[2026-02-16 19:35:54] [INFO] Created product | Context: {"external_id":1349424,"product_id":79724}
[2026-02-16 19:35:55] [INFO] Created product | Context: {"external_id":1349423,"product_id":79725}
[2026-02-16 19:35:55] [INFO] Created product | Context: {"external_id":1349420,"product_id":79726}
[2026-02-16 19:35:55] [INFO] Created product | Context: {"external_id":1349417,"product_id":79727}
[2026-02-16 19:35:55] [INFO] Created product | Context: {"external_id":1349416,"product_id":79728}
[2026-02-16 19:35:55] [INFO] Created product | Context: {"external_id":1349415,"product_id":79729}
[2026-02-16 19:35:55] [INFO] Created product | Context: {"external_id":1349414,"product_id":79730}
[2026-02-16 19:35:56] [INFO] Created product | Context: {"external_id":1349413,"product_id":79731}
[2026-02-16 19:35:56] [INFO] Created product | Context: {"external_id":1349412,"product_id":79732}
[2026-02-16 19:35:56] [INFO] Created product | Context: {"external_id":1349411,"product_id":79733}
[2026-02-16 19:35:56] [INFO] Created product | Context: {"external_id":1349405,"product_id":79734}
[2026-02-16 19:35:56] [INFO] Created product | Context: {"external_id":1349404,"product_id":79735}
[2026-02-16 19:35:56] [INFO] Created product | Context: {"external_id":1349403,"product_id":79736}
[2026-02-16 19:35:57] [INFO] Created product | Context: {"external_id":1349402,"product_id":79737}
[2026-02-16 19:35:57] [INFO] Created product | Context: {"external_id":1349399,"product_id":79738}
[2026-02-16 19:35:57] [INFO] Created product | Context: {"external_id":1349398,"product_id":79739}
[2026-02-16 19:35:57] [INFO] Created product | Context: {"external_id":1349397,"product_id":79740}
[2026-02-16 19:35:57] [INFO] Created product | Context: {"external_id":1349394,"product_id":79741}
[2026-02-16 19:35:58] [INFO] Created product | Context: {"external_id":1349393,"product_id":79742}
[2026-02-16 19:35:58] [INFO] Created product | Context: {"external_id":1349392,"product_id":79743}
[2026-02-16 19:35:58] [INFO] Created product | Context: {"external_id":1349391,"product_id":79744}
[2026-02-16 19:35:58] [INFO] Created product | Context: {"external_id":1349390,"product_id":79745}
[2026-02-16 19:35:58] [INFO] Created product | Context: {"external_id":1349387,"product_id":79746}
[2026-02-16 19:35:58] [INFO] Created product | Context: {"external_id":1349385,"product_id":79747}
[2026-02-16 19:35:59] [INFO] Created product | Context: {"external_id":1349383,"product_id":79748}
[2026-02-16 19:35:59] [INFO] Created product | Context: {"external_id":1349382,"product_id":79749}
[2026-02-16 19:35:59] [INFO] Created product | Context: {"external_id":1349377,"product_id":79750}
[2026-02-16 19:35:59] [INFO] Created product | Context: {"external_id":1349351,"product_id":79751}
[2026-02-16 19:35:59] [INFO] Created product | Context: {"external_id":1349350,"product_id":79752}
[2026-02-16 19:35:59] [INFO] Created product | Context: {"external_id":1349348,"product_id":79753}
[2026-02-16 19:36:00] [INFO] Created product | Context: {"external_id":1349347,"product_id":79754}
[2026-02-16 19:36:00] [INFO] Created product | Context: {"external_id":1349344,"product_id":79755}
[2026-02-16 19:36:00] [INFO] Batch processed | Context: {"offset":2500,"total":3218}
[2026-02-16 19:36:02] [INFO] Created product | Context: {"external_id":1349342,"product_id":79756}
[2026-02-16 19:36:03] [INFO] Created product | Context: {"external_id":1349341,"product_id":79757}
[2026-02-16 19:36:03] [INFO] Created product | Context: {"external_id":1349339,"product_id":79758}
[2026-02-16 19:36:03] [INFO] Created product | Context: {"external_id":1349338,"product_id":79759}
[2026-02-16 19:36:03] [INFO] Created product | Context: {"external_id":1349336,"product_id":79760}
[2026-02-16 19:36:03] [INFO] Created product | Context: {"external_id":1349335,"product_id":79761}
[2026-02-16 19:36:04] [INFO] Created product | Context: {"external_id":1349330,"product_id":79762}
[2026-02-16 19:36:04] [INFO] Created product | Context: {"external_id":1349320,"product_id":79763}
[2026-02-16 19:36:04] [INFO] Created product | Context: {"external_id":1349317,"product_id":79764}
[2026-02-16 19:36:04] [INFO] Created product | Context: {"external_id":1349315,"product_id":79765}
[2026-02-16 19:36:04] [INFO] Created product | Context: {"external_id":1349314,"product_id":79766}
[2026-02-16 19:36:04] [INFO] Created product | Context: {"external_id":1349313,"product_id":79767}
[2026-02-16 19:36:05] [INFO] Created product | Context: {"external_id":1349312,"product_id":79768}
[2026-02-16 19:36:05] [INFO] Created product | Context: {"external_id":1349311,"product_id":79769}
[2026-02-16 19:36:05] [INFO] Created product | Context: {"external_id":1349310,"product_id":79770}
[2026-02-16 19:36:05] [INFO] Created product | Context: {"external_id":1349306,"product_id":79771}
[2026-02-16 19:36:05] [INFO] Created product | Context: {"external_id":1349305,"product_id":79772}
[2026-02-16 19:36:05] [INFO] Created product | Context: {"external_id":1349302,"product_id":79773}
[2026-02-16 19:36:06] [INFO] Created product | Context: {"external_id":1349297,"product_id":79774}
[2026-02-16 19:36:06] [INFO] Created product | Context: {"external_id":1349296,"product_id":79775}
[2026-02-16 19:36:06] [INFO] Created product | Context: {"external_id":1349294,"product_id":79776}
[2026-02-16 19:36:06] [INFO] Created product | Context: {"external_id":1349292,"product_id":79777}
[2026-02-16 19:36:06] [INFO] Created product | Context: {"external_id":1349291,"product_id":79778}
[2026-02-16 19:36:07] [INFO] Created product | Context: {"external_id":1349290,"product_id":79779}
[2026-02-16 19:36:07] [INFO] Created product | Context: {"external_id":1349288,"product_id":79780}
[2026-02-16 19:36:07] [INFO] Created product | Context: {"external_id":1349287,"product_id":79781}
[2026-02-16 19:36:07] [INFO] Created product | Context: {"external_id":1349285,"product_id":79782}
[2026-02-16 19:36:07] [INFO] Created product | Context: {"external_id":1349284,"product_id":79783}
[2026-02-16 19:36:07] [INFO] Created product | Context: {"external_id":1349282,"product_id":79784}
[2026-02-16 19:36:08] [INFO] Created product | Context: {"external_id":1349281,"product_id":79785}
[2026-02-16 19:36:08] [INFO] Created product | Context: {"external_id":1349279,"product_id":79786}
[2026-02-16 19:36:08] [INFO] Created product | Context: {"external_id":1349278,"product_id":79787}
[2026-02-16 19:36:08] [INFO] Created product | Context: {"external_id":1349276,"product_id":79788}
[2026-02-16 19:36:08] [INFO] Created product | Context: {"external_id":1349275,"product_id":79789}
[2026-02-16 19:36:08] [INFO] Created product | Context: {"external_id":1349274,"product_id":79790}
[2026-02-16 19:36:09] [INFO] Created product | Context: {"external_id":1349273,"product_id":79791}
[2026-02-16 19:36:09] [INFO] Created product | Context: {"external_id":1349272,"product_id":79792}
[2026-02-16 19:36:09] [INFO] Created product | Context: {"external_id":1349271,"product_id":79793}
[2026-02-16 19:36:09] [INFO] Created product | Context: {"external_id":1349269,"product_id":79794}
[2026-02-16 19:36:09] [INFO] Created product | Context: {"external_id":1349267,"product_id":79795}
[2026-02-16 19:36:10] [INFO] Created product | Context: {"external_id":1349266,"product_id":79796}
[2026-02-16 19:36:10] [INFO] Created product | Context: {"external_id":1349264,"product_id":79797}
[2026-02-16 19:36:10] [INFO] Created product | Context: {"external_id":1349263,"product_id":79798}
[2026-02-16 19:36:10] [INFO] Created product | Context: {"external_id":1349262,"product_id":79799}
[2026-02-16 19:36:10] [INFO] Created product | Context: {"external_id":1349260,"product_id":79800}
[2026-02-16 19:36:10] [INFO] Created product | Context: {"external_id":1349259,"product_id":79801}
[2026-02-16 19:36:11] [INFO] Created product | Context: {"external_id":1349258,"product_id":79802}
[2026-02-16 19:36:11] [INFO] Created product | Context: {"external_id":1349255,"product_id":79803}
[2026-02-16 19:36:11] [INFO] Created product | Context: {"external_id":1349252,"product_id":79804}
[2026-02-16 19:36:11] [INFO] Created product | Context: {"external_id":1349249,"product_id":79805}
[2026-02-16 19:36:11] [INFO] Batch processed | Context: {"offset":2550,"total":3218}
[2026-02-16 19:36:13] [INFO] Created product | Context: {"external_id":1349247,"product_id":79806}
[2026-02-16 19:36:13] [INFO] Created product | Context: {"external_id":1349246,"product_id":79807}
[2026-02-16 19:36:13] [INFO] Created product | Context: {"external_id":1349245,"product_id":79808}
[2026-02-16 19:36:14] [INFO] Created product | Context: {"external_id":1347891,"product_id":79809}
[2026-02-16 19:36:14] [INFO] Created product | Context: {"external_id":1347890,"product_id":79810}
[2026-02-16 19:36:14] [INFO] Created product | Context: {"external_id":1347887,"product_id":79811}
[2026-02-16 19:36:14] [INFO] Created product | Context: {"external_id":1347876,"product_id":79812}
[2026-02-16 19:36:14] [INFO] Created product | Context: {"external_id":1347755,"product_id":79813}
[2026-02-16 19:36:14] [INFO] Created product | Context: {"external_id":1347754,"product_id":79814}
[2026-02-16 19:36:15] [INFO] Created product | Context: {"external_id":1347747,"product_id":79815}
[2026-02-16 19:36:15] [INFO] Created product | Context: {"external_id":1347744,"product_id":79816}
[2026-02-16 19:36:15] [INFO] Created product | Context: {"external_id":1347742,"product_id":79817}
[2026-02-16 19:36:15] [INFO] Created product | Context: {"external_id":1347741,"product_id":79818}
[2026-02-16 19:36:15] [INFO] Created product | Context: {"external_id":1347738,"product_id":79819}
[2026-02-16 19:36:15] [INFO] Created product | Context: {"external_id":1347736,"product_id":79820}
[2026-02-16 19:36:16] [INFO] Created product | Context: {"external_id":1347733,"product_id":79821}
[2026-02-16 19:36:16] [INFO] Created product | Context: {"external_id":1347731,"product_id":79822}
[2026-02-16 19:36:16] [INFO] Created product | Context: {"external_id":1347730,"product_id":79823}
[2026-02-16 19:36:16] [INFO] Created product | Context: {"external_id":1347728,"product_id":79824}
[2026-02-16 19:36:16] [INFO] Created product | Context: {"external_id":1347727,"product_id":79825}
[2026-02-16 19:36:17] [INFO] Created product | Context: {"external_id":1347724,"product_id":79826}
[2026-02-16 19:36:17] [INFO] Created product | Context: {"external_id":1347720,"product_id":79827}
[2026-02-16 19:36:17] [INFO] Created product | Context: {"external_id":1347717,"product_id":79828}
[2026-02-16 19:36:17] [INFO] Created product | Context: {"external_id":1347716,"product_id":79829}
[2026-02-16 19:36:17] [INFO] Created product | Context: {"external_id":1347713,"product_id":79830}
[2026-02-16 19:36:17] [INFO] Created product | Context: {"external_id":1347712,"product_id":79831}
[2026-02-16 19:36:18] [INFO] Created product | Context: {"external_id":1347711,"product_id":79832}
[2026-02-16 19:36:18] [INFO] Created product | Context: {"external_id":1347710,"product_id":79833}
[2026-02-16 19:36:18] [INFO] Created product | Context: {"external_id":1347709,"product_id":79834}
[2026-02-16 19:36:18] [INFO] Created product | Context: {"external_id":1346947,"product_id":79835}
[2026-02-16 19:36:18] [INFO] Created product | Context: {"external_id":1346877,"product_id":79836}
[2026-02-16 19:36:18] [INFO] Created product | Context: {"external_id":1345201,"product_id":79837}
[2026-02-16 19:36:19] [INFO] Created product | Context: {"external_id":1344939,"product_id":79838}
[2026-02-16 19:36:19] [INFO] Created product | Context: {"external_id":1344910,"product_id":79839}
[2026-02-16 19:36:19] [INFO] Created product | Context: {"external_id":1344895,"product_id":79840}
[2026-02-16 19:36:19] [INFO] Created product | Context: {"external_id":1344893,"product_id":79841}
[2026-02-16 19:36:19] [INFO] Created product | Context: {"external_id":1344551,"product_id":79842}
[2026-02-16 19:36:20] [INFO] Created product | Context: {"external_id":1343039,"product_id":79843}
[2026-02-16 19:36:20] [INFO] Created product | Context: {"external_id":1343034,"product_id":79844}
[2026-02-16 19:36:20] [INFO] Created product | Context: {"external_id":1343033,"product_id":79845}
[2026-02-16 19:36:20] [INFO] Created product | Context: {"external_id":1341320,"product_id":79846}
[2026-02-16 19:36:20] [INFO] Created product | Context: {"external_id":1341319,"product_id":79847}
[2026-02-16 19:36:20] [INFO] Created product | Context: {"external_id":1341317,"product_id":79848}
[2026-02-16 19:36:21] [INFO] Created product | Context: {"external_id":1341306,"product_id":79849}
[2026-02-16 19:36:21] [INFO] Created product | Context: {"external_id":1341305,"product_id":79850}
[2026-02-16 19:36:21] [INFO] Created product | Context: {"external_id":1341301,"product_id":79851}
[2026-02-16 19:36:21] [INFO] Created product | Context: {"external_id":1341292,"product_id":79852}
[2026-02-16 19:36:21] [INFO] Created product | Context: {"external_id":1341037,"product_id":79853}
[2026-02-16 19:36:21] [INFO] Created product | Context: {"external_id":1340442,"product_id":79854}
[2026-02-16 19:36:22] [INFO] Created product | Context: {"external_id":1340437,"product_id":79855}
[2026-02-16 19:36:22] [INFO] Batch processed | Context: {"offset":2600,"total":3218}
[2026-02-16 19:36:23] [INFO] Created product | Context: {"external_id":1340436,"product_id":79856}
[2026-02-16 19:36:23] [INFO] Created product | Context: {"external_id":1340163,"product_id":79857}
[2026-02-16 19:36:23] [INFO] Created product | Context: {"external_id":1340162,"product_id":79858}
[2026-02-16 19:36:24] [INFO] Created product | Context: {"external_id":1339952,"product_id":79859}
[2026-02-16 19:36:24] [INFO] Created product | Context: {"external_id":1339946,"product_id":79860}
[2026-02-16 19:36:24] [INFO] Created product | Context: {"external_id":1339945,"product_id":79861}
[2026-02-16 19:36:24] [INFO] Created product | Context: {"external_id":1339941,"product_id":79862}
[2026-02-16 19:36:24] [INFO] Created product | Context: {"external_id":1339940,"product_id":79863}
[2026-02-16 19:36:25] [INFO] Created product | Context: {"external_id":1339301,"product_id":79864}
[2026-02-16 19:36:25] [INFO] Created product | Context: {"external_id":1339299,"product_id":79865}
[2026-02-16 19:36:25] [INFO] Created product | Context: {"external_id":1339298,"product_id":79866}
[2026-02-16 19:36:25] [INFO] Created product | Context: {"external_id":1339296,"product_id":79867}
[2026-02-16 19:36:25] [INFO] Created product | Context: {"external_id":1337571,"product_id":79868}
[2026-02-16 19:36:25] [INFO] Created product | Context: {"external_id":1337561,"product_id":79869}
[2026-02-16 19:36:26] [INFO] Created product | Context: {"external_id":1335247,"product_id":79870}
[2026-02-16 19:36:26] [INFO] Created product | Context: {"external_id":1335246,"product_id":79871}
[2026-02-16 19:36:26] [INFO] Created product | Context: {"external_id":1335245,"product_id":79872}
[2026-02-16 19:36:26] [INFO] Created product | Context: {"external_id":1335244,"product_id":79873}
[2026-02-16 19:36:26] [INFO] Created product | Context: {"external_id":1335243,"product_id":79874}
[2026-02-16 19:36:26] [INFO] Created product | Context: {"external_id":1335239,"product_id":79875}
[2026-02-16 19:36:27] [INFO] Created product | Context: {"external_id":1335238,"product_id":79876}
[2026-02-16 19:36:27] [INFO] Created product | Context: {"external_id":1335237,"product_id":79877}
[2026-02-16 19:36:27] [INFO] Created product | Context: {"external_id":1335234,"product_id":79878}
[2026-02-16 19:36:27] [INFO] Created product | Context: {"external_id":1335233,"product_id":79879}
[2026-02-16 19:36:27] [INFO] Created product | Context: {"external_id":1335231,"product_id":79880}
[2026-02-16 19:36:27] [INFO] Created product | Context: {"external_id":1335230,"product_id":79881}
[2026-02-16 19:36:28] [INFO] Created product | Context: {"external_id":1332986,"product_id":79882}
[2026-02-16 19:36:28] [INFO] Created product | Context: {"external_id":1331935,"product_id":79883}
[2026-02-16 19:36:28] [INFO] Created product | Context: {"external_id":1331564,"product_id":79884}
[2026-02-16 19:36:28] [INFO] Created product | Context: {"external_id":1331561,"product_id":79885}
[2026-02-16 19:36:28] [INFO] Created product | Context: {"external_id":1330804,"product_id":79886}
[2026-02-16 19:36:29] [INFO] Created product | Context: {"external_id":1330802,"product_id":79887}
[2026-02-16 19:36:29] [INFO] Created product | Context: {"external_id":1330791,"product_id":79888}
[2026-02-16 19:36:29] [INFO] Created product | Context: {"external_id":1330355,"product_id":79889}
[2026-02-16 19:36:29] [INFO] Created product | Context: {"external_id":1330353,"product_id":79890}
[2026-02-16 19:36:29] [INFO] Created product | Context: {"external_id":1330351,"product_id":79891}
[2026-02-16 19:36:29] [INFO] Created product | Context: {"external_id":1329509,"product_id":79892}
[2026-02-16 19:36:30] [INFO] Created product | Context: {"external_id":1329508,"product_id":79893}
[2026-02-16 19:36:30] [INFO] Created product | Context: {"external_id":1329507,"product_id":79894}
[2026-02-16 19:36:30] [INFO] Created product | Context: {"external_id":1329499,"product_id":79895}
[2026-02-16 19:36:30] [INFO] Created product | Context: {"external_id":1327683,"product_id":79896}
[2026-02-16 19:36:30] [INFO] Created product | Context: {"external_id":1327295,"product_id":79897}
[2026-02-16 19:36:30] [INFO] Created product | Context: {"external_id":1327261,"product_id":79898}
[2026-02-16 19:36:31] [INFO] Created product | Context: {"external_id":1326821,"product_id":79899}
[2026-02-16 19:36:31] [INFO] Created product | Context: {"external_id":1324064,"product_id":79900}
[2026-02-16 19:36:31] [INFO] Created product | Context: {"external_id":1322911,"product_id":79901}
[2026-02-16 19:36:31] [INFO] Created product | Context: {"external_id":1322910,"product_id":79902}
[2026-02-16 19:36:31] [INFO] Created product | Context: {"external_id":1322909,"product_id":79903}
[2026-02-16 19:36:31] [INFO] Created product | Context: {"external_id":1322908,"product_id":79904}
[2026-02-16 19:36:32] [INFO] Created product | Context: {"external_id":1322409,"product_id":79905}
[2026-02-16 19:36:32] [INFO] Batch processed | Context: {"offset":2650,"total":3218}
[2026-02-16 19:36:33] [INFO] Created product | Context: {"external_id":1322408,"product_id":79906}
[2026-02-16 19:36:33] [INFO] Created product | Context: {"external_id":1322404,"product_id":79907}
[2026-02-16 19:36:33] [INFO] Created product | Context: {"external_id":1321090,"product_id":79908}
[2026-02-16 19:36:34] [INFO] Created product | Context: {"external_id":1320978,"product_id":79909}
[2026-02-16 19:36:34] [INFO] Created product | Context: {"external_id":1320288,"product_id":79910}
[2026-02-16 19:36:34] [INFO] Created product | Context: {"external_id":1317354,"product_id":79911}
[2026-02-16 19:36:34] [INFO] Created product | Context: {"external_id":1317353,"product_id":79912}
[2026-02-16 19:36:34] [INFO] Created product | Context: {"external_id":1301249,"product_id":79913}
[2026-02-16 19:36:34] [INFO] Created product | Context: {"external_id":1301247,"product_id":79914}
[2026-02-16 19:36:35] [INFO] Created product | Context: {"external_id":1301246,"product_id":79915}
[2026-02-16 19:36:35] [INFO] Created product | Context: {"external_id":1301245,"product_id":79916}
[2026-02-16 19:36:35] [INFO] Created product | Context: {"external_id":1299697,"product_id":79917}
[2026-02-16 19:36:35] [INFO] Created product | Context: {"external_id":1299694,"product_id":79918}
[2026-02-16 19:36:35] [INFO] Created product | Context: {"external_id":1297127,"product_id":79919}
[2026-02-16 19:36:35] [INFO] Created product | Context: {"external_id":1297126,"product_id":79920}
[2026-02-16 19:36:36] [INFO] Created product | Context: {"external_id":1297117,"product_id":79921}
[2026-02-16 19:36:36] [INFO] Created product | Context: {"external_id":1291908,"product_id":79922}
[2026-02-16 19:36:36] [INFO] Created product | Context: {"external_id":1291228,"product_id":79923}
[2026-02-16 19:36:36] [INFO] Created product | Context: {"external_id":1284079,"product_id":79924}
[2026-02-16 19:36:36] [INFO] Created product | Context: {"external_id":1272186,"product_id":79925}
[2026-02-16 19:36:36] [INFO] Created product | Context: {"external_id":1243475,"product_id":79926}
[2026-02-16 19:36:37] [INFO] Created product | Context: {"external_id":1243472,"product_id":79927}
[2026-02-16 19:36:37] [INFO] Created product | Context: {"external_id":1243470,"product_id":79928}
[2026-02-16 19:36:37] [INFO] Created product | Context: {"external_id":1243468,"product_id":79929}
[2026-02-16 19:36:37] [INFO] Created product | Context: {"external_id":1243465,"product_id":79930}
[2026-02-16 19:36:37] [INFO] Created product | Context: {"external_id":1243464,"product_id":79931}
[2026-02-16 19:36:37] [INFO] Created product | Context: {"external_id":1243463,"product_id":79932}
[2026-02-16 19:36:38] [INFO] Created product | Context: {"external_id":1243461,"product_id":79933}
[2026-02-16 19:36:38] [INFO] Created product | Context: {"external_id":1243459,"product_id":79934}
[2026-02-16 19:36:38] [INFO] Created product | Context: {"external_id":1243458,"product_id":79935}
[2026-02-16 19:36:38] [INFO] Created product | Context: {"external_id":1243456,"product_id":79936}
[2026-02-16 19:36:38] [INFO] Created product | Context: {"external_id":1243455,"product_id":79937}
[2026-02-16 19:36:39] [INFO] Created product | Context: {"external_id":1243454,"product_id":79938}
[2026-02-16 19:36:39] [INFO] Created product | Context: {"external_id":1243453,"product_id":79939}
[2026-02-16 19:36:39] [INFO] Created product | Context: {"external_id":1243451,"product_id":79940}
[2026-02-16 19:36:39] [INFO] Created product | Context: {"external_id":1243449,"product_id":79941}
[2026-02-16 19:36:39] [INFO] Created product | Context: {"external_id":1243447,"product_id":79942}
[2026-02-16 19:36:39] [INFO] Created product | Context: {"external_id":1243446,"product_id":79943}
[2026-02-16 19:36:40] [INFO] Created product | Context: {"external_id":1243444,"product_id":79944}
[2026-02-16 19:36:40] [INFO] Created product | Context: {"external_id":1243443,"product_id":79945}
[2026-02-16 19:36:40] [INFO] Created product | Context: {"external_id":1243442,"product_id":79946}
[2026-02-16 19:36:40] [INFO] Created product | Context: {"external_id":1234964,"product_id":79947}
[2026-02-16 19:36:40] [INFO] Created product | Context: {"external_id":1230923,"product_id":79948}
[2026-02-16 19:36:40] [INFO] Created product | Context: {"external_id":1369702,"product_id":79949}
[2026-02-16 19:36:41] [INFO] Created product | Context: {"external_id":1331946,"product_id":79950}
[2026-02-16 19:36:41] [INFO] Created product | Context: {"external_id":1322934,"product_id":79951}
[2026-02-16 19:36:41] [INFO] Created product | Context: {"external_id":1368994,"product_id":79952}
[2026-02-16 19:36:41] [INFO] Created product | Context: {"external_id":1370404,"product_id":79953}
[2026-02-16 19:36:41] [INFO] Created product | Context: {"external_id":1269253,"product_id":79954}
[2026-02-16 19:36:42] [INFO] Created product | Context: {"external_id":1364171,"product_id":79955}
[2026-02-16 19:36:42] [INFO] Batch processed | Context: {"offset":2700,"total":3218}
[2026-02-16 19:36:43] [INFO] Created product | Context: {"external_id":1292965,"product_id":79956}
[2026-02-16 19:36:43] [INFO] Created product | Context: {"external_id":1335151,"product_id":79957}
[2026-02-16 19:36:43] [INFO] Created product | Context: {"external_id":1185281,"product_id":79958}
[2026-02-16 19:36:44] [INFO] Created product | Context: {"external_id":1368948,"product_id":79959}
[2026-02-16 19:36:44] [INFO] Created product | Context: {"external_id":1292382,"product_id":79960}
[2026-02-16 19:36:44] [INFO] Created product | Context: {"external_id":1364172,"product_id":79961}
[2026-02-16 19:36:44] [INFO] Created product | Context: {"external_id":1348497,"product_id":79962}
[2026-02-16 19:36:44] [INFO] Created product | Context: {"external_id":1322937,"product_id":79963}
[2026-02-16 19:36:44] [INFO] Created product | Context: {"external_id":1335171,"product_id":79964}
[2026-02-16 19:36:45] [INFO] Created product | Context: {"external_id":1370412,"product_id":79965}
[2026-02-16 19:36:45] [INFO] Created product | Context: {"external_id":1357327,"product_id":79966}
[2026-02-16 19:36:45] [INFO] Created product | Context: {"external_id":1370407,"product_id":79967}
[2026-02-16 19:36:45] [INFO] Created product | Context: {"external_id":1369701,"product_id":79968}
[2026-02-16 19:36:45] [INFO] Created product | Context: {"external_id":1370452,"product_id":79969}
[2026-02-16 19:36:45] [INFO] Created product | Context: {"external_id":1370440,"product_id":79970}
[2026-02-16 19:36:45] [INFO] Created product | Context: {"external_id":1291301,"product_id":79971}
[2026-02-16 19:36:46] [INFO] Created product | Context: {"external_id":1471508,"product_id":79972}
[2026-02-16 19:36:46] [INFO] Created product | Context: {"external_id":1341277,"product_id":79973}
[2026-02-16 19:36:46] [INFO] Created product | Context: {"external_id":1357364,"product_id":79974}
[2026-02-16 19:36:46] [INFO] Created product | Context: {"external_id":1348501,"product_id":79975}
[2026-02-16 19:36:46] [INFO] Created product | Context: {"external_id":1348480,"product_id":79976}
[2026-02-16 19:36:46] [INFO] Created product | Context: {"external_id":1292973,"product_id":79977}
[2026-02-16 19:36:47] [INFO] Created product | Context: {"external_id":1351356,"product_id":79978}
[2026-02-16 19:36:47] [INFO] Created product | Context: {"external_id":1341276,"product_id":79979}
[2026-02-16 19:36:47] [INFO] Created product | Context: {"external_id":1370411,"product_id":79980}
[2026-02-16 19:36:47] [INFO] Created product | Context: {"external_id":1351361,"product_id":79981}
[2026-02-16 19:36:47] [INFO] Created product | Context: {"external_id":1331952,"product_id":79982}
[2026-02-16 19:36:47] [INFO] Created product | Context: {"external_id":1357373,"product_id":79983}
[2026-02-16 19:36:47] [INFO] Created product | Context: {"external_id":1348496,"product_id":79984}
[2026-02-16 19:36:48] [INFO] Created product | Context: {"external_id":1292833,"product_id":79985}
[2026-02-16 19:36:48] [INFO] Created product | Context: {"external_id":1292830,"product_id":79986}
[2026-02-16 19:36:48] [INFO] Created product | Context: {"external_id":1370782,"product_id":79987}
[2026-02-16 19:36:48] [INFO] Created product | Context: {"external_id":1370458,"product_id":79988}
[2026-02-16 19:36:48] [INFO] Created product | Context: {"external_id":1351362,"product_id":79989}
[2026-02-16 19:36:48] [INFO] Created product | Context: {"external_id":1341280,"product_id":79990}
[2026-02-16 19:36:49] [INFO] Created product | Context: {"external_id":1331978,"product_id":79991}
[2026-02-16 19:36:49] [INFO] Created product | Context: {"external_id":1307527,"product_id":79992}
[2026-02-16 19:36:49] [INFO] Created product | Context: {"external_id":1292948,"product_id":79993}
[2026-02-16 19:36:49] [INFO] Created product | Context: {"external_id":1292828,"product_id":79994}
[2026-02-16 19:36:49] [INFO] Created product | Context: {"external_id":1367466,"product_id":79995}
[2026-02-16 19:36:49] [INFO] Created product | Context: {"external_id":1353289,"product_id":79996}
[2026-02-16 19:36:50] [INFO] Created product | Context: {"external_id":1351355,"product_id":79997}
[2026-02-16 19:36:50] [INFO] Created product | Context: {"external_id":1456530,"product_id":79998}
[2026-02-16 19:36:50] [INFO] Created product | Context: {"external_id":1366075,"product_id":79999}
[2026-02-16 19:36:50] [INFO] Created product | Context: {"external_id":1365849,"product_id":80000}
[2026-02-16 19:36:50] [INFO] Created product | Context: {"external_id":1363193,"product_id":80001}
[2026-02-16 19:36:50] [INFO] Created product | Context: {"external_id":1362967,"product_id":80002}
[2026-02-16 19:36:51] [INFO] Created product | Context: {"external_id":1357322,"product_id":80003}
[2026-02-16 19:36:51] [INFO] Created product | Context: {"external_id":1333813,"product_id":80004}
[2026-02-16 19:36:51] [INFO] Created product | Context: {"external_id":1331954,"product_id":80005}
[2026-02-16 19:36:51] [INFO] Batch processed | Context: {"offset":2750,"total":3218}
[2026-02-16 19:36:53] [INFO] Created product | Context: {"external_id":1292959,"product_id":80006}
[2026-02-16 19:36:53] [INFO] Created product | Context: {"external_id":1292895,"product_id":80007}
[2026-02-16 19:36:54] [INFO] Created product | Context: {"external_id":1474362,"product_id":80008}
[2026-02-16 19:36:54] [INFO] Created product | Context: {"external_id":1370446,"product_id":80009}
[2026-02-16 19:36:54] [INFO] Created product | Context: {"external_id":1370422,"product_id":80010}
[2026-02-16 19:36:54] [INFO] Created product | Context: {"external_id":1368951,"product_id":80011}
[2026-02-16 19:36:54] [INFO] Created product | Context: {"external_id":1368950,"product_id":80012}
[2026-02-16 19:36:54] [INFO] Created product | Context: {"external_id":1365847,"product_id":80013}
[2026-02-16 19:36:54] [INFO] Created product | Context: {"external_id":1365846,"product_id":80014}
[2026-02-16 19:36:55] [INFO] Created product | Context: {"external_id":1354359,"product_id":80015}
[2026-02-16 19:36:55] [INFO] Created product | Context: {"external_id":1351005,"product_id":80016}
[2026-02-16 19:36:55] [INFO] Created product | Context: {"external_id":1335214,"product_id":80017}
[2026-02-16 19:36:55] [INFO] Created product | Context: {"external_id":1309387,"product_id":80018}
[2026-02-16 19:36:55] [INFO] Created product | Context: {"external_id":1292384,"product_id":80019}
[2026-02-16 19:36:55] [INFO] Created product | Context: {"external_id":1474364,"product_id":80020}
[2026-02-16 19:36:56] [INFO] Created product | Context: {"external_id":1472006,"product_id":80021}
[2026-02-16 19:36:56] [INFO] Created product | Context: {"external_id":1471505,"product_id":80022}
[2026-02-16 19:36:56] [INFO] Created product | Context: {"external_id":1456531,"product_id":80023}
[2026-02-16 19:36:56] [INFO] Created product | Context: {"external_id":1370779,"product_id":80024}
[2026-02-16 19:36:56] [INFO] Created product | Context: {"external_id":1370443,"product_id":80025}
[2026-02-16 19:36:56] [INFO] Created product | Context: {"external_id":1370421,"product_id":80026}
[2026-02-16 19:36:57] [INFO] Created product | Context: {"external_id":1370406,"product_id":80027}
[2026-02-16 19:36:57] [INFO] Created product | Context: {"external_id":1362965,"product_id":80028}
[2026-02-16 19:36:57] [INFO] Created product | Context: {"external_id":1357560,"product_id":80029}
[2026-02-16 19:36:57] [INFO] Created product | Context: {"external_id":1357557,"product_id":80030}
[2026-02-16 19:36:57] [INFO] Created product | Context: {"external_id":1354804,"product_id":80031}
[2026-02-16 19:36:57] [INFO] Created product | Context: {"external_id":1342557,"product_id":80032}
[2026-02-16 19:36:58] [INFO] Created product | Context: {"external_id":1341275,"product_id":80033}
[2026-02-16 19:36:58] [INFO] Created product | Context: {"external_id":1331947,"product_id":80034}
[2026-02-16 19:36:58] [INFO] Created product | Context: {"external_id":1301259,"product_id":80035}
[2026-02-16 19:36:58] [INFO] Created product | Context: {"external_id":1484040,"product_id":80036}
[2026-02-16 19:36:58] [INFO] Created product | Context: {"external_id":1476295,"product_id":80037}
[2026-02-16 19:36:58] [INFO] Created product | Context: {"external_id":1476294,"product_id":80038}
[2026-02-16 19:36:58] [INFO] Created product | Context: {"external_id":1472016,"product_id":80039}
[2026-02-16 19:36:59] [INFO] Created product | Context: {"external_id":1472003,"product_id":80040}
[2026-02-16 19:36:59] [INFO] Created product | Context: {"external_id":1456527,"product_id":80041}
[2026-02-16 19:36:59] [INFO] Created product | Context: {"external_id":1370778,"product_id":80042}
[2026-02-16 19:36:59] [INFO] Created product | Context: {"external_id":1370455,"product_id":80043}
[2026-02-16 19:36:59] [INFO] Created product | Context: {"external_id":1370449,"product_id":80044}
[2026-02-16 19:36:59] [INFO] Created product | Context: {"external_id":1370441,"product_id":80045}
[2026-02-16 19:37:00] [INFO] Created product | Context: {"external_id":1370420,"product_id":80046}
[2026-02-16 19:37:00] [INFO] Created product | Context: {"external_id":1370405,"product_id":80047}
[2026-02-16 19:37:00] [INFO] Created product | Context: {"external_id":1366091,"product_id":80048}
[2026-02-16 19:37:00] [INFO] Created product | Context: {"external_id":1366076,"product_id":80049}
[2026-02-16 19:37:00] [INFO] Created product | Context: {"external_id":1365984,"product_id":80050}
[2026-02-16 19:37:00] [INFO] Created product | Context: {"external_id":1357345,"product_id":80051}
[2026-02-16 19:37:01] [INFO] Created product | Context: {"external_id":1357309,"product_id":80052}
[2026-02-16 19:37:01] [INFO] Created product | Context: {"external_id":1351372,"product_id":80053}
[2026-02-16 19:37:01] [INFO] Created product | Context: {"external_id":1341282,"product_id":80054}
[2026-02-16 19:37:01] [INFO] Created product | Context: {"external_id":1335229,"product_id":80055}
[2026-02-16 19:37:01] [INFO] Batch processed | Context: {"offset":2800,"total":3218}
[2026-02-16 19:37:03] [INFO] Created product | Context: {"external_id":1335219,"product_id":80056}
[2026-02-16 19:37:03] [INFO] Created product | Context: {"external_id":1309386,"product_id":80057}
[2026-02-16 19:37:03] [INFO] Created product | Context: {"external_id":1292954,"product_id":80058}
[2026-02-16 19:37:04] [INFO] Created product | Context: {"external_id":1292825,"product_id":80059}
[2026-02-16 19:37:04] [INFO] Created product | Context: {"external_id":1484250,"product_id":80060}
[2026-02-16 19:37:04] [INFO] Created product | Context: {"external_id":1479818,"product_id":80061}
[2026-02-16 19:37:04] [INFO] Created product | Context: {"external_id":1476353,"product_id":80062}
[2026-02-16 19:37:04] [INFO] Created product | Context: {"external_id":1472015,"product_id":80063}
[2026-02-16 19:37:04] [INFO] Created product | Context: {"external_id":1470138,"product_id":80064}
[2026-02-16 19:37:04] [INFO] Created product | Context: {"external_id":1370785,"product_id":80065}
[2026-02-16 19:37:05] [INFO] Created product | Context: {"external_id":1370770,"product_id":80066}
[2026-02-16 19:37:05] [INFO] Created product | Context: {"external_id":1370461,"product_id":80067}
[2026-02-16 19:37:05] [INFO] Created product | Context: {"external_id":1370438,"product_id":80068}
[2026-02-16 19:37:05] [INFO] Created product | Context: {"external_id":1370417,"product_id":80069}
[2026-02-16 19:37:05] [INFO] Created product | Context: {"external_id":1370414,"product_id":80070}
[2026-02-16 19:37:05] [INFO] Created product | Context: {"external_id":1370408,"product_id":80071}
[2026-02-16 19:37:05] [INFO] Created product | Context: {"external_id":1368953,"product_id":80072}
[2026-02-16 19:37:06] [INFO] Created product | Context: {"external_id":1367648,"product_id":80073}
[2026-02-16 19:37:06] [INFO] Created product | Context: {"external_id":1366069,"product_id":80074}
[2026-02-16 19:37:06] [INFO] Created product | Context: {"external_id":1366005,"product_id":80075}
[2026-02-16 19:37:06] [INFO] Created product | Context: {"external_id":1365932,"product_id":80076}
[2026-02-16 19:37:06] [INFO] Created product | Context: {"external_id":1365848,"product_id":80077}
[2026-02-16 19:37:06] [INFO] Created product | Context: {"external_id":1357556,"product_id":80078}
[2026-02-16 19:37:06] [INFO] Created product | Context: {"external_id":1357369,"product_id":80079}
[2026-02-16 19:37:07] [INFO] Created product | Context: {"external_id":1354799,"product_id":80080}
[2026-02-16 19:37:07] [INFO] Created product | Context: {"external_id":1353905,"product_id":80081}
[2026-02-16 19:37:07] [INFO] Created product | Context: {"external_id":1353329,"product_id":80082}
[2026-02-16 19:37:07] [INFO] Created product | Context: {"external_id":1351374,"product_id":80083}
[2026-02-16 19:37:07] [INFO] Created product | Context: {"external_id":1351360,"product_id":80084}
[2026-02-16 19:37:08] [INFO] Created product | Context: {"external_id":1347766,"product_id":80085}
[2026-02-16 19:37:08] [INFO] Created product | Context: {"external_id":1341278,"product_id":80086}
[2026-02-16 19:37:08] [INFO] Created product | Context: {"external_id":1335225,"product_id":80087}
[2026-02-16 19:37:08] [INFO] Created product | Context: {"external_id":1335222,"product_id":80088}
[2026-02-16 19:37:08] [INFO] Created product | Context: {"external_id":1335215,"product_id":80089}
[2026-02-16 19:37:08] [INFO] Created product | Context: {"external_id":1331953,"product_id":80090}
[2026-02-16 19:37:09] [INFO] Created product | Context: {"external_id":1292983,"product_id":80091}
[2026-02-16 19:37:09] [INFO] Created product | Context: {"external_id":1292980,"product_id":80092}
[2026-02-16 19:37:09] [INFO] Created product | Context: {"external_id":1292953,"product_id":80093}
[2026-02-16 19:37:09] [INFO] Created product | Context: {"external_id":1292898,"product_id":80094}
[2026-02-16 19:37:09] [INFO] Created product | Context: {"external_id":1283416,"product_id":80095}
[2026-02-16 19:37:09] [INFO] Created product | Context: {"external_id":1263785,"product_id":80096}
[2026-02-16 19:37:10] [INFO] Created product | Context: {"external_id":1233191,"product_id":80097}
[2026-02-16 19:37:10] [INFO] Created product | Context: {"external_id":1212378,"product_id":80098}
[2026-02-16 19:37:10] [INFO] Created product | Context: {"external_id":1486135,"product_id":80099}
[2026-02-16 19:37:10] [INFO] Created product | Context: {"external_id":1484480,"product_id":80100}
[2026-02-16 19:37:10] [INFO] Created product | Context: {"external_id":1479825,"product_id":80101}
[2026-02-16 19:37:10] [INFO] Created product | Context: {"external_id":1476557,"product_id":80102}
[2026-02-16 19:37:10] [INFO] Created product | Context: {"external_id":1476554,"product_id":80103}
[2026-02-16 19:37:11] [INFO] Created product | Context: {"external_id":1476549,"product_id":80104}
[2026-02-16 19:37:11] [INFO] Created product | Context: {"external_id":1476543,"product_id":80105}
[2026-02-16 19:37:11] [INFO] Batch processed | Context: {"offset":2850,"total":3218}
[2026-02-16 19:37:12] [INFO] Created product | Context: {"external_id":1476539,"product_id":80106}
[2026-02-16 19:37:12] [INFO] Created product | Context: {"external_id":1476536,"product_id":80107}
[2026-02-16 19:37:12] [INFO] Created product | Context: {"external_id":1476350,"product_id":80108}
[2026-02-16 19:37:13] [INFO] Created product | Context: {"external_id":1470140,"product_id":80109}
[2026-02-16 19:37:13] [INFO] Created product | Context: {"external_id":1456529,"product_id":80110}
[2026-02-16 19:37:13] [INFO] Created product | Context: {"external_id":1456528,"product_id":80111}
[2026-02-16 19:37:13] [INFO] Created product | Context: {"external_id":1454731,"product_id":80112}
[2026-02-16 19:37:13] [INFO] Created product | Context: {"external_id":1370773,"product_id":80113}
[2026-02-16 19:37:13] [INFO] Created product | Context: {"external_id":1370459,"product_id":80114}
[2026-02-16 19:37:14] [INFO] Created product | Context: {"external_id":1370451,"product_id":80115}
[2026-02-16 19:37:14] [INFO] Created product | Context: {"external_id":1370450,"product_id":80116}
[2026-02-16 19:37:14] [INFO] Created product | Context: {"external_id":1370444,"product_id":80117}
[2026-02-16 19:37:14] [INFO] Created product | Context: {"external_id":1370434,"product_id":80118}
[2026-02-16 19:37:14] [INFO] Created product | Context: {"external_id":1370430,"product_id":80119}
[2026-02-16 19:37:14] [INFO] Created product | Context: {"external_id":1370424,"product_id":80120}
[2026-02-16 19:37:14] [INFO] Created product | Context: {"external_id":1370413,"product_id":80121}
[2026-02-16 19:37:15] [INFO] Created product | Context: {"external_id":1368952,"product_id":80122}
[2026-02-16 19:37:15] [INFO] Created product | Context: {"external_id":1367471,"product_id":80123}
[2026-02-16 19:37:15] [INFO] Created product | Context: {"external_id":1366093,"product_id":80124}
[2026-02-16 19:37:15] [INFO] Created product | Context: {"external_id":1366036,"product_id":80125}
[2026-02-16 19:37:15] [INFO] Created product | Context: {"external_id":1366030,"product_id":80126}
[2026-02-16 19:37:15] [INFO] Created product | Context: {"external_id":1366024,"product_id":80127}
[2026-02-16 19:37:16] [INFO] Created product | Context: {"external_id":1366004,"product_id":80128}
[2026-02-16 19:37:16] [INFO] Created product | Context: {"external_id":1365896,"product_id":80129}
[2026-02-16 19:37:16] [INFO] Created product | Context: {"external_id":1365871,"product_id":80130}
[2026-02-16 19:37:16] [INFO] Created product | Context: {"external_id":1365830,"product_id":80131}
[2026-02-16 19:37:16] [INFO] Created product | Context: {"external_id":1363192,"product_id":80132}
[2026-02-16 19:37:16] [INFO] Created product | Context: {"external_id":1360373,"product_id":80133}
[2026-02-16 19:37:17] [INFO] Created product | Context: {"external_id":1357801,"product_id":80134}
[2026-02-16 19:37:17] [INFO] Created product | Context: {"external_id":1357391,"product_id":80135}
[2026-02-16 19:37:17] [INFO] Created product | Context: {"external_id":1357385,"product_id":80136}
[2026-02-16 19:37:17] [INFO] Created product | Context: {"external_id":1357363,"product_id":80137}
[2026-02-16 19:37:17] [INFO] Created product | Context: {"external_id":1357355,"product_id":80138}
[2026-02-16 19:37:17] [INFO] Created product | Context: {"external_id":1357324,"product_id":80139}
[2026-02-16 19:37:17] [INFO] Created product | Context: {"external_id":1354859,"product_id":80140}
[2026-02-16 19:37:18] [INFO] Created product | Context: {"external_id":1354855,"product_id":80141}
[2026-02-16 19:37:18] [INFO] Created product | Context: {"external_id":1354381,"product_id":80142}
[2026-02-16 19:37:18] [INFO] Created product | Context: {"external_id":1354366,"product_id":80143}
[2026-02-16 19:37:18] [INFO] Created product | Context: {"external_id":1353914,"product_id":80144}
[2026-02-16 19:37:18] [INFO] Created product | Context: {"external_id":1353907,"product_id":80145}
[2026-02-16 19:37:18] [INFO] Created product | Context: {"external_id":1351377,"product_id":80146}
[2026-02-16 19:37:19] [INFO] Created product | Context: {"external_id":1348502,"product_id":80147}
[2026-02-16 19:37:19] [INFO] Created product | Context: {"external_id":1348479,"product_id":80148}
[2026-02-16 19:37:19] [INFO] Created product | Context: {"external_id":1347767,"product_id":80149}
[2026-02-16 19:37:19] [INFO] Created product | Context: {"external_id":1347764,"product_id":80150}
[2026-02-16 19:37:19] [INFO] Created product | Context: {"external_id":1347761,"product_id":80151}
[2026-02-16 19:37:19] [INFO] Created product | Context: {"external_id":1347760,"product_id":80152}
[2026-02-16 19:37:20] [INFO] Created product | Context: {"external_id":1341288,"product_id":80153}
[2026-02-16 19:37:20] [INFO] Created product | Context: {"external_id":1340161,"product_id":80154}
[2026-02-16 19:37:20] [INFO] Created product | Context: {"external_id":1335223,"product_id":80155}
[2026-02-16 19:37:20] [INFO] Batch processed | Context: {"offset":2900,"total":3218}
[2026-02-16 19:37:22] [INFO] Created product | Context: {"external_id":1335220,"product_id":80156}
[2026-02-16 19:37:22] [INFO] Created product | Context: {"external_id":1335156,"product_id":80157}
[2026-02-16 19:37:22] [INFO] Created product | Context: {"external_id":1332190,"product_id":80158}
[2026-02-16 19:37:23] [INFO] Created product | Context: {"external_id":1331955,"product_id":80159}
[2026-02-16 19:37:23] [INFO] Created product | Context: {"external_id":1331177,"product_id":80160}
[2026-02-16 19:37:23] [INFO] Created product | Context: {"external_id":1331171,"product_id":80161}
[2026-02-16 19:37:23] [INFO] Created product | Context: {"external_id":1331164,"product_id":80162}
[2026-02-16 19:37:23] [INFO] Created product | Context: {"external_id":1331156,"product_id":80163}
[2026-02-16 19:37:23] [INFO] Created product | Context: {"external_id":1327690,"product_id":80164}
[2026-02-16 19:37:24] [INFO] Created product | Context: {"external_id":1327676,"product_id":80165}
[2026-02-16 19:37:24] [INFO] Created product | Context: {"external_id":1292985,"product_id":80166}
[2026-02-16 19:37:24] [INFO] Created product | Context: {"external_id":1292964,"product_id":80167}
[2026-02-16 19:37:24] [INFO] Created product | Context: {"external_id":1292961,"product_id":80168}
[2026-02-16 19:37:24] [INFO] Created product | Context: {"external_id":1292950,"product_id":80169}
[2026-02-16 19:37:24] [INFO] Created product | Context: {"external_id":1292900,"product_id":80170}
[2026-02-16 19:37:24] [INFO] Created product | Context: {"external_id":1292221,"product_id":80171}
[2026-02-16 19:37:25] [INFO] Created product | Context: {"external_id":1291300,"product_id":80172}
[2026-02-16 19:37:25] [INFO] Created product | Context: {"external_id":1283447,"product_id":80173}
[2026-02-16 19:37:25] [INFO] Created product | Context: {"external_id":1212363,"product_id":80174}
[2026-02-16 19:37:25] [INFO] Created product | Context: {"external_id":1487422,"product_id":80175}
[2026-02-16 19:37:25] [INFO] Created product | Context: {"external_id":1487421,"product_id":80176}
[2026-02-16 19:37:25] [INFO] Created product | Context: {"external_id":1487420,"product_id":80177}
[2026-02-16 19:37:26] [INFO] Created product | Context: {"external_id":1487419,"product_id":80178}
[2026-02-16 19:37:26] [INFO] Created product | Context: {"external_id":1487418,"product_id":80179}
[2026-02-16 19:37:26] [INFO] Created product | Context: {"external_id":1487417,"product_id":80180}
[2026-02-16 19:37:26] [INFO] Created product | Context: {"external_id":1487416,"product_id":80181}
[2026-02-16 19:37:27] [INFO] Created product | Context: {"external_id":1487408,"product_id":80182}
[2026-02-16 19:37:27] [INFO] Created product | Context: {"external_id":1487407,"product_id":80183}
[2026-02-16 19:37:28] [INFO] Created product | Context: {"external_id":1487406,"product_id":80184}
[2026-02-16 19:37:28] [INFO] Created product | Context: {"external_id":1487405,"product_id":80185}
[2026-02-16 19:37:28] [INFO] Created product | Context: {"external_id":1487313,"product_id":80186}
[2026-02-16 19:37:28] [INFO] Created product | Context: {"external_id":1487312,"product_id":80187}
[2026-02-16 19:37:28] [INFO] Created product | Context: {"external_id":1486887,"product_id":80188}
[2026-02-16 19:37:28] [INFO] Created product | Context: {"external_id":1484834,"product_id":80189}
[2026-02-16 19:37:29] [INFO] Created product | Context: {"external_id":1483537,"product_id":80190}
[2026-02-16 19:37:29] [INFO] Created product | Context: {"external_id":1483536,"product_id":80191}
[2026-02-16 19:37:29] [INFO] Created product | Context: {"external_id":1483535,"product_id":80192}
[2026-02-16 19:37:29] [INFO] Created product | Context: {"external_id":1483534,"product_id":80193}
[2026-02-16 19:37:29] [INFO] Created product | Context: {"external_id":1483533,"product_id":80194}
[2026-02-16 19:37:29] [INFO] Created product | Context: {"external_id":1483531,"product_id":80195}
[2026-02-16 19:37:30] [INFO] Created product | Context: {"external_id":1483527,"product_id":80196}
[2026-02-16 19:37:30] [INFO] Created product | Context: {"external_id":1481017,"product_id":80197}
[2026-02-16 19:37:30] [INFO] Created product | Context: {"external_id":1481016,"product_id":80198}
[2026-02-16 19:37:30] [INFO] Created product | Context: {"external_id":1481015,"product_id":80199}
[2026-02-16 19:37:30] [INFO] Created product | Context: {"external_id":1481014,"product_id":80200}
[2026-02-16 19:37:30] [INFO] Created product | Context: {"external_id":1479823,"product_id":80201}
[2026-02-16 19:37:31] [INFO] Created product | Context: {"external_id":1479821,"product_id":80202}
[2026-02-16 19:37:31] [INFO] Created product | Context: {"external_id":1479820,"product_id":80203}
[2026-02-16 19:37:31] [INFO] Created product | Context: {"external_id":1479816,"product_id":80204}
[2026-02-16 19:37:31] [INFO] Created product | Context: {"external_id":1479814,"product_id":80205}
[2026-02-16 19:37:31] [INFO] Batch processed | Context: {"offset":2950,"total":3218}
[2026-02-16 19:37:34] [INFO] Created product | Context: {"external_id":1479811,"product_id":80206}
[2026-02-16 19:37:34] [INFO] Created product | Context: {"external_id":1476556,"product_id":80207}
[2026-02-16 19:37:35] [INFO] Created product | Context: {"external_id":1476555,"product_id":80208}
[2026-02-16 19:37:35] [INFO] Created product | Context: {"external_id":1476553,"product_id":80209}
[2026-02-16 19:37:35] [INFO] Created product | Context: {"external_id":1476552,"product_id":80210}
[2026-02-16 19:37:35] [INFO] Created product | Context: {"external_id":1476551,"product_id":80211}
[2026-02-16 19:37:35] [INFO] Created product | Context: {"external_id":1476550,"product_id":80212}
[2026-02-16 19:37:35] [INFO] Created product | Context: {"external_id":1476548,"product_id":80213}
[2026-02-16 19:37:36] [INFO] Created product | Context: {"external_id":1476547,"product_id":80214}
[2026-02-16 19:37:36] [INFO] Created product | Context: {"external_id":1476546,"product_id":80215}
[2026-02-16 19:37:36] [INFO] Created product | Context: {"external_id":1476545,"product_id":80216}
[2026-02-16 19:37:36] [INFO] Created product | Context: {"external_id":1476544,"product_id":80217}
[2026-02-16 19:37:36] [INFO] Created product | Context: {"external_id":1476542,"product_id":80218}
[2026-02-16 19:37:36] [INFO] Created product | Context: {"external_id":1476541,"product_id":80219}
[2026-02-16 19:37:37] [INFO] Created product | Context: {"external_id":1476538,"product_id":80220}
[2026-02-16 19:37:37] [INFO] Created product | Context: {"external_id":1476537,"product_id":80221}
[2026-02-16 19:37:37] [INFO] Created product | Context: {"external_id":1476535,"product_id":80222}
[2026-02-16 19:37:37] [INFO] Created product | Context: {"external_id":1476296,"product_id":80223}
[2026-02-16 19:37:37] [INFO] Created product | Context: {"external_id":1476054,"product_id":80224}
[2026-02-16 19:37:37] [INFO] Created product | Context: {"external_id":1476053,"product_id":80225}
[2026-02-16 19:37:38] [INFO] Created product | Context: {"external_id":1456535,"product_id":80226}
[2026-02-16 19:37:38] [INFO] Created product | Context: {"external_id":1456526,"product_id":80227}
[2026-02-16 19:37:38] [INFO] Created product | Context: {"external_id":1456525,"product_id":80228}
[2026-02-16 19:37:38] [INFO] Created product | Context: {"external_id":1456524,"product_id":80229}
[2026-02-16 19:37:38] [INFO] Created product | Context: {"external_id":1456523,"product_id":80230}
[2026-02-16 19:37:38] [INFO] Created product | Context: {"external_id":1456522,"product_id":80231}
[2026-02-16 19:37:39] [INFO] Created product | Context: {"external_id":1455466,"product_id":80232}
[2026-02-16 19:37:39] [INFO] Created product | Context: {"external_id":1454732,"product_id":80233}
[2026-02-16 19:37:39] [INFO] Created product | Context: {"external_id":1454730,"product_id":80234}
[2026-02-16 19:37:39] [INFO] Created product | Context: {"external_id":1370786,"product_id":80235}
[2026-02-16 19:37:39] [INFO] Created product | Context: {"external_id":1370577,"product_id":80236}
[2026-02-16 19:37:39] [INFO] Created product | Context: {"external_id":1370572,"product_id":80237}
[2026-02-16 19:37:40] [INFO] Created product | Context: {"external_id":1370463,"product_id":80238}
[2026-02-16 19:37:40] [INFO] Created product | Context: {"external_id":1370462,"product_id":80239}
[2026-02-16 19:37:40] [INFO] Created product | Context: {"external_id":1370460,"product_id":80240}
[2026-02-16 19:37:40] [INFO] Created product | Context: {"external_id":1370457,"product_id":80241}
[2026-02-16 19:37:40] [INFO] Created product | Context: {"external_id":1370456,"product_id":80242}
[2026-02-16 19:37:40] [INFO] Created product | Context: {"external_id":1370454,"product_id":80243}
[2026-02-16 19:37:41] [INFO] Created product | Context: {"external_id":1370453,"product_id":80244}
[2026-02-16 19:37:41] [INFO] Created product | Context: {"external_id":1370448,"product_id":80245}
[2026-02-16 19:37:41] [INFO] Created product | Context: {"external_id":1370447,"product_id":80246}
[2026-02-16 19:37:41] [INFO] Created product | Context: {"external_id":1370445,"product_id":80247}
[2026-02-16 19:37:41] [INFO] Created product | Context: {"external_id":1370442,"product_id":80248}
[2026-02-16 19:37:41] [INFO] Created product | Context: {"external_id":1370439,"product_id":80249}
[2026-02-16 19:37:41] [INFO] Created product | Context: {"external_id":1370437,"product_id":80250}
[2026-02-16 19:37:42] [INFO] Created product | Context: {"external_id":1370436,"product_id":80251}
[2026-02-16 19:37:42] [INFO] Created product | Context: {"external_id":1370435,"product_id":80252}
[2026-02-16 19:37:42] [INFO] Created product | Context: {"external_id":1370433,"product_id":80253}
[2026-02-16 19:37:42] [INFO] Created product | Context: {"external_id":1370432,"product_id":80254}
[2026-02-16 19:37:42] [INFO] Created product | Context: {"external_id":1370431,"product_id":80255}
[2026-02-16 19:37:42] [INFO] Batch processed | Context: {"offset":3000,"total":3218}
[2026-02-16 19:37:44] [INFO] Created product | Context: {"external_id":1370429,"product_id":80256}
[2026-02-16 19:37:44] [INFO] Created product | Context: {"external_id":1370428,"product_id":80257}
[2026-02-16 19:37:45] [INFO] Created product | Context: {"external_id":1370427,"product_id":80258}
[2026-02-16 19:37:45] [INFO] Created product | Context: {"external_id":1370426,"product_id":80259}
[2026-02-16 19:37:45] [INFO] Created product | Context: {"external_id":1370425,"product_id":80260}
[2026-02-16 19:37:45] [INFO] Created product | Context: {"external_id":1370423,"product_id":80261}
[2026-02-16 19:37:45] [INFO] Created product | Context: {"external_id":1370419,"product_id":80262}
[2026-02-16 19:37:45] [INFO] Created product | Context: {"external_id":1370418,"product_id":80263}
[2026-02-16 19:37:45] [INFO] Created product | Context: {"external_id":1370416,"product_id":80264}
[2026-02-16 19:37:46] [INFO] Created product | Context: {"external_id":1370415,"product_id":80265}
[2026-02-16 19:37:46] [INFO] Created product | Context: {"external_id":1370410,"product_id":80266}
[2026-02-16 19:37:46] [INFO] Created product | Context: {"external_id":1370409,"product_id":80267}
[2026-02-16 19:37:46] [INFO] Created product | Context: {"external_id":1369285,"product_id":80268}
[2026-02-16 19:37:46] [INFO] Created product | Context: {"external_id":1369283,"product_id":80269}
[2026-02-16 19:37:46] [INFO] Created product | Context: {"external_id":1368949,"product_id":80270}
[2026-02-16 19:37:46] [INFO] Created product | Context: {"external_id":1366109,"product_id":80271}
[2026-02-16 19:37:47] [INFO] Created product | Context: {"external_id":1366107,"product_id":80272}
[2026-02-16 19:37:47] [INFO] Created product | Context: {"external_id":1366103,"product_id":80273}
[2026-02-16 19:37:47] [INFO] Created product | Context: {"external_id":1366099,"product_id":80274}
[2026-02-16 19:37:47] [INFO] Created product | Context: {"external_id":1366038,"product_id":80275}
[2026-02-16 19:37:47] [INFO] Created product | Context: {"external_id":1366028,"product_id":80276}
[2026-02-16 19:37:47] [INFO] Created product | Context: {"external_id":1366009,"product_id":80277}
[2026-02-16 19:37:48] [INFO] Created product | Context: {"external_id":1366008,"product_id":80278}
[2026-02-16 19:37:48] [INFO] Created product | Context: {"external_id":1366007,"product_id":80279}
[2026-02-16 19:37:48] [INFO] Created product | Context: {"external_id":1366006,"product_id":80280}
[2026-02-16 19:37:48] [INFO] Created product | Context: {"external_id":1366003,"product_id":80281}
[2026-02-16 19:37:48] [INFO] Created product | Context: {"external_id":1366000,"product_id":80282}
[2026-02-16 19:37:48] [INFO] Created product | Context: {"external_id":1365998,"product_id":80283}
[2026-02-16 19:37:49] [INFO] Created product | Context: {"external_id":1365996,"product_id":80284}
[2026-02-16 19:37:49] [INFO] Created product | Context: {"external_id":1365975,"product_id":80285}
[2026-02-16 19:37:49] [INFO] Created product | Context: {"external_id":1365967,"product_id":80286}
[2026-02-16 19:37:49] [INFO] Created product | Context: {"external_id":1365940,"product_id":80287}
[2026-02-16 19:37:49] [INFO] Created product | Context: {"external_id":1365936,"product_id":80288}
[2026-02-16 19:37:49] [INFO] Created product | Context: {"external_id":1365897,"product_id":80289}
[2026-02-16 19:37:50] [INFO] Created product | Context: {"external_id":1365855,"product_id":80290}
[2026-02-16 19:37:50] [INFO] Created product | Context: {"external_id":1365850,"product_id":80291}
[2026-02-16 19:37:50] [INFO] Created product | Context: {"external_id":1365834,"product_id":80292}
[2026-02-16 19:37:50] [INFO] Created product | Context: {"external_id":1362963,"product_id":80293}
[2026-02-16 19:37:50] [INFO] Created product | Context: {"external_id":1360375,"product_id":80294}
[2026-02-16 19:37:50] [INFO] Created product | Context: {"external_id":1360374,"product_id":80295}
[2026-02-16 19:37:51] [INFO] Created product | Context: {"external_id":1357803,"product_id":80296}
[2026-02-16 19:37:51] [INFO] Created product | Context: {"external_id":1357800,"product_id":80297}
[2026-02-16 19:37:51] [INFO] Created product | Context: {"external_id":1357798,"product_id":80298}
[2026-02-16 19:37:51] [INFO] Created product | Context: {"external_id":1357564,"product_id":80299}
[2026-02-16 19:37:51] [INFO] Created product | Context: {"external_id":1357563,"product_id":80300}
[2026-02-16 19:37:51] [INFO] Created product | Context: {"external_id":1357562,"product_id":80301}
[2026-02-16 19:37:52] [INFO] Created product | Context: {"external_id":1357561,"product_id":80302}
[2026-02-16 19:37:52] [INFO] Created product | Context: {"external_id":1357559,"product_id":80303}
[2026-02-16 19:37:52] [INFO] Created product | Context: {"external_id":1357558,"product_id":80304}
[2026-02-16 19:37:52] [INFO] Created product | Context: {"external_id":1357555,"product_id":80305}
[2026-02-16 19:37:52] [INFO] Batch processed | Context: {"offset":3050,"total":3218}
[2026-02-16 19:37:54] [INFO] Created product | Context: {"external_id":1357554,"product_id":80306}
[2026-02-16 19:37:54] [INFO] Created product | Context: {"external_id":1357553,"product_id":80307}
[2026-02-16 19:37:55] [INFO] Created product | Context: {"external_id":1357085,"product_id":80308}
[2026-02-16 19:37:55] [INFO] Created product | Context: {"external_id":1354858,"product_id":80309}
[2026-02-16 19:37:55] [INFO] Created product | Context: {"external_id":1354809,"product_id":80310}
[2026-02-16 19:37:55] [INFO] Created product | Context: {"external_id":1354803,"product_id":80311}
[2026-02-16 19:37:55] [INFO] Created product | Context: {"external_id":1354802,"product_id":80312}
[2026-02-16 19:37:55] [INFO] Created product | Context: {"external_id":1354801,"product_id":80313}
[2026-02-16 19:37:56] [INFO] Created product | Context: {"external_id":1354671,"product_id":80314}
[2026-02-16 19:37:56] [INFO] Created product | Context: {"external_id":1353913,"product_id":80315}
[2026-02-16 19:37:56] [INFO] Created product | Context: {"external_id":1353912,"product_id":80316}
[2026-02-16 19:37:56] [INFO] Created product | Context: {"external_id":1353911,"product_id":80317}
[2026-02-16 19:37:56] [INFO] Created product | Context: {"external_id":1353910,"product_id":80318}
[2026-02-16 19:37:56] [INFO] Created product | Context: {"external_id":1353909,"product_id":80319}
[2026-02-16 19:37:57] [INFO] Created product | Context: {"external_id":1353908,"product_id":80320}
[2026-02-16 19:37:57] [INFO] Created product | Context: {"external_id":1353906,"product_id":80321}
[2026-02-16 19:37:57] [INFO] Created product | Context: {"external_id":1353903,"product_id":80322}
[2026-02-16 19:37:57] [INFO] Created product | Context: {"external_id":1353902,"product_id":80323}
[2026-02-16 19:37:57] [INFO] Created product | Context: {"external_id":1353901,"product_id":80324}
[2026-02-16 19:37:58] [INFO] Created product | Context: {"external_id":1353900,"product_id":80325}
[2026-02-16 19:37:58] [INFO] Created product | Context: {"external_id":1351371,"product_id":80326}
[2026-02-16 19:37:58] [INFO] Created product | Context: {"external_id":1348500,"product_id":80327}
[2026-02-16 19:37:58] [INFO] Created product | Context: {"external_id":1347768,"product_id":80328}
[2026-02-16 19:37:58] [INFO] Created product | Context: {"external_id":1347765,"product_id":80329}
[2026-02-16 19:37:58] [INFO] Created product | Context: {"external_id":1347763,"product_id":80330}
[2026-02-16 19:37:58] [INFO] Created product | Context: {"external_id":1347762,"product_id":80331}
[2026-02-16 19:37:59] [INFO] Created product | Context: {"external_id":1347759,"product_id":80332}
[2026-02-16 19:37:59] [INFO] Created product | Context: {"external_id":1341289,"product_id":80333}
[2026-02-16 19:37:59] [INFO] Created product | Context: {"external_id":1341285,"product_id":80334}
[2026-02-16 19:37:59] [INFO] Created product | Context: {"external_id":1341283,"product_id":80335}
[2026-02-16 19:37:59] [INFO] Created product | Context: {"external_id":1341281,"product_id":80336}
[2026-02-16 19:37:59] [INFO] Created product | Context: {"external_id":1341273,"product_id":80337}
[2026-02-16 19:38:00] [INFO] Created product | Context: {"external_id":1335228,"product_id":80338}
[2026-02-16 19:38:00] [INFO] Created product | Context: {"external_id":1335227,"product_id":80339}
[2026-02-16 19:38:00] [INFO] Created product | Context: {"external_id":1335226,"product_id":80340}
[2026-02-16 19:38:00] [INFO] Created product | Context: {"external_id":1335224,"product_id":80341}
[2026-02-16 19:38:00] [INFO] Created product | Context: {"external_id":1335221,"product_id":80342}
[2026-02-16 19:38:00] [INFO] Created product | Context: {"external_id":1335218,"product_id":80343}
[2026-02-16 19:38:01] [INFO] Created product | Context: {"external_id":1335217,"product_id":80344}
[2026-02-16 19:38:01] [INFO] Created product | Context: {"external_id":1335216,"product_id":80345}
[2026-02-16 19:38:01] [INFO] Created product | Context: {"external_id":1335213,"product_id":80346}
[2026-02-16 19:38:01] [INFO] Created product | Context: {"external_id":1335212,"product_id":80347}
[2026-02-16 19:38:01] [INFO] Created product | Context: {"external_id":1335211,"product_id":80348}
[2026-02-16 19:38:01] [INFO] Created product | Context: {"external_id":1335210,"product_id":80349}
[2026-02-16 19:38:02] [INFO] Created product | Context: {"external_id":1332295,"product_id":80350}
[2026-02-16 19:38:02] [INFO] Created product | Context: {"external_id":1331587,"product_id":80351}
[2026-02-16 19:38:02] [INFO] Created product | Context: {"external_id":1331190,"product_id":80352}
[2026-02-16 19:38:02] [INFO] Created product | Context: {"external_id":1331188,"product_id":80353}
[2026-02-16 19:38:02] [INFO] Created product | Context: {"external_id":1331185,"product_id":80354}
[2026-02-16 19:38:02] [INFO] Created product | Context: {"external_id":1331184,"product_id":80355}
[2026-02-16 19:38:02] [INFO] Batch processed | Context: {"offset":3100,"total":3218}
[2026-02-16 19:38:05] [INFO] Created product | Context: {"external_id":1331180,"product_id":80356}
[2026-02-16 19:38:05] [INFO] Created product | Context: {"external_id":1331178,"product_id":80357}
[2026-02-16 19:38:05] [INFO] Created product | Context: {"external_id":1331175,"product_id":80358}
[2026-02-16 19:38:05] [INFO] Created product | Context: {"external_id":1331173,"product_id":80359}
[2026-02-16 19:38:05] [INFO] Created product | Context: {"external_id":1331170,"product_id":80360}
[2026-02-16 19:38:05] [INFO] Created product | Context: {"external_id":1331157,"product_id":80361}
[2026-02-16 19:38:06] [INFO] Created product | Context: {"external_id":1331153,"product_id":80362}
[2026-02-16 19:38:06] [INFO] Created product | Context: {"external_id":1327853,"product_id":80363}
[2026-02-16 19:38:06] [INFO] Created product | Context: {"external_id":1327852,"product_id":80364}
[2026-02-16 19:38:06] [INFO] Created product | Context: {"external_id":1327689,"product_id":80365}
[2026-02-16 19:38:06] [INFO] Created product | Context: {"external_id":1327688,"product_id":80366}
[2026-02-16 19:38:06] [INFO] Created product | Context: {"external_id":1327677,"product_id":80367}
[2026-02-16 19:38:07] [INFO] Created product | Context: {"external_id":1327672,"product_id":80368}
[2026-02-16 19:38:07] [INFO] Created product | Context: {"external_id":1327671,"product_id":80369}
[2026-02-16 19:38:07] [INFO] Created product | Context: {"external_id":1327670,"product_id":80370}
[2026-02-16 19:38:07] [INFO] Created product | Context: {"external_id":1326817,"product_id":80371}
[2026-02-16 19:38:07] [INFO] Created product | Context: {"external_id":1326816,"product_id":80372}
[2026-02-16 19:38:07] [INFO] Created product | Context: {"external_id":1326815,"product_id":80373}
[2026-02-16 19:38:08] [INFO] Created product | Context: {"external_id":1321489,"product_id":80374}
[2026-02-16 19:38:08] [INFO] Created product | Context: {"external_id":1308586,"product_id":80375}
[2026-02-16 19:38:08] [INFO] Created product | Context: {"external_id":1308581,"product_id":80376}
[2026-02-16 19:38:08] [INFO] Created product | Context: {"external_id":1308580,"product_id":80377}
[2026-02-16 19:38:08] [INFO] Created product | Context: {"external_id":1308577,"product_id":80378}
[2026-02-16 19:38:08] [INFO] Created product | Context: {"external_id":1301254,"product_id":80379}
[2026-02-16 19:38:09] [INFO] Created product | Context: {"external_id":1292992,"product_id":80380}
[2026-02-16 19:38:09] [INFO] Created product | Context: {"external_id":1292958,"product_id":80381}
[2026-02-16 19:38:09] [INFO] Created product | Context: {"external_id":1292327,"product_id":80382}
[2026-02-16 19:38:09] [INFO] Created product | Context: {"external_id":1292219,"product_id":80383}
[2026-02-16 19:38:09] [INFO] Created product | Context: {"external_id":1289576,"product_id":80384}
[2026-02-16 19:38:09] [INFO] Created product | Context: {"external_id":1283444,"product_id":80385}
[2026-02-16 19:38:10] [INFO] Created product | Context: {"external_id":1283440,"product_id":80386}
[2026-02-16 19:38:10] [INFO] Created product | Context: {"external_id":1283430,"product_id":80387}
[2026-02-16 19:38:10] [INFO] Created product | Context: {"external_id":1283418,"product_id":80388}
[2026-02-16 19:38:10] [INFO] Created product | Context: {"external_id":1283417,"product_id":80389}
[2026-02-16 19:38:10] [INFO] Created product | Context: {"external_id":1263782,"product_id":80390}
[2026-02-16 19:38:10] [INFO] Created product | Context: {"external_id":1260796,"product_id":80391}
[2026-02-16 19:38:11] [INFO] Created product | Context: {"external_id":1248316,"product_id":80392}
[2026-02-16 19:38:11] [INFO] Created product | Context: {"external_id":1322290,"product_id":80393}
[2026-02-16 19:38:11] [INFO] Created product | Context: {"external_id":1322289,"product_id":80394}
[2026-02-16 19:38:11] [INFO] Created product | Context: {"external_id":1292432,"product_id":80395}
[2026-02-16 19:38:11] [INFO] Created product | Context: {"external_id":1322287,"product_id":80396}
[2026-02-16 19:38:11] [INFO] Created product | Context: {"external_id":1322285,"product_id":80397}
[2026-02-16 19:38:12] [INFO] Created product | Context: {"external_id":1292431,"product_id":80398}
[2026-02-16 19:38:12] [INFO] Created product | Context: {"external_id":1322279,"product_id":80399}
[2026-02-16 19:38:12] [INFO] Created product | Context: {"external_id":1322280,"product_id":80400}
[2026-02-16 19:38:12] [INFO] Created product | Context: {"external_id":1322286,"product_id":80401}
[2026-02-16 19:38:12] [INFO] Created product | Context: {"external_id":1322288,"product_id":80402}
[2026-02-16 19:38:12] [INFO] Created product | Context: {"external_id":1322275,"product_id":80403}
[2026-02-16 19:38:12] [INFO] Created product | Context: {"external_id":1327739,"product_id":80404}
[2026-02-16 19:38:13] [INFO] Created product | Context: {"external_id":1327737,"product_id":80405}
[2026-02-16 19:38:13] [INFO] Batch processed | Context: {"offset":3150,"total":3218}
[2026-02-16 19:38:14] [INFO] Created product | Context: {"external_id":1324057,"product_id":80406}
[2026-02-16 19:38:14] [INFO] Created product | Context: {"external_id":1324219,"product_id":80407}
[2026-02-16 19:38:14] [INFO] Created product | Context: {"external_id":1324059,"product_id":80408}
[2026-02-16 19:38:15] [INFO] Created product | Context: {"external_id":1324049,"product_id":80409}
[2026-02-16 19:38:15] [INFO] Created product | Context: {"external_id":1324220,"product_id":80410}
[2026-02-16 19:38:15] [INFO] Created product | Context: {"external_id":1324035,"product_id":80411}
[2026-02-16 19:38:15] [INFO] Created product | Context: {"external_id":1324218,"product_id":80412}
[2026-02-16 19:38:15] [INFO] Created product | Context: {"external_id":1324217,"product_id":80413}
[2026-02-16 19:38:15] [INFO] Created product | Context: {"external_id":1324058,"product_id":80414}
[2026-02-16 19:38:16] [INFO] Created product | Context: {"external_id":1324034,"product_id":80415}
[2026-02-16 19:38:16] [INFO] Created product | Context: {"external_id":1322281,"product_id":80416}
[2026-02-16 19:38:16] [INFO] Created product | Context: {"external_id":1322273,"product_id":80417}
[2026-02-16 19:38:16] [INFO] Created product | Context: {"external_id":1416793,"product_id":80418}
[2026-02-16 19:38:16] [INFO] Created product | Context: {"external_id":1327851,"product_id":80419}
[2026-02-16 19:38:16] [INFO] Created product | Context: {"external_id":1324056,"product_id":80420}
[2026-02-16 19:38:17] [INFO] Created product | Context: {"external_id":1324051,"product_id":80421}
[2026-02-16 19:38:17] [INFO] Created product | Context: {"external_id":1324033,"product_id":80422}
[2026-02-16 19:38:17] [INFO] Created product | Context: {"external_id":1335205,"product_id":80423}
[2026-02-16 19:38:17] [INFO] Created product | Context: {"external_id":1334915,"product_id":80424}
[2026-02-16 19:38:17] [INFO] Created product | Context: {"external_id":1327736,"product_id":80425}
[2026-02-16 19:38:17] [INFO] Created product | Context: {"external_id":1324214,"product_id":80426}
[2026-02-16 19:38:18] [INFO] Created product | Context: {"external_id":1267655,"product_id":80427}
[2026-02-16 19:38:18] [INFO] Created product | Context: {"external_id":1366042,"product_id":80428}
[2026-02-16 19:38:18] [INFO] Created product | Context: {"external_id":1335209,"product_id":80429}
[2026-02-16 19:38:18] [INFO] Created product | Context: {"external_id":1335204,"product_id":80430}
[2026-02-16 19:38:18] [INFO] Created product | Context: {"external_id":1327738,"product_id":80431}
[2026-02-16 19:38:18] [INFO] Created product | Context: {"external_id":1324213,"product_id":80432}
[2026-02-16 19:38:19] [INFO] Created product | Context: {"external_id":1324050,"product_id":80433}
[2026-02-16 19:38:19] [INFO] Created product | Context: {"external_id":1324048,"product_id":80434}
[2026-02-16 19:38:19] [INFO] Created product | Context: {"external_id":1324032,"product_id":80435}
[2026-02-16 19:38:19] [INFO] Created product | Context: {"external_id":1322407,"product_id":80436}
[2026-02-16 19:38:19] [INFO] Created product | Context: {"external_id":1322274,"product_id":80437}
[2026-02-16 19:38:19] [INFO] Created product | Context: {"external_id":1370740,"product_id":80438}
[2026-02-16 19:38:19] [INFO] Created product | Context: {"external_id":1357405,"product_id":80439}
[2026-02-16 19:38:20] [INFO] Created product | Context: {"external_id":1357387,"product_id":80440}
[2026-02-16 19:38:20] [INFO] Created product | Context: {"external_id":1341267,"product_id":80441}
[2026-02-16 19:38:20] [INFO] Created product | Context: {"external_id":1335202,"product_id":80442}
[2026-02-16 19:38:20] [INFO] Created product | Context: {"external_id":1335201,"product_id":80443}
[2026-02-16 19:38:20] [INFO] Created product | Context: {"external_id":1333972,"product_id":80444}
[2026-02-16 19:38:20] [INFO] Created product | Context: {"external_id":1324216,"product_id":80445}
[2026-02-16 19:38:21] [INFO] Created product | Context: {"external_id":1324215,"product_id":80446}
[2026-02-16 19:38:21] [INFO] Created product | Context: {"external_id":1322397,"product_id":80447}
[2026-02-16 19:38:21] [INFO] Created product | Context: {"external_id":1308019,"product_id":80448}
[2026-02-16 19:38:21] [INFO] Created product | Context: {"external_id":1308018,"product_id":80449}
[2026-02-16 19:38:21] [INFO] Created product | Context: {"external_id":1295907,"product_id":80450}
[2026-02-16 19:38:21] [INFO] Created product | Context: {"external_id":1295445,"product_id":80451}
[2026-02-16 19:38:22] [INFO] Created product | Context: {"external_id":1366041,"product_id":80452}
[2026-02-16 19:38:22] [INFO] Created product | Context: {"external_id":1366040,"product_id":80453}
[2026-02-16 19:38:22] [INFO] Created product | Context: {"external_id":1365993,"product_id":80454}
[2026-02-16 19:38:22] [INFO] Created product | Context: {"external_id":1365965,"product_id":80455}
[2026-02-16 19:38:22] [INFO] Batch processed | Context: {"offset":3200,"total":3218}
[2026-02-16 19:38:25] [INFO] Created product | Context: {"external_id":1365928,"product_id":80456}
[2026-02-16 19:38:25] [INFO] Created product | Context: {"external_id":1365924,"product_id":80457}
[2026-02-16 19:38:26] [INFO] Created product | Context: {"external_id":1357398,"product_id":80458}
[2026-02-16 19:38:26] [INFO] Created product | Context: {"external_id":1357381,"product_id":80459}
[2026-02-16 19:38:26] [INFO] Created product | Context: {"external_id":1341270,"product_id":80460}
[2026-02-16 19:38:26] [INFO] Created product | Context: {"external_id":1341269,"product_id":80461}
[2026-02-16 19:38:26] [INFO] Created product | Context: {"external_id":1341268,"product_id":80462}
[2026-02-16 19:38:26] [INFO] Created product | Context: {"external_id":1341266,"product_id":80463}
[2026-02-16 19:38:27] [INFO] Created product | Context: {"external_id":1335208,"product_id":80464}
[2026-02-16 19:38:27] [INFO] Created product | Context: {"external_id":1335207,"product_id":80465}
[2026-02-16 19:38:27] [INFO] Created product | Context: {"external_id":1335206,"product_id":80466}
[2026-02-16 19:38:27] [INFO] Created product | Context: {"external_id":1335203,"product_id":80467}
[2026-02-16 19:38:27] [INFO] Created product | Context: {"external_id":1327850,"product_id":80468}
[2026-02-16 19:38:28] [INFO] Created product | Context: {"external_id":1327849,"product_id":80469}
[2026-02-16 19:38:29] [INFO] Created product | Context: {"external_id":1324055,"product_id":80470}
[2026-02-16 19:38:29] [INFO] Created product | Context: {"external_id":1322401,"product_id":80471}
[2026-02-16 19:38:29] [INFO] Created product | Context: {"external_id":1286180,"product_id":80472}
[2026-02-16 19:38:29] [INFO] Created product | Context: {"external_id":1286175,"product_id":80473}
[2026-02-16 19:38:29] [INFO] Batch processed | Context: {"offset":3218,"total":3218}
[2026-02-16 19:38:31] [INFO] Products batch complete | Context: {"processed":3218}
[2026-02-16 19:38:34] [INFO] Cleanup batch complete
[2026-02-16 19:38:50] [INFO] Linked alternative products | Context: {"count":2606}
[2026-02-16 19:38:51] [INFO] Resolved alternative product URLs | Context: {"count":2653}
[2026-02-16 19:38:51] [INFO] ========================================
[2026-02-16 19:38:51] [SUCCESS] SYNC SESSION COMPLETED | Context: {"created":3218,"updated":0,"deleted":0,"skipped":0,"errors":0,"duration":597}
[2026-02-16 19:38:51] [INFO] ========================================
